"共有model数","item_name 中文","model_name 中文","目标价","model_image_susercontent","product_link","L2 中文","L3 中文","邀请码","model_id","final_1688_link","price judge","展示日期","item_id","item下最高价","特殊tag","日均销售额","日均单量","asp_tag_by_l1"
"1","【本地发货】Ancel X6 OBD2 汽车扫描仪 专业级 ABS SRS 机油 EPB BMS 重置 全系统 OBD 2 汽车诊断扫描工具","马来西亚版","873.19","https://cf.shopee.com.my/file/04302847b938429ae6db81918e9eb46f","https://MY.xiapibuy.com/product/80678910/2585185304","汽车工具","测试、诊断和维修工具","IVCN2025122214456","5812101293","https://detail.1688.com/offer/602353091134.html?kj_agent_plugin=aliprice&fromkv=xytTrace%3A2146938717679519883543363e1109&token=nXz1JjojA4xlF1XNOw7wDYOhIATxMao6i0gixhZ%2FDxbQGYiVky8lJ7bwiM5XquDS&tracelog=cps&clickid=25508979dabce1412a46ae5d10654f09&targetUrl=https%3A%2F%2Fs.click.1688.com%2Ft%3Fe%3DD2DC7A927D55C03D6511A0CCA913FD65D6FA062685DFF8F7D920A558D1D5758C4B369BE324A83E744B8F19128B0D93E33FB8088B45F57B9E47F28FD2CC0E231B18AD4F779334558760FEF997084D4D5331EB6FC8DBCADED4C6C8CEEEE21320CC4BD39EA2FE12E3B19D7E2E6C949FAC2A3B1F8C665A1D1855CF0213FB9884C4E0AA2C18A08E0782A7348394BC3CC3C62B9992F8828C4BE8924F27C5DEC8D0D0E6581DA2F649593342EE0B2089253EDA6D30244F40E53F68B3157EF15C0F6C2911CCC556CC1B849E985FBD19564FF8E02F86A3DA1C1C6D0FE6ED9B407513EDD03688CDA2B337F34E99B490445FF137CD4E%26cbu_cps_trace_flag%3Dwrite","P1","07-17","5812101293","873.19","","100-300美金","20-40单","高价品"
"1","2026款 Tbox Ultra 3 安卓15.0无线车载安卓适配器,支持触控屏显示、5G视频播放,配备8GB内存和128GB存储空间","8G+128G","811.42","","https://TH.xiapibuy.com/product/1119671837/46909734935","汽车内饰配件","其他的","IVCN202607108470","249223511761","相似款：https://detail.1688.com/offer/1017075723402.html?fromkv=cbuPcPlugin:imageSearchDrawerCard&spm=a2639h.29135425.offerlist.i0&source=action%23offerItem%3Borigin%23shopee.co.th&amug_biz=oneself&amug_fl_src=awakeId_982","P1","07-17","249223511761","811.42","","100-300美金","20-40单","高价品"
"1","SailingTravel Max - 适用于宝马/Deepal S07/Aion 等车型的车载无线AI盒子,支持CarPlay和Android Auto。搭载Android 14.0系统,配备8GB+128GB存储空间、高通骁龙6115处理器和GPS定位功能,让您在车内畅享YouTube、Netflix和TikTok等视频内容。","MAX AI BOX 8+128G","670","https://cf.shopee.co.th/file/cn-11134207-820l4-mhvo6o0cagw8c2","https://TH.xiapibuy.com/product/1617249838/40227000348","汽车内饰配件","导航和AV接收器","IVCN2026051320601","415349250862","https://detail.1688.com/offer/971401435520.html?spm=a26352.b28411319/2508.0.0","P0","07-17","415349250862","670","","300-500美金","20-40单","高价品"
"1","丰田海狮300长头厢式货车,原装Grandlop尾灯,1年保修。","深红色","606","https://cf.shopee.co.th/file/th-11134207-81ztp-me42nsw4vkzm3b","https://TH.xiapibuy.com/product/24591530/41616816462","汽车零部件","其他的","IVCN2026061516429","266388381373","https://detail.1688.com/offer/954275760356.html?fromkv=cbuPcPlugin:imageSearchDrawerCard&spm=a2639h.29135425.offerlist.i1&source=action%23offerItem%3Borigin%23cf.shopee.co.th&amug_biz=oneself&amug_fl_src=awakeId_982","P0","07-17","266388381373","606","","100-300美金","20-40单","高价品"
"1","Diffy 248 OBD2,无需剪线,一套6个,现货‼️（请确认接受包装盒状况后再下单,请勿无理取闹）","Diffy 248 OBD2,无需剪线,一套6个,现货‼️（请确认接受包装盒状况后再下单,请勿无理取闹）","560.13","","https://TH.xiapibuy.com/product/373543273/17474506894","汽车内饰配件","USB充电器、FM和蓝牙发射器","IVCN202512224676","48864197179","https://detail.1688.com/offer/989786641518.html?kj_agent_plugin=aliprice&fromkv=xytTrace:2154647417660415377588340e110d&token=ZyA6SWobts%2FyFv%2F%2FbJfH6aFejjBb5fYDHIl1iQeWG1DsU8Fwo29Rn2RyVxrk5vkj","P1","07-17","48864197179","560.13","","80-100美金","20-40单","高价品"
"1","SailingTravel Ultra 无线 CarPlay 车载 AI 盒子,支持 Android Auto,即插即用,Android 14.0 系统,8+128GB 存储空间,高通 6115 处理器,GPS 定位,让您在车内观看 YouTube、Netflix 和 TikTok 等视频。","Ultra-2 8+128G","556.89","https://cf.shopee.co.th/file/cn-11134207-820l4-mlszvz0ea8lc1f","https://TH.xiapibuy.com/product/1617249838/42367586377","汽车内饰配件","导航和AV接收器","IVCN2026021114975","271448273126","https://detail.1688.com/offer/827396424995.html?spm=a26352.b28411319/2508.0.0","P1","07-17","271448273126","556.89","","300-500美金","20-40单","高价品"
"1","2026 最新款摩托车诊断工具 JDiag M100 PRO 便携式带线缆扫描仪,可帮助读取/清除故障码","2026 最新款摩托车诊断工具 JDiag M100 PRO 便携式带线缆扫描仪,可帮助读取/清除故障码","505.65","","https://BR.xiapibuy.com/product/549384541/17155596914","汽车工具","测试、诊断和维修工具","IVCN2026041035617","154011664158","https://detail.1688.com/offer/892192512371.html?kj_agent_plugin=aliprice&fromkv=xytTrace:2146938717775341443266478e114c&token=7pV2x1eypd3SehbiEyJzMHec5ppsIayaB7Sc4tqIOoafcptHWpZ7hJiQ0YZIpWK2","P1","07-17","154011664158","505.65","","100-300美金","20-40单","高价品"
"1","SailingTravel Ultra 无线 CarPlay 车载 AI 盒子,支持 Android Auto,即插即用,Android 14.0 系统,8+128GB 存储空间,高通 6115 处理器,GPS 定位,让您在车内观看 YouTube、Netflix 和 TikTok 等视频。","Ultra 8+128G","476.28","https://cf.shopee.co.th/file/cn-11134207-820l4-mlq4bba93i883f","https://TH.xiapibuy.com/product/1617249838/42367586377","汽车内饰配件","导航和AV接收器","IVCN2026061516719","271448273124","https://detail.1688.com/offer/863848341824.html?fromkv=cbuPcPlugin:imageSearchDrawerCard&spm=a2639h.29135425.offerlist.i0&source=action%23offerItem%3Borigin%23shopee.co.th&amug_biz=oneself&amug_fl_src=awakeId_982","P1","07-17","271448273124","476.28","","100-300美金","20-40单","高价品"
"1","米其林 235/60R18 PRIMACY SUV+ 全新轮胎,2026 年生产。价格为单条轮胎价格。包含原厂保修和免费气门嘴。18 英寸 SUV+ 轮胎。","1 行","450","","https://TH.xiapibuy.com/product/362572225/47254673922","汽车零部件","轮胎及配件","IVCN2026061519033","330593634253","https://detail.1688.com/offer/664258493564.html?kj_agent_plugin=aliprice&fromkv=xytTrace%3A2154647417743181231805322e11b6&token=ygyNCjOuQMpakJnlnSAMFW9rLcO20VFBLqFf135r6OEhZxKP%2BxuVNLY6Sz5lAkLt","P0","07-17","330593634253","450","","100-300美金","20-40单","高价品"
"1","Carlinkit Carplay AI 盒子 Android Auto 无线 Carplay Dongle Android 13.0 (8+128G) TBOX Carlink 套件 车载电视盒适配器","Carlinkit 黑匣子（8+128G）","426.25","https://cf.shopee.co.th/file/cn-11134207-7ras8-mb7koldxucpt33","https://TH.xiapibuy.com/product/1228919289/26953491451","汽车内饰配件","其他的","IVCN2026061515751","256067283036","https://detail.1688.com/offer/959474139597.html?kj_agent_plugin=aliprice&fromkv=xytTrace:0","P1","07-17","256067283036","426.25","","1000-2000美金","20-40单","高价品"
"1","【熊猫】比亚迪 eMAX 9（2025 年至今）深槽汽车脚垫 TPE 材质脚垫后备箱垫防水耐磨高级款","全套","421.58","https://cf.shopee.ph/file/cn-11134207-820l4-mhpwvd4klj4079","https://PH.xiapibuy.com/product/1667819476/44852402743","汽车内饰配件","地毯和垫子","IVCN2026021118022","425231605228","https://detail.1688.com/offer/972853741445.html?fromkv=cbuPcPlugin:imageSearchDrawerCard&spm=a2639h.29135425.offerlist.i1&source=action%23offerItem%3Borigin%23cf.shopee.ph&amug_biz=oneself&amug_fl_src=awakeId_982","P1","07-17","425231605228","421.58","","80-100美金","20-40单","高价品"
"1","这款带插头的电动汽车充电器兼容市面上大多数纯电动汽车和插电式混合动力电动汽车,以及其他电动汽车。","第 5M 线。","421.54","","https://TH.xiapibuy.com/product/1325316060/27109760183","其他的","","IVCN202605135279","241500600196","https://detail.1688.com/offer/752264782806.html?kj_agent_plugin=aliprice&fromkv=xytTrace%3A0b51056217796822148586379e0c8a&token=UuPhTDKkAhZHTF%2FIREcMltk9jpnRJdh3DfPRadRf4OKa047vj%2Bg%2F%2Bp2SjBQ2XP%2FX&tracelog=cps&clickid=3a196fcf7e838171c7b08afaa06379f9&targetUrl=https%3A%2F%2Fs.click.1688.com%2Ft%3Fe%3DD2DC7A927D55C03D6511A0CCA913FD65D6FA062685DFF8F7D920A558D1D5758C4B369BE324A83E744B8F19128B0D93E33FB8088B45F57B9E47F28FD2CC0E231B18AD4F779334558760FEF997084D4D5331EB6FC8DBCADED4C6C8CEEEE21320CC4BD39EA2FE12E3B19E392492B33CC137D434DABDF5CCE2A0CA98B61C247FB08958472617B2255084348394BC3CC3C62B9992F8828C4BE892B5344B70833A4A95DBCC98ED593DD09B54F6697FB05EFE45C1FF2F966D8C55102D7428F418C68CE4817A3737C169AB167F112A826A8FFB27CBEDF02CCAA97B796083AE1F0E348468414F2D281E9CB7417F83B91B8D1464E3%26cbu_cps_trace_flag%3Dwrite","P1","07-17","241500600196","421.54","","80-100美金","20-40单","高价品"
"1","【熊猫】DENZA D9（2026年至今）深槽汽车脚垫 TPE材质 后备箱垫 地毯 防水耐磨 高级","脚垫+后备箱垫","418.1","https://cf.shopee.ph/file/sg-11134201-82619-mlcymitsikg4e7","https://PH.xiapibuy.com/product/1667819476/49206691240","汽车内饰配件","地毯和垫子","IVCN2026061520233","385599780984","相似款：https://detail.1688.com/offer/818789333038.html?kj_agent_plugin=aliprice&fromkv=xytTrace%3A0b52090217840227493687534e0edb&token=bsR4kqz%2BQf%2Bgej1qh%2Fprn0i8LVhvO1thLTzTDiByR3Y8zPuoTHWirfr7t7VS1QV4&tracelog=cps&clickid=1f75a05089c44f75c873f3eb3ee46b7a&targetUrl=https%3A%2F%2Fs.click.1688.com%2Ft%3Fe%3DD2DC7A927D55C03D6511A0CCA913FD65D6FA062685DFF8F7D920A558D1D5758C4B369BE324A83E744B8F19128B0D93E33FB8088B45F57B9E47F28FD2CC0E231B18AD4F779334558760FEF997084D4D5331EB6FC8DBCADED4C6C8CEEEE21320CC4BD39EA2FE12E3B19E392492B33CC137D434DABDF5CCE2A0CA98B61C247FB08958472617B2255084348394BC3CC3C62B9992F8828C4BE892D5579E046C934565F4C6381F96F71545485CE063560B2D47A17E870D6E1215D4B135FBDA270B7FED6A43F403B8F68BFB92A16C3CF9EA46C83B3933BB576534E8C1E12A4E9F8DA08D1D88B77BD3BDBD2EAD3B5046A4D0EA9F%26cbu_cps_trace_flag%3Dwrite","P0","07-17","385599780984","418.1","","60-80美金","20-40单","高价品"
"1","双向/四向高流量空气悬挂系统歧管电磁阀","四向","407.51","https://cf.shopee.com.my/file/cn-11134207-7r98o-lshvi3oo9mlp4b","https://MY.xiapibuy.com/product/307970416/25100894745","汽车零部件","发动机零件","IVCN202605135957","245023083362","https://detail.1688.com/offer/714874084663.html?kj_agent_plugin=aliprice&fromkv=xytTrace:21360a2e17646465827538576e0c73&token=bMGNLuaWZFwPGWAUV3Ogx%2FoFePsFKQvIY5r5KT4HcVHxmct%2BiTwWe4InOGHUxrvY","P1","07-17","245023083362","407.51","","100-300美金","20-40单","高价品"
"1","【熊猫】吉利 EX5 EM-i（2026 年至今）深槽汽车脚垫 TPE 材质脚垫后备箱垫防水耐磨高级款","脚垫+后备箱垫","393.19","https://cf.shopee.ph/file/cn-11134207-820l4-mm2zqperthcfc3","https://PH.xiapibuy.com/product/1667819476/51207484040","汽车内饰配件","地毯和垫子","IVCN2026041049569","400666959961","相似款：https://detail.1688.com/offer/971645683230.html?kj_agent_plugin=aliprice&fromkv=xytTrace:2146938717660454166048865e0fe0&token=fXt4tamG6WMOg9jl9Wey%2FQ2wmhZmLQb7L3aJMKcAI5rhgaRSDFYlrzXj%2B5gLfoIi","P1","07-17","400666959961","393.19","","100-300美金","20-40单","高价品"
"1","Aurora专利无螺丝RGB灯系列双排越野LED灯条,6/10/20/30/40/50英寸聚光灯条","30英寸 225瓦,1个","376.56","","https://MY.xiapibuy.com/product/867705818/41664030459","汽车零部件","电子","IVCN202605130931","198652818825","相似款：https://detail.1688.com/offer/675238900446.html?spm=a26352.b28411319/2508.0.0","P1","07-17","198652818825","376.56","","80-100美金","20-40单","高价品"
"1","【6件套】特斯拉Model 3 Highland 3D汽车脚垫,TPE材质,防滑、耐磨、加厚、防水、防污。","第六组","376.56","","https://TH.xiapibuy.com/product/203256219/24370211418","汽车内饰配件","地毯和垫子","IVCN2026061510111","168118056393","相似款：https://detail.1688.com/offer/990369166697.html?kj_agent_plugin=aliprice&fromkv=xytTrace:0","P1","07-17","168118056393","376.56","","40-60美金","20-40单","高价品"
"1","✨2026✨ 6英寸摩托车导航仪 双摄像头 64GB CarPlay Android Auto 胎压监测 IPX8防水 磁吸式支架","6英寸+DVR+64G","366.91","https://cf.shopee.co.th/file/cn-11134207-820l4-mlr96e3ps3ydaa","https://TH.xiapibuy.com/product/1477979390/54957133757","汽车内饰配件","导航和AV接收器","IVCN2026071013862","307452117558","相似款：https://detail.1688.com/offer/950934905564.html?kj_agent_plugin=aliprice&fromkv=xytTrace:21360a2e17840222723631142e0f8c&token=4D6Gj%2FgbnImO3dnGpI0%2FDI7v7KXaRAsJnYa1DaOAdmtisWvIeoaZxA2INFvchjcX","P1","07-17","307452117558","366.91","","20-40美金","20-40单","高价品"
"1","适用于2018-2022款Perodua Myvi MK7的动态尾灯,带转向灯。","适用于2018-2022款Perodua Myvi MK7的动态尾灯,带转向灯。","357.89","","https://MY.xiapibuy.com/product/1302909760/28055022378","汽车零部件","电子","IVCN2026051313565","79790918127","相似款：https://detail.1688.com/offer/855060236759.html?kj_agent_plugin=aliprice&fromkv=xytTrace:2108837b17796826734235083e0d15&token=2sUp1nJG49bCotq9iVmCbKGkH8bvpYzrbCE6rldBwEXDe3hAlevpFRbw1IhHsA7U","P1","07-17","79790918127","357.89","","40-60美金","20-40单","高价品"
"1","Ironbar - Dmax 尾灯,2012-2019 款,2026 款式,4 个刹车灯,日间行车灯 (IZU-B-006)","12-19 款式 26,12-19 款式 26 常规","350.92","","https://TH.xiapibuy.com/product/51007600/53854179387","汽车零部件","电子","IVCN2026071014226","282655230270","相似款：https://detail.1688.com/offer/1006027307147.html?fromkv=cbuPcPlugin:imageSearchDrawerCard&spm=a2639h.29135425.offerlist.i0&source=action%23offerItem%3Borigin%23shopee.co.th&amug_biz=oneself&amug_fl_src=awakeId_982","P1","07-17","282655230270","350.92","","40-60美金","20-40单","高价品"
"1","Aurora专利新型超亮4英寸LED圆形工作灯,20W 36V,适用于卡车、拖拉机和越野车。","RGB,2个","348.56","https://cf.shopee.com.my/file/sg-11134201-7rdw6-md06g77i6qkg12","https://MY.xiapibuy.com/product/867705818/43961468480","汽车零部件","电子","IVCN202606157843","108723230719","无同款","P1","07-17","108723230719","348.56","","100-300美金","20-40单","高价品"
"1","适用于 1.6 8v 发动机缸盖,适用于配备新缸盖的新款 Gol、Fox 和 Saveiro 车型。","适用于 1.6 8v 发动机缸盖,适用于配备新缸盖的新款 Gol、Fox 和 Saveiro 车型。","337.94","","https://BR.xiapibuy.com/product/1362613573/53150795750","汽车零部件","发动机零件","IVCN2026041044217","267124193831","相似款：https://detail.1688.com/offer/831349955537.html?kj_agent_plugin=aliprice&fromkv=xytTrace:0","P1","07-17","267124193831","337.94","","300-500美金","20-40单","高价品"
"1","卡车轮胎,帆布型,尺寸 6.50-14、7.00-15、7.50-15、7.00-16、7.50-16、8.25-20,型号 VT102（光滑胎面）,品牌 VEERUBBER。","7.50-16 12PR","335","https://cf.shopee.co.th/file/th-11134207-81ztl-mi2kp41zp43k3d","https://TH.xiapibuy.com/product/1379605147/55102848546","汽车零部件","轮胎及配件","IVCN2026041048403","365275299124","相似款：https://detail.1688.com/offer/899956063686.html?spm=a26352.13672862.offerlist.5.429743e854rV4g&offerId=899956063686&sortType=&pageId=&abBizDataType=cbuOffer&trace_log=normal&uuid=926dc1e6d3aa4a37b5b5f56a3f1b52fd&skuId=5755640760387&forcePC=1773287786295","P0","07-17","365275299124","335","","60-80美金","20-40单","高价品"
"1","皮卡车用的格栅式踏板,带有中央脚踏板。","维戈","332.83","","https://TH.xiapibuy.com/product/166144224/22365828972","汽车内饰配件","其他的","IVCN2026071011170","290711440418","相似款：https://detail.1688.com/offer/1007014327077.html?kj_agent_plugin=aliprice&fromkv=xytTrace:0","P1","07-17","290711440418","332.83","","40-60美金","20-40单","高价品"
"1","电动汽车充电线","7千瓦 5米","329.98","https://cf.shopee.co.th/file/th-11134207-7ra0q-mbj78q9pqkpka8","https://TH.xiapibuy.com/product/1568941/42002085734","汽车外饰配件","其他的","IVCN2026071013310","280170472721","无同款","P1","07-17","280170472721","329.98","","40-60美金","20-40单","高价品"
"1","【ZEST】OMODA C5 EV [2024年至今] 汽车脚垫。高品质、价格实惠的汽车脚垫。厂家直销！","全套","321","https://cf.shopee.co.th/file/cn-11134207-820l4-mmzhyp8euygwfc","https://TH.xiapibuy.com/product/1712816918/52758704062","汽车内饰配件","地毯和垫子","IVCN2026061519373","345772882487","https://detail.1688.com/offer/885746322044.html?kj_agent_plugin=aliprice&fromkv=xytTrace:2154647417840264576616674e0c1c&token=k%2FIyvLhO2GVUc5k%2Bl%2FVhBHPFPQn13CtQyHXPoZIvSFiI09edtU61kNEIjZ7u4anz","P0","07-17","345772882487","321","","40-60美金","20-40单","高价品"
"1","适用于五十铃全新D-MAX的1.9升涡轮增压器,进气口尺寸可选41毫米、42毫米、43毫米和44毫米。三个月防漏油质保。免运费。","1.9 口 41","316.26","https://cf.shopee.co.th/file/th-11134207-7rasc-m2ak69jeuuuc41","https://TH.xiapibuy.com/product/386030210/21240566372","汽车零部件","发动机零件","IVCN2026071011054","192062253667","相似款：https://detail.1688.com/offer/667975957336.html?spm=a26352.b28411319.offerlist.16.3d341e623a2NX9","P1","07-17","192062253667","316.26","","60-80美金","20-40单","高价品"
"1","适用于五十铃D-Max（2026款）的LED尾灯,原厂风格。也适用于2012-2019款车型。价格为一对（4个刹车灯）。","适用于五十铃D-Max（2026款）的LED尾灯,原厂风格。也适用于2012-2019款车型。价格为一对（4个刹车灯）。","314.15","","https://TH.xiapibuy.com/product/943551243/48304241367","汽车外饰配件","其他的","IVCN2026051317709","350400297271","https://detail.1688.com/offer/866354696869.html?kj_agent_plugin=aliprice&fromkv=xytTrace:2146938717796814287414024e0dae&token=ARrxyZu4EeYXiWvPJiwLh7PDysX98jbnr7jBlUYL6k44Utg3t1AGGZksPLa6XHNy","P1","07-17","350400297271","314.15","","100-300美金","20-40单","高价品"
"1","1个通用型直流12V 200 PSI 480℃ 1/4 NPT或3/8 NPT接口汽车空气悬挂泵套件,黑色或银色","1/4银","305.16","https://cf.shopee.com.my/file/cn-11134207-820l4-miph7i4e6olfef","https://MY.xiapibuy.com/product/307970416/12457458048","汽车零部件","减震器、支柱和悬架","IVCN202602112553","96110910775","https://detail.1688.com/offer/968421178988.html?kj_agent_plugin=aliprice&fromkv=xytTrace:0","P1","07-17","96110910775","305.16","","100-300美金","20-40单","高价品"
"1","Inter牌遮蔽胶带,每盒600卷,售价3500泰铢。如需收据,请选择""索取收据""。另有TOA和Louis品牌可供选择（链接已提供）。","Inter glue,快递发货,不提供发票。","287.04","https://cf.shopee.co.th/file/th-11134207-81ztc-mlbv0k4a8bus8d","https://TH.xiapibuy.com/product/219800016/6896539510","其他的","","IVCN2025122216450","148385930470","无同款","P1","07-17","148385930470","287.04","","80-100美金","20-40单","高价品"
"1","BF Goodrich 245/70R16 ADVANTAGE TOURING,全新轮胎,2026年生产。价格为单条轮胎价格。尺寸：245/70R16 TOURING,16英寸轮辋,数量：1条轮胎。","1 行","284.32","","https://TH.xiapibuy.com/product/362572225/46757638964","汽车零部件","轮胎及配件","IVCN2026071012988","415982126763","相似款：https://detail.1688.com/offer/844305636513.html?spm=a26352.13672862.offerlist.9.34fb1e624h2ySD&offerId=844305636513&sortType=&pageId=&abBizDataType=cbuOffer&trace_log=normal&uuid=152a9138275046fd92e6cf6b8bad03ae&skuId=5622525005649&forcePC=1784021221861","P1","07-17","415982126763","284.32","","80-100美金","20-40单","高价品"
"1","通用型1加仑镀铬铝制气罐,无缝抛光工艺,专用于空气悬挂系统、气罐气动配件和气喇叭。","通用型1加仑镀铬铝制气罐,无缝抛光工艺,专用于空气悬挂系统、气罐气动配件和气喇叭。","280.52","","https://MY.xiapibuy.com/product/1062190874/56101835251","汽车零部件","减震器、支柱和悬架","IVCN2026051317650","350169769354","相似款：https://detail.1688.com/offer/1009384773972.html?fromkv=cbuPcPlugin:imageSearchDrawerCard&spm=a2639h.29135425.offerlist.i1&source=action%23offerItem%3Borigin%23shopee.com.my&amug_biz=oneself&amug_fl_src=awakeId_982","P1","07-17","350169769354","280.52","","100-300美金","20-40单","高价品"
"2","适用于2012-2019款D-max的LED尾灯,2024款车型适用,全LED系统,直装式,即插即用。*1对（适用于2012款D-max）*","人参 1 对 - TW 行车灯","278.71","https://cf.shopee.co.th/file/th-11134207-81ztf-mfw3ezpupxjjca","https://TH.xiapibuy.com/product/19110542/40909288121","汽车零部件","电子","IVCN202607108366","281981982904","https://detail.1688.com/offer/754761824523.html?kj_agent_plugin=aliprice&fromkv=xytTrace:2127a84b17840179849702109e0c89&token=6kHUmQgQZmhR%2BxwtBU5BDEopxPgyV1fYeOFa%2FB%2B352pE6toR2ihEE6isZYNW9B4s","P1","07-17","281981982904","278.71","","60-80美金","20-40单","高价品"
"1","✨2026✨REAKO摩托车导航系统 Carplay TPMS 连接手机 防水 6英寸语音助手 高清GPS IPS屏幕 行车记录仪","PND+DVR+TPMS+64G","270.71","https://cf.shopee.com.my/file/cn-11134207-7ras8-m7k8q0z51bs223","https://MY.xiapibuy.com/product/1342787821/28380025566","汽车内饰配件","导航和AV接收器","IVCN2025101414713","147741167231","https://detail.1688.com/offer/892001184166.html?fromkv=cbuPcPlugin:imageSearchDrawerCard&spm=a2639h.29135425.offerlist.i6&source=action%23offerItem%3Borigin%23shopee.com.my&amug_biz=oneself&amug_fl_src=awakeId_982","P1","07-17","147741167231","270.71","","40-60美金","20-40单","高价品"
"2","适用于2012-2019款D-max的LED尾灯,2024款车型适用,全LED系统,直装式,即插即用。*1对（适用于2012款D-max）*","红色（1对）- TW 日间行车灯","268.6","https://cf.shopee.co.th/file/th-11134207-81zto-mfw3ex52jocod2","https://TH.xiapibuy.com/product/19110542/40909288121","汽车零部件","电子","IVCN202607108366","281981982903","https://detail.1688.com/offer/754761824523.html?kj_agent_plugin=aliprice&fromkv=xytTrace:2127a84b17840179849702109e0c89&token=6kHUmQgQZmhR%2BxwtBU5BDEopxPgyV1fYeOFa%2FB%2B352pE6toR2ihEE6isZYNW9B4s","P1","07-17","281981982903","268.6","","60-80美金","20-40单","高价品"
"1","适用于2012-2019款D-max的LED尾灯,2024款车型适用,全LED系统,直装式,即插即用。*1对（适用于2012款D-max）*","一对人参TH灯不亮","267.11","https://cf.shopee.co.th/file/th-11134207-81ztn-mi2lv4uruo0627","https://TH.xiapibuy.com/product/19110542/40909288121","汽车零部件","电子","IVCN2026061520547","400275410231","https://detail.1688.com/offer/855495193299.html?fromkv=cbuPcPlugin:imageSearchDrawerCard&spm=a2639h.29135425.offerlist.i2&source=action%23offerItem%3Borigin%23cf.shopee.co.th&amug_biz=oneself&amug_fl_src=awakeId_982","P1","07-17","400275410231","267.11","","80-100美金","20-40单","高价品"
"1","【曼谷快速发货】JAECOO 5V [2025年至今] 汽车脚垫,防滑、耐磨、易清洁","全套【TPE】","265.8","https://cf.shopee.co.th/file/th-11134207-81ztk-mhlr2m0db7k031","https://TH.xiapibuy.com/product/1245389524/29993027006","汽车内饰配件","地毯和垫子","IVCN2026071012268","292210334204","相似款：https://detail.1688.com/offer/971645683230.html?kj_agent_plugin=aliprice&fromkv=xytTrace:2146938717660454166048865e0fe0&token=fXt4tamG6WMOg9jl9Wey%2FQ2wmhZmLQb7L3aJMKcAI5rhgaRSDFYlrzXj%2B5gLfoIi","P1","07-17","292210334204","265.8","","40-60美金","20-40单","高价品"
"1","适用于川崎 J6 EV 的侧踏板/门槛条,无需钻孔安装（不会损坏车身）,合金材质,承重 150 公斤。YMJR","1 套（2 件）","258.49","https://cf.shopee.co.th/file/sg-11134201-8260v-mjjtoe7ke4uc87","https://TH.xiapibuy.com/product/1272187077/28344052115","汽车外饰配件","门槛板","IVCN2026061520695","405443129622","相似款：https://detail.1688.com/offer/1057670170739.html?kj_agent_plugin=aliprice&fromkv=xytTrace:0","P1","07-17","405443129622","258.49","","100-300美金","20-40单","高价品"
"1","4G车载行车记录仪,可在全球任何地方在线查看。插入SIM卡。4K分辨率。前后摄像头（后置摄像头安装在车内）。","4G车载行车记录仪,可在全球任何地方在线查看。插入SIM卡。4K分辨率。前后摄像头（后置摄像头安装在车内）。","255.4","","https://TH.xiapibuy.com/product/5302637/29620137662","汽车内饰配件","摄像机和停车摄像头","IVCN2026041037167","195625743166","无同款","P1","07-17","195625743166","255.4","","40-60美金","20-40单","高价品"
"1","通用型 52MM S 系列空燃比表,超薄圆形 LED 数字显示屏,带宽带氧传感器,12V","通用型 52MM S 系列空燃比表,超薄圆形 LED 数字显示屏,带宽带氧传感器,12V","254.78","","https://MY.xiapibuy.com/product/307970416/24650224560","汽车内饰配件","抬头显示器、速度表和仪表","IVCN2026031326320","187128132430","https://detail.1688.com/offer/787482035953.html?kj_agent_plugin=aliprice&fromkv=xytTrace:0","P1","07-17","187128132430","254.78","","60-80美金","20-40单","高价品"
"1","100% 加厚吉利 EX2 2024 年至今 TPE+XPE 3D 汽车脚垫环保、无异味、易清洁、防滑。","四件套 - XPE","251.45","https://cf.shopee.co.th/file/th-11134207-81ztf-mo9iomajh8gd59","https://TH.xiapibuy.com/product/1559603089/48607861858","汽车内饰配件","地毯和垫子","IVCN202607109430","400696594361","相似款：https://detail.1688.com/offer/971645683230.html?kj_agent_plugin=aliprice&fromkv=xytTrace:2146938717660454166048865e0fe0&token=fXt4tamG6WMOg9jl9Wey%2FQ2wmhZmLQb7L3aJMKcAI5rhgaRSDFYlrzXj%2B5gLfoIi","P1","07-17","400696594361","251.45","","20-40美金","20-40单","高价品"
"1","【泰国发货】2026款特斯拉Model Y L 3D汽车脚垫 TPE材质 防滑 耐磨 加厚 防水 防污","第 8 组","250","https://cf.shopee.co.th/file/th-11134207-81ztk-mo6pcuc2093702","https://TH.xiapibuy.com/product/203256219/50459186983","汽车内饰配件","地毯和垫子","IVCN2026061521709","445915453074","相似款：https://detail.1688.com/offer/1010543988511.html?kj_agent_plugin=aliprice&fromkv=xytTrace%3A0b0fdc4f17840237074714149e0bf8&token=l8vSMgFQ36ZSVG%2FLJ6DpjfmSX9T8Gv4mOe0q5nTUAScCrucre%2BY8xlo%2FXygNff5O&tracelog=cps&clickid=d608bb951224937fed4fd00e55caed88&targetUrl=https%3A%2F%2Fs.click.1688.com%2Ft%3Fe%3DD2DC7A927D55C03D6511A0CCA913FD65D6FA062685DFF8F7D920A558D1D5758C4B369BE324A83E744B8F19128B0D93E33FB8088B45F57B9E47F28FD2CC0E231B18AD4F779334558760FEF997084D4D5331EB6FC8DBCADED4C6C8CEEEE21320CC4BD39EA2FE12E3B19E392492B33CC137D434DABDF5CCE2A0CA98B61C247FB08958472617B2255084348394BC3CC3C62B9992F8828C4BE89214A7C7BE8DFA06F1ED7B08EFB3BA787206A7CF9F7375243EA3C06E02C229E8D239A35172F4CFA0E5AB971BF4E32E443525D89249C44C4A1A764A53D6A75BF4C7776F65CD9434F6AE3E0FBB36867C08109A46286D9F68CED8%26cbu_cps_trace_flag%3Dwrite","P0","07-17","445915453074","250","","80-100美金","20-40单","高价品"
"1","全新 Ora5 2026 款专用全覆盖定制真皮汽车座椅套。","联合国王街","250","https://cf.shopee.co.th/file/th-11134207-81ztp-mpgi36lxj76432","https://TH.xiapibuy.com/product/64472685/57808241571","汽车内饰配件","座椅及座椅套","IVCN2026071013770","331059397707","https://detail.1688.com/offer/1057457967707.html?kj_agent_plugin=aliprice&fromkv=xytTrace:0","P0","07-17","331059397707","250","","40-60美金","20-40单","高价品"
"1","REAKO 5英寸触摸屏摩托车行车记录仪,支持CarPlay、TPMS双前后摄像头,1080p高清胎压监测","MT001+DVR+32G","249.88","https://cf.shopee.ph/file/cn-11134207-7ras8-m51bf3t4qncm3b","https://PH.xiapibuy.com/product/1477979394/24643240511","汽车内饰配件","导航和AV接收器","IVCN2026031326248","185928484934","相似款：https://detail.1688.com/offer/818314289381.html?fromkv=cbuPcPlugin:imageSearchDrawerCard&spm=a2639h.29135425.offerlist.i2&source=action%23offerItem%3Borigin%23cf.shopee.ph&amug_biz=oneself&amug_fl_src=awakeId_982","P1","07-17","185928484934","249.88","","40-60美金","20-40单","高价品"
"1","适用于2012-2019款五十铃D-Max（新款）的透明尾灯。灯泡不可更换。","适用于2012-2019款五十铃D-Max（新款）的透明尾灯。灯泡不可更换。","248.81","","https://TH.xiapibuy.com/product/1020455722/50255888809","汽车零部件","电子","IVCN2026071012528","315533141441","相似款：https://detail.1688.com/offer/1011805854775.html?fromkv=cbuPcPlugin:imageSearchDrawerCard&spm=a2639h.29135425.offerlist.i4&source=action%23offerItem%3Borigin%23shopee.co.th&amug_biz=oneself&amug_fl_src=awakeId_982","P1","07-17","315533141441","248.81","","40-60美金","20-40单","高价品"
"1","3加仑镀铬气罐,铝制无缝抛光气喇叭,专用于空气悬挂系统气动配件","3加仑镀铬气罐,铝制无缝抛光气喇叭,专用于空气悬挂系统气动配件","246.35","","https://MY.xiapibuy.com/product/1062190874/29370777040","汽车零部件","减震器、支柱和悬架","IVCN2026031327842","218066930887","相似款：https://detail.1688.com/offer/932556224374.html?spm=a26352.b28411319/2508.0.0","P1","07-17","218066930887","246.35","","100-300美金","20-40单","高价品"
"1","正品 VOTOL EM80S (7280S) 电动车控制盒,带调校软件和基本手册。","EM80S + USB 调音线","244.68","https://cf.shopee.co.th/file/th-11134207-7r98t-lz5afw5dxjep75","https://TH.xiapibuy.com/product/232935357/28658305956","汽车零部件","电子","IVCN2026051311013","270400241380","https://detail.1688.com/offer/888960266433.html?kj_agent_plugin=aliprice&fromkv=xytTrace:0bb405a417796827403162101e0c53&token=IiwWWtVGaX7LDRvtWyBCtwjs%2Bl4oSJNvO0aVQlnwXbuduuBXx2JrXXIldg2eGgkS","P1","07-17","270400241380","244.68","","40-60美金","20-40单","高价品"
"1","ALLIANCE 215/45R17 AL40,全新轮胎,2025年生产。价格为单条轮胎价格。包含原厂保修。包含气门嘴。17英寸轮辋,轮胎尺寸为215/45R17 040SP。","215/45R17","242.75","","https://TH.xiapibuy.com/product/362572225/51410783372","汽车零部件","轮胎及配件","IVCN202607109472","335943213608","相似款：https://detail.1688.com/offer/952587974654.html?spm=a26352.13672862.offerlist.7.662e1e62JgcSFW&offerId=952587974654&sortType=&pageId=&abBizDataType=cbuOffer&trace_log=normal&uuid=40d124d04daf4120ae8706ce8ddd3b6e&skuId=5873366537201&forcePC=1784021610044","P1","07-17","335943213608","242.75","","40-60美金","20-40单","高价品"
"1","🔥曼谷现货🔥 12吨液压机,双弹簧配置,重型安装支架,可调节门梁,汽车维修标准设备。","12吨","241.07","https://cf.shopee.co.th/file/sg-11134201-821d0-mh5w7ltm26mma9","https://TH.xiapibuy.com/product/762808305/29706998690","汽车工具","其他的","IVCN2026021112315","233066828797","相似款：https://detail.1688.com/offer/651524004981.html?fromkv=cbuPcPlugin:imageSearchDrawerCard&spm=a2639h.29135425.offerlist.i0&source=action%23offerItem%3Borigin%23cf.shopee.co.th&amug_biz=oneself&amug_fl_src=awakeId_982","P1","07-17","233066828797","241.07","","80-100美金","20-40单","高价品"
"1","适用于日产、丰田、本田、铃木、三菱和马自达等日本汽车的点火线圈测试盒/测试仪。包含多种车型适用的连接器。","适用于日产、丰田、本田、铃木、三菱和马自达等日本汽车的点火线圈测试盒/测试仪。包含多种车型适用的连接器。","239.4","","https://TH.xiapibuy.com/product/443342380/26177820731","汽车零部件","电子","IVCN2026071012158","166997060738","无同款","P1","07-17","166997060738","239.4","","40-60美金","20-40单","高价品"
"1","用于 4 缸喷射式车辆液化石油气安装的橡胶软管套件、管道、加注喷嘴,包括夹具。","用于 4 缸喷射式车辆液化石油气安装的橡胶软管套件、管道、加注喷嘴,包括夹具。","239.1","","https://TH.xiapibuy.com/product/31312012/47707811853","汽车外饰配件","其他的","IVCN2026071013178","390692764143","无同款","P1","07-17","390692764143","239.1","","40-60美金","20-40单","高价品"
"1","适用于2020款Revo（型号2022、2023、2024、2025）的LED尾灯。高品质原厂品质。包含灯泡,安装简便。一对。*TH","白色大灯+ABS维修*309","236.91","https://cf.shopee.co.th/file/th-11134207-81ztj-mi5rg800hk3rf8","https://TH.xiapibuy.com/product/19110542/47203013402","汽车零部件","电子","IVCN2026051317695","350288765751","https://detail.1688.com/offer/906227889002.html?kj_agent_plugin=aliprice&fromkv=xytTrace:213f867c17796889684761147e0f11&token=1zK4VS1tbJgk7mUlkK5z7nBDHeC20vg4qzLkeCXQJuhGlk5%2BtsFj%2F3auznuyHnzN","P1","07-17","350288765751","236.91","","60-80美金","20-40单","高价品"
"1","适用于2020款Revo（型号3、2022、2023、2024）的LED尾灯。原厂品质。包含灯泡（一对）。*TW*","红色 + ABS 修复 - 1 对 * 85","236.91","https://cf.shopee.co.th/file/th-11134207-7ras9-m37ac0mksk13d2","https://TH.xiapibuy.com/product/19110542/13644084073","汽车零部件","电子","IVCN2026061513943","233530624012","相似款：https://detail.1688.com/offer/927513520005.html?kj_agent_plugin=aliprice&fromkv=xytTrace:2108837b17816012143896658e0d17&token=WCUj1wYF0mdl7IF6tcf78v0Okx2LzYubesXpV6fSfRrqOyix591B84H03XYDhHpX","P1","07-17","233530624012","236.91","","20-40美金","20-40单","高价品"
"1","Puya柴油喷油器拔出工具套装,省力拔出套件,带收纳盒,适用于发动机。","1 件","234.37","https://cf.shopee.co.th/file/cn-11134207-820l4-mf9291dzlk3ybd","https://TH.xiapibuy.com/product/1458755376/44156440835","汽车工具","测试、诊断和维修工具","IVCN2025111475337","265540378287","相似款：https://detail.1688.com/offer/823791243631.html?kj_agent_plugin=aliprice&fromkv=xytTrace:21360a2e17652515515105010e0d7d&token=fxHHRhD%2B3JAMfLoX4TsOTvccFtBVPAf4gE6WwdeXAIwx68WKdXIDeaXYzZdZdtPY","P1","07-17","265540378287","234.37","","40-60美金","20-40单","高价品"
"1","【熊猫】Proton e.MAS 7 PHEV【2026年至今】汽车脚垫,TPE材质,加厚耐磨,无异味","地垫","230","https://cf.shopee.com.my/file/cn-11134207-820l4-mmzu05h6mi9v5c","https://MY.xiapibuy.com/product/1550472210/49358739395","汽车内饰配件","地毯和垫子","IVCN202607109868","277532347319","https://detail.1688.com/offer/996844543634.html?kj_agent_plugin=aliprice&fromkv=xytTrace:2127a84b17840228806191071e0e59&token=7YcUhng1566Yg5CC4LAPpbeWRoWd%2Fbf2kj2tqoMeXrkBDgW3v0pPCBHhxqyZT7gJ","P0","07-17","277532347319","230","","40-60美金","20-40单","高价品"
"1","Revo LED尾灯,带数字3标识,高品质做工,含灯泡。适用于2015-2024年所有Revo车型。*1对（TH）*","黑红配色 + ABS 维修 *86","226.67","https://cf.shopee.co.th/file/th-11134207-7r992-lwpap6a4rcgff9","https://TH.xiapibuy.com/product/991063848/28153203766","汽车零部件","电子","IVCN2026071013800","108386132354","https://detail.1688.com/offer/927513520005.html?kj_agent_plugin=aliprice&fromkv=xytTrace:2133d7d417840228876826854e0d79&token=WCUj1wYF0mdl7IF6tcf78vGrFD7brpN%2Fjvmp4NMBvChjUbHlsVCg33KYJS0qOZwI","P1","07-17","108386132354","226.67","","40-60美金","20-40单","高价品"
"1","12+128GB 安卓播放器,安卓 15 系统,7/9/10 英寸安卓车载播放器,车载多媒体 MP5 播放器,安卓车载 Myvi","10英寸双风扇","225.56","https://cf.shopee.com.my/file/cn-11134207-7ras8-mav29j1e31ad39","https://MY.xiapibuy.com/product/1338941310/26979416435","汽车内饰配件","导航和AV接收器","IVCN202607107622","258512979793","相似款：https://detail.1688.com/offer/739034884272.html?kj_agent_plugin=aliprice&fromkv=xytTrace%3A0&tracelog=cps&clickid=454d7482c2feec4c24b16b16d0915600&targetUrl=https%3A%2F%2Fs.click.1688.com%2Ft%3Fe%3DD2DC7A927D55C03D6511A0CCA913FD65D6FA062685DFF8F7D920A558D1D5758C4B369BE324A83E744B8F19128B0D93E33FB8088B45F57B9E47F28FD2CC0E231B18AD4F779334558760FEF997084D4D5331EB6FC8DBCADED4C6C8CEEEE21320CC4BD39EA2FE12E3B1C3CA03FD3591C5CFDA01C516D13ED3B6E239A603251C21F1AE9F4C719D77BA64348394BC3CC3C62B9992F8828C4BE89278AC8BB30F8EA5DE85C7CA74C89C0D880899116F2985449A544628B30529F758F76600D3CB67D5719279BE5AA7A4BC5B2E216C64D879D144EDE1429915A5690C41CFD3913CC17847B540A1D1C1F8702BB68336B2C1E5E5A0%26cbu_cps_trace_flag%3Dwrite","P1","07-17","258512979793","225.56","","40-60美金","20-40单","高价品"
"1","Triton 和 Pajero 柴油车型的节气门体：TRITON 4D56U,TRITON MIVEC 4N15。","Triton 和 Pajero 柴油车型的节气门体：TRITON 4D56U,TRITON MIVEC 4N15。","225","","https://TH.xiapibuy.com/product/170123918/2713701273","汽车零部件","发动机零件","IVCN2026051314543","90078964408","相似款：https://detail.1688.com/offer/998200453903.html?fromkv=cbuPcPlugin:imageSearchDrawerCard&spm=a2639h.29135425.offerlist.i4&source=action%23offerItem%3Borigin%23shopee.co.th&amug_biz=oneself&amug_fl_src=awakeId_982","P0","07-17","90078964408","225","","40-60美金","20-40单","高价品"
"1","后备箱顶部面板,后排座椅增高垫,可折叠放平,专为卡罗拉Cross设计。","厚的","217.7","https://cf.shopee.co.th/file/th-11134207-81zth-mmln1k3ywmj3ac","https://TH.xiapibuy.com/product/250591477/25200699487","汽车内饰配件","收纳盒和隔层","IVCN2026071011412","395580788772","无同款","P1","07-17","395580788772","217.7","","40-60美金","20-40单","高价品"
"1","4个1490701-01-B胎压监测传感器,轮胎压力传感器1490701-00-B,适用于2020-2024款3SY车型","4个1490701-01-B胎压监测传感器,轮胎压力传感器1490701-00-B,适用于2020-2024款3SY车型","215.43","","https://TH.xiapibuy.com/product/182107220/48551261332","汽车工具","轮胎压力检测器","IVCN2026051315909","310112361564","https://detail.1688.com/offer/911218828458.html?kj_agent_plugin=aliprice&fromkv=xytTrace:0","P1","07-17","310112361564","215.43","","40-60美金","20-40单","高价品"
"1","7英寸AHD车载行车记录仪,带车载4通道同屏视频显示,用于盲点警告","主机+2个摄像头","211.25","https://cf.shopee.com.my/file/cn-11134207-820l4-mncnignv1ts293","https://MY.xiapibuy.com/product/1118426110/53109303135","汽车内饰配件","摄像机和停车摄像头","IVCN202607108024","420823011765","无同款","P1","07-17","420823011765","211.25","","20-40美金","20-40单","高价品"
"1","Sanden 508 空调压缩机,同等保修,2 个槽,螺纹,纸质 O 型圈,12-24V (JT) 汽车空调压缩机,使用 R134a 制冷剂,508 压缩机。","纸,12V 1203A 灯。","206.69","https://cf.shopee.co.th/file/b15ba19f6587e9a0d872d2f1760b6cca","https://TH.xiapibuy.com/product/155395522/3150930429","汽车零部件","散热器、发动机冷却和气候控制","IVCN2026041034185","94565145916","https://detail.1688.com/offer/877437169459.html?kj_agent_plugin=aliprice&fromkv=xytTrace:2133d7d417645778376724982e0c59&token=ENMzfNawfASwtdQTctHHIiiaDsfAfTwMr4HDkAwnmWqoLFLvEIg839BFZoDYFusf","P1","07-17","94565145916","206.69","","40-60美金","20-40单","高价品"
"1","适用于MG4 EV（2023年至今）的汽车脚垫。100%完美贴合。采用防水防滑TPE材质,厚实柔软,完美贴合整车。现货供应。","车内脚垫 + 后备箱托盘","204.37","https://cf.shopee.co.th/file/th-11134207-81ztq-mj547wy3q3nq71","https://TH.xiapibuy.com/product/1675341543/49503811535","汽车内饰配件","地毯和垫子","IVCN2026061521509","440360064091","https://detail.1688.com/offer/815566096120.html?kj_agent_plugin=aliprice&fromkv=xytTrace%3A2132815517840233083547843e0d01&token=FR44EexsHHxMQBMvle6Xzq0JDcewAjgaNABwn5vGzT4JRhkIPjDKmrvAlgPvVtSE&tracelog=cps&clickid=ecc3ff5797d1b001e4589347bd9a2541&targetUrl=https%3A%2F%2Fs.click.1688.com%2Ft%3Fe%3DD2DC7A927D55C03D6511A0CCA913FD65D6FA062685DFF8F7D920A558D1D5758C4B369BE324A83E744B8F19128B0D93E33FB8088B45F57B9E47F28FD2CC0E231B18AD4F779334558760FEF997084D4D5331EB6FC8DBCADED4C6C8CEEEE21320CC4BD39EA2FE12E3B19E392492B33CC137D434DABDF5CCE2A0CA98B61C247FB08958472617B2255084348394BC3CC3C62B9992F8828C4BE89247446A0E1E01A815835F53CDAD085EEED250B39FF76EB3DABCEF12C9D1D359DBB135FBDA270B7FED6A43F403B8F68BFBE39F2606E1466F76898115A44A5EBB6FECBDF455F65B178BD52FF25F118A89B3D0D6283726C8734F%26cbu_cps_trace_flag%3Dwrite","P1","07-17","440360064091","204.37","","20-40美金","20-40单","高价品"
"1","MP48 燃气 ECU / OMVl MP48 燃气套件","MP48 四缸燃气套件。","201.48","https://cf.shopee.co.th/file/th-11134207-7rasd-m24mgvvopgba15","https://TH.xiapibuy.com/product/56543692/5013310742","汽车外饰配件","其他的","IVCN2026041041111","241939858966","相似款：https://detail.1688.com/offer/945370200679.html?kj_agent_plugin=aliprice&fromkv=xytTrace:0bab14ad17773668758683140e0d84&token=rJCxIuerrL%2B4ehv4E45kdWLcm%2Fntm5MZU%2BDm55WC8Zi1K5IHyypU9OFxMrVroNt9","P1","07-17","241939858966","201.48","","20-40美金","20-40单","高价品"
"1","【橡胶模具】卡车 10.00-20 后轮胎,带胎纹,洛布里模具厂,高品质。","【橡胶模具】卡车 10.00-20 后轮胎,带胎纹,洛布里模具厂,高品质。","201.27","","https://TH.xiapibuy.com/product/362030908/40231500218","汽车零部件","轮胎及配件","IVCN2026071013722","316021878689","相似款：https://detail.1688.com/offer/670427337021.html?spm=a26352.13672862.offerlist.1.46791e62FAT81b&cosite=-&tracelog=p4p&_p_isad=1&clickid=2a1bcc106dd14a92902b1931c2bbf4f1&sessionid=aa9fb102d6d7afff859bfd3a62bd6c2b","P1","07-17","316021878689","201.27","","100-300美金","20-40单","高价品"
"1","轮辋,尺寸 22.5x8.25,8 孔型,代码 MS-KC04 (14 毫米),白色包装。","轮辋,尺寸 22.5x8.25,8 孔型,代码 MS-KC04 (14 毫米),白色包装。","201.26","","https://TH.xiapibuy.com/product/1379605147/41774709809","汽车零部件","轮胎及配件","IVCN202605133467","224581715581","无同款","P1","07-17","224581715581","201.26","","20-40美金","20-40单","高价品"
"2","吉利 EX2 2025 年至今汽车脚垫,TPE/XPE 3D,耐磨,环保,无异味,易于清洁。","全套-TPE","200.96","https://cf.shopee.co.th/file/th-11134207-81ztl-mo9ez3v1na4u27","https://TH.xiapibuy.com/product/1557844047/45257811238","汽车内饰配件","地毯和垫子","IVCN2026061519819","380924728966","相似款：https://detail.1688.com/offer/971645683230.html?kj_agent_plugin=aliprice&fromkv=xytTrace:2146938717660454166048865e0fe0&token=fXt4tamG6WMOg9jl9Wey%2FQ2wmhZmLQb7L3aJMKcAI5rhgaRSDFYlrzXj%2B5gLfoIi","P1","07-17","380924728966","200.96","","40-60美金","20-40单","高价品"
"1","100% 加厚吉利 EX2 2024 年至今 TPE+XPE 3D 汽车脚垫环保、无异味、易清洁、防滑。","四件套 - TPE","200.53","https://cf.shopee.co.th/file/th-11134207-81ztj-mo9f6jw56ln264","https://TH.xiapibuy.com/product/1559603089/48607861858","汽车内饰配件","地毯和垫子","IVCN2026061518237","302619297333","相似款：https://detail.1688.com/offer/971645683230.html?kj_agent_plugin=aliprice&fromkv=xytTrace:2146938717660454166048865e0fe0&token=fXt4tamG6WMOg9jl9Wey%2FQ2wmhZmLQb7L3aJMKcAI5rhgaRSDFYlrzXj%2B5gLfoIi","P1","07-17","302619297333","200.53","","40-60美金","20-40单","高价品"
"1","Smartlink Carbitlink EasyConnection 适用于无线 CarPlay Proton saga lriz X50 X70 S70 Perodua Ativa Axia Myvi Aruz Alza","Smartlink Carbitlink EasyConnection 适用于无线 CarPlay Proton saga lriz X50 X70 S70 Perodua Ativa Axia Myvi Aruz Alza","200.42","","https://MY.xiapibuy.com/product/359757982/29418060638","汽车内饰配件","导航和AV接收器","IVCN2026071011736","148892008512","相似款：https://detail.1688.com/offer/912180341401.html?fromkv=cbuPcPlugin:imageSearchDrawerCard&spm=a2639h.29135425.offerlist.i4&source=action%23offerItem%3Borigin%23shopee.com.my&amug_biz=oneself&amug_fl_src=awakeId_982","P1","07-17","148892008512","200.42","","20-40美金","20-40单","高价品"
"1","正品 VOTOL EM50S 电动车控制盒 (7255),带调校程序和基本手册。","EM50S + USB调音线","198.82","https://cf.shopee.co.th/file/th-11134207-7r98r-llzvpp040yha44","https://TH.xiapibuy.com/product/232935357/22881260444","汽车零部件","电子","IVCN2026051313514","290400199921","相似款：https://detail.1688.com/offer/744449509817.html?spm=a26352.b28411319/2508.0.0","P1","07-17","290400199921","198.82","","20-40美金","20-40单","高价品"
"1","二合一真空泵 新一代,适用于空气/汽车空调的抽真空和抽气","使用轮子（80% 用户）","196.86","https://cf.shopee.ph/file/ph-11134207-7rase-mas4k4zobkhd1b","https://PH.xiapibuy.com/product/712486554/24519214776","汽车工具","其他的","IVCN2026031328066","222603429467","https://detail.1688.com/offer/669419287051.html","P1","07-17","222603429467","196.86","","20-40美金","20-40单","高价品"
"1","通用型双门电动车窗改装套件,直流12V电动车窗升降器,无噪音","电动车窗套件","195","https://cf.shopee.ph/file/sg-11134201-7rdwx-lxgwujrrqr1c45","https://PH.xiapibuy.com/product/1208009942/27454806223","汽车零部件","电子","IVCN202605137601","251161479320","https://detail.1688.com/offer/528949070888.html?fromkv=cbuPcPlugin:imageSearchDrawerCard&spm=a2639h.29135425.offerlist.i0&source=action%23offerItem%3Borigin%23shopee.ph&amug_biz=oneself&amug_fl_src=awakeId_982","P0","07-17","251161479320","195","","100-300美金","20-40单","高价品"
"1","适用于五十铃 D-Max 2012-2019 的 LED 尾灯,设计 2026,带线束,无需改装（有缺陷的商品）。","适用于五十铃 D-Max 2012-2019 的 LED 尾灯,设计 2026,带线束,无需改装（有缺陷的商品）。","194.94","","https://TH.xiapibuy.com/product/75588339/56654769300","汽车外饰配件","其他的","IVCN2026041049755","410442436373","相似款：https://detail.1688.com/offer/866354696869.html?kj_agent_plugin=aliprice&fromkv=xytTrace:0","P1","07-17","410442436373","194.94","","40-60美金","20-40单","高价品"
"1","适用于三菱帕杰罗运动版/蒙特罗运动版 2009-2015 的 LED 保险杠灯 - 多功能（行车灯 + 刹车灯 + 转向灯 + 倒车灯）","适用于三菱帕杰罗运动版/蒙特罗运动版 2009-2015 的 LED 保险杠灯 - 多功能（行车灯 + 刹车灯 + 转向灯 + 倒车灯）","194.82","","https://PH.xiapibuy.com/product/172003838/29870469867","汽车零部件","电子","IVCN2026071010662","168598271156","https://detail.1688.com/offer/758425766815.html?kj_agent_plugin=aliprice&fromkv=xytTrace%3A0bf89a7417840164474984819e0c34&token=jGC67nr%2FfiouhQ0SErxbUEZd8d97V7jWhpgmFZo%2BeQmcKReedLNYrtaTKmKa7JBV&tracelog=cps&clickid=34d21292c51f8a146de14a14ad53abf5&targetUrl=https%3A%2F%2Fs.click.1688.com%2Ft%3Fe%3DD2DC7A927D55C03D6511A0CCA913FD65D6FA062685DFF8F7D920A558D1D5758C4B369BE324A83E744B8F19128B0D93E33FB8088B45F57B9E47F28FD2CC0E231B18AD4F779334558760FEF997084D4D5331EB6FC8DBCADED4C6C8CEEEE21320CC4BD39EA2FE12E3B19E392492B33CC137D434DABDF5CCE2A0CA98B61C247FB08958472617B2255084348394BC3CC3C62B9992F8828C4BE89200536E3CAB64F20C2255454095007D39F8548ADEBF69920CDEB9D614BF633D6455B9FC940B89F77D0610B9AE970752EAC519BAC7BE920AE58EF436BCF46B403A9549BE0B32E66108754010C41AE302EFDED53ED341E366FA%26cbu_cps_trace_flag%3Dwrite","P1","07-17","168598271156","194.82","","20-40美金","20-40单","高价品"
"1","TOY CarPlay AI Box 6+64G,安卓 CarPlay 盒子,AI CarPlay 盒子,无线 CarPlay,苹果 CarPlay 适配器","Carplay AI Box6-64G💖","194.79","https://cf.shopee.co.th/file/th-11134207-81ztg-mmk7nwa3p81tfb","https://TH.xiapibuy.com/product/1599361888/51958118355","汽车内饰配件","导航和AV接收器","IVCN2026051316525","320721681272","相似款：https://detail.1688.com/offer/863340367355.html?spm=a26352.b28411319/2508.0.0","P1","07-17","320721681272","194.79","","20-40美金","20-40单","高价品"
"1","三菱 Xpander / Xpander Cross 2018 至 2026 原厂/优质深凹式脚垫,泰国品质","9D OEM 带延长件","192.01","https://cf.shopee.ph/file/sg-11134201-823pr-mp8q5houd9n310","https://PH.xiapibuy.com/product/155977260/2744337447","汽车内饰配件","地毯和垫子","IVCN2026061511481","195258232737","相似款：https://detail.1688.com/offer/992375012853.html?kj_agent_plugin=aliprice&fromkv=xytTrace:1","P1","07-17","195258232737","192.01","","100-300美金","20-40单","高价品"
"1","8+64GB AI盒子 CarPlay 安卓13 无线CarPlay 安卓车载系统 4K YouTube Netflix HDMI车载适配器","Carplay AI 盒子 8+64G","191.7","https://cf.shopee.co.th/file/th-11134207-81ztq-mot2f58o11xda5","https://TH.xiapibuy.com/product/1241990552/40081279652","汽车内饰配件","其他的","IVCN2026061519743","360985483219","相似款：https://detail.1688.com/offer/863781434734.html?fromkv=cbuPcPlugin:imageSearchDrawerCard&spm=a2639h.29135425.offerlist.i0&source=action%23offerItem%3Borigin%23cf.shopee.co.th&amug_biz=oneself&amug_fl_src=awakeId_982","P1","07-17","360985483219","191.7","","100-300美金","20-40单","高价品"
"1","特价！！汽车空调泄漏测试套装（黑色包装） - 适用于亚洲和欧洲车型。高品质零件,纯黄铜材质。","特价！！汽车空调泄漏测试套装（黑色包装） - 适用于亚洲和欧洲车型。高品质零件,纯黄铜材质。","191.4","","https://TH.xiapibuy.com/product/461809485/22747556699","汽车零部件","散热器、发动机冷却和气候控制","IVCN2026051323007","175976810916","相似款：https://detail.1688.com/offer/568190102016.html?kj_agent_plugin=aliprice&fromkv=xytTrace:0","P1","07-17","175976810916","191.4","","60-80美金","20-40单","高价品"
"1","Ora 5 座套采用透气纳帕皮革制成,不遮挡通风口,耐刮擦,且易于自行安装。汽车配件。","灰色 ★ 5 个座位​​,ora5","191.08","https://cf.shopee.co.th/file/sg-11134201-81zvr-mn1h1ar1fqbs64","https://TH.xiapibuy.com/product/1738000430/47008829631","汽车内饰配件","座椅及座椅套","IVCN202607107428","355782729392","相似款：https://detail.1688.com/offer/1024101317275.html?fromkv=cbuPcPlugin:imageSearchDrawerCard&spm=a2639h.29135425.offerlist.i2&source=action%23offerItem%3Borigin%23cf.shopee.co.th&amug_biz=oneself&amug_fl_src=awakeId_982","P1","07-17","355782729392","191.08","","40-60美金","20-40单","高价品"
"1","适用于2024款五十铃D-MAX高底盘皮卡的带日间行车灯（DRL）的前大灯罩。价格为一套的价格。","适用于2024款五十铃D-MAX高底盘皮卡的带日间行车灯（DRL）的前大灯罩。价格为一套的价格。","190.27","","https://TH.xiapibuy.com/product/943551243/28452157932","汽车外饰配件","其他的","IVCN2026051317121","118377664206","https://detail.1688.com/offer/1036254458303.html?fromkv=cbuPcPlugin:imageSearchDrawerCard&spm=a2639h.29135425.offerlist.i1&source=action%23offerItem%3Borigin%23shopee.co.th&amug_biz=oneself&amug_fl_src=awakeId_982","P1","07-17","118377664206","190.27","","40-60美金","20-40单","高价品"
"1","旋耕机轴、动力输出轴、T6 型旋转轴、久保田和洋马发动机用旋转轴,30.2 x 92 毫米锻钢联轴器。","旋耕机轴、动力输出轴、T6 型旋转轴、久保田和洋马发动机用旋转轴,30.2 x 92 毫米锻钢联轴器。","190.19","","https://TH.xiapibuy.com/product/61540254/29036927144","汽车外饰配件","其他的","IVCN2026051312300","280179107120","相似款：https://detail.1688.com/offer/732042686553.html?kj_agent_plugin=aliprice&fromkv=xytTrace:0","P1","07-17","280179107120","190.19","","100-300美金","20-40单","高价品"
"1","➡️**1条**195 55 15 GT RADIAL GTX PRO轮胎,规格包括185/55-15、195/55-15、215/45-17、235/40-18、205/50-16、205/45-16","195/55R15GTXpro2(Y25,Gt 径向","190","","https://MY.xiapibuy.com/product/252967615/12005182729","汽车零部件","轮胎及配件","IVCN2026031323974","121465816462","相似款：https://detail.1688.com/offer/736713445195.html?kj_agent_plugin=aliprice&fromkv=xytTrace:2133d7d417647529997455633e0f0e&token=O8XHEtWPdT2GZE4nzNr2vHtmIkqJ%2FKiSzltCFSVbMSOyEKdgVWZBuz6rccT5JBk0","P0","07-17","121465816462","190","","40-60美金","20-40单","高价品"
"1","Carlinkit Carplay AI 盒子 Android Auto 无线 Carplay Dongle Android 13.0 (8+128G) TBOX Carlink 套件 车载电视盒适配器","Carlinkit TBox（4+32G）","188.33","https://cf.shopee.co.th/file/cn-11134207-7ras8-mbhji8k96d71f2","https://TH.xiapibuy.com/product/1228919289/26953491451","汽车内饰配件","其他的","IVCN202508283214","256067283035","https://detail.1688.com/offer/777811478812.html?kj_agent_plugin=aliprice&fromkv=xytTrace:212b5ecd17563668191513837e0c66&token=WuJNpbua%2Fn5GGX7g5ZiU%2BTIpC4qlg5rI1TJM96RqL9EX1vmUrDgGrRgAPOPQmDHD","P1","07-17","256067283035","188.33","","300-500美金","20-40单","高价品"
"1","FirstCloud P85 4G LTE 智能行车记录仪,搭载 Linux 操作系统 | 双摄像头,前置 2K,后置 720P,支持 WiFi、双向语音通话、重力感应器和停车监控","黑色的","186.62","https://cf.shopee.vn/file/cn-11134207-820l4-mg1q8hc3pu6lfe","https://VN.xiapibuy.com/product/1002598819/55403932131","汽车零部件","电子","IVCN202606157269","89906003689","https://detail.1688.com/offer/896198854592.html?spm=a26352.b28411319/2508.0.0","P1","07-17","89906003689","186.62","","40-60美金","20-40单","高价品"
"1","【本地现货】KESS V2 V2.80 V5.017 无限在线 欧版 红色 KTAG V2.25 V7.020 4 LED 主控 OBD2 汽车卡车 ECU 芯片调校编程器工具","KESS V5.017","182.86","https://cf.shopee.co.th/file/cn-11134207-7ras8-m9lgwtp3y49p09","https://TH.xiapibuy.com/product/1024038807/23075436555","汽车工具","测试、诊断和维修工具","IVCN2025111457394","79683261306","https://detail.1688.com/offer/986063416507.html?fromkv=cbuPcPlugin:imageSearchDrawerCard&spm=a2639h.29135425.offerlist.i0&source=action%23offerItem%3Borigin%23cf.shopee.co.th&amug_biz=oneself&amug_fl_src=awakeId_982","P1","07-17","79683261306","182.86","","40-60美金","20-40单","高价品"
"4","RYDANZ REAC R05 轮圈 13/14/15/16 无内胎轮胎 (165/65 R13, 175/70 R13, 185/70 R13, 175/65 R14 DOT 2025-26)","205/65 R15 REAC R05","182.54","https://cf.shopee.ph/file/ph-11134207-820lh-mpkdv1uwf9xn03","https://PH.xiapibuy.com/product/270753220/25413681583","汽车零部件","轮胎及配件","IVCN202607109252","401071159186","相似款：https://detail.1688.com/offer/1013414842399.html?spm=a26352.b28411319/2508.0.0","P1","07-17","401071159186","182.54","","20-40美金","20-40单","高价品"
"1","SANTINO 【5年质保】应急启动电源,带快速充电功能,150Psi,适用于汽车应急启动器和汽车充电线","启动【SUIT-4】","182.27","https://cf.shopee.com.my/file/my-11134207-7rasl-makoef1k4r6y38","https://MY.xiapibuy.com/product/539857789/27428577273","汽车保养","轮胎及轮毂保养","IVCN2025122213720","295260215510","相似款：lina.lianghttps://detail.1688.com/offer/796056548525.html?kj_agent_plugin=aliprice&fromkv=xytTrace:2127a84b17678678384976935e0f93&token=jyRukynTgU3dFhx37C0rlKfB3MyQiZISMRRwGcXm0R%2B13LaudiBbxCU8Zl2DIuIshttps://detail.1688.com/offer/832998189547.html?kj_agent_plugin=aliprice&fromkv=xytTrace:2127a84b17678678209808109e107a&token=uQ6siFS2mld702B%2BKo2QyLA%2Fv1tDnOTNkjs%2BGQkyS5GDUCPjAFOvxLPkUUjAqv8t","P1","07-17","295260215510","182.27","","20-40美金","20-40单","高价品"
"1","新款特斯拉Model Y/3车载床垫无需充气,专为后备箱/后排座椅设计。它是一款模块化露营床和睡眠辅助用品。","3岁免充气气垫床,[分体式]可伸缩+收纳","180.49","https://cf.shopee.co.th/file/sg-11134201-824jf-mpyhrz3iunf197","https://TH.xiapibuy.com/product/1413702209/43058227069","汽车内饰配件","汽车床垫","IVCN2026031331624","295693855974","相似款：https://detail.1688.com/offer/980781122620.html?fromkv=cbuPcPlugin:imageSearchDrawerCard&spm=a2639h.29135425.offerlist.i0&source=action%23offerItem%3Borigin%23cf.shopee.co.th&amug_biz=oneself&amug_fl_src=awakeId_982","P1","07-17","295693855974","180.49","","40-60美金","20-40单","高价品"
"1","适用于五十铃 D-MAX/MU7 2012-2015 的 DMAX 前大灯总成（左/右侧）（不含灯泡和线束）","一对","180.01","https://cf.shopee.co.th/file/cn-11134207-7r98o-llovqbrb0uzof9","https://TH.xiapibuy.com/product/881956185/21993131925","汽车零部件","电子","IVCN202605130297","194583640112","https://detail.1688.com/offer/705548614954.html?fromkv=cbuPcPlugin:imageSearchDrawerCard&spm=a2639h.29135425.offerlist.i2&source=action%23offerItem%3Borigin%23cf.shopee.co.th&amug_biz=oneself&amug_fl_src=awakeId_982","P1","07-17","194583640112","180.01","","100-300美金","20-40单","高价品"
"1","适用于现代 i SVX Starex 1997-2003 款第一代车型的头灯总成","左和右","179.21","https://cf.shopee.ph/file/sg-11134201-7rdyd-mcqhrkjjcioj52","https://PH.xiapibuy.com/product/1009085387/41910671297","汽车零部件","电子","IVCN202607109064","290896713800","相似款：https://detail.1688.com/offer/1030961570782.html?kj_agent_plugin=aliprice&fromkv=xytTrace:0","P1","07-17","290896713800","179.21","","20-40美金","20-40单","高价品"
"1","8+64G 无线 CarPlay AI 盒子 Carplay 车载 AI 盒子 安卓视频有线转无线 CarPlay 适配器","6+64GB AIBOX","178.06","https://cf.shopee.co.th/file/th-11134207-81ztp-mo3r1rj1pngmee","https://TH.xiapibuy.com/product/1230202339/50752863026","汽车内饰配件","导航和AV接收器","IVCN2026071014338","206390258107","无同款","P1","07-17","206390258107","178.06","","20-40美金","20-40单","高价品"
"1","适用于 BMW GR7 AES 摩托车的 LED 辅助雾灯,专为探险骑行而设计,带有调光器和频闪开关。","适用于 BMW GR7 AES 摩托车的 LED 辅助雾灯,专为探险骑行而设计,带有调光器和频闪开关。","177.97","","https://TH.xiapibuy.com/product/458621004/43829296185","汽车零部件","电子","IVCN202607109802","405647256401","相似款：https://detail.1688.com/offer/985051924696.html?kj_agent_plugin=aliprice&fromkv=xytTrace:0b52090217840183822885916e0eba&token=JIWU61HfaQc1HKZhx300yExge7wGn5yPDg8tNaA0JWaTxg4qXUi74jJFpAYs6hR1","P1","07-17","405647256401","177.97","","20-40美金","20-40单","高价品"
"1","7英寸无线安卓车载系统/CarPlay单DIN视频多媒体MP5播放器,可伸缩触摸屏,支持镜像链接,蓝牙/FM/USB/AUX接口,带蓝牙/FM/USB/AUX接口,支持车载蓝牙/FM/USB/AUX","7英寸无线安卓车载系统/CarPlay单DIN视频多媒体MP5播放器,可伸缩触摸屏,支持镜像链接,蓝牙/FM/USB/AUX接口,带蓝牙/FM/USB/AUX接口,支持车载蓝牙/FM/USB/AUX","177.21","","https://MY.xiapibuy.com/product/1342787821/27163552300","汽车内饰配件","导航和AV接收器","IVCN202605138991","256742701987","https://detail.1688.com/offer/76916252.html?spm=a26352.b28411319.offerlist.5.5f9d1e621kdmYF","P1","07-17","256742701987","177.21","","100-300美金","20-40单","高价品"
"1","100% 加厚 JAECOO 5 EV 2025 年至今 TPE 3D 汽车脚垫环保、无异味、易清洁、防滑。","四件套","175.71","https://cf.shopee.co.th/file/th-11134207-81ztg-mhu8jb93ck5c22","https://TH.xiapibuy.com/product/1559603089/46452589382","汽车内饰配件","地毯和垫子","IVCN2026071012154","405281728979","相似款：https://detail.1688.com/offer/971645683230.html?kj_agent_plugin=aliprice&fromkv=xytTrace:2146938717660454166048865e0fe0&token=fXt4tamG6WMOg9jl9Wey%2FQ2wmhZmLQb7L3aJMKcAI5rhgaRSDFYlrzXj%2B5gLfoIi","P1","07-17","405281728979","175.71","","60-80美金","20-40单","高价品"
"1","现货 - SM2 Pro++ J2534 PCMflash SM2 Pro 配件,适用于 VCI Scanmatik 2 Pro ECU 编程器工具,欧规插头","现货 - SM2 Pro++ J2534 PCMflash SM2 Pro 配件,适用于 VCI Scanmatik 2 Pro ECU 编程器工具,欧规插头","175.41","","https://TH.xiapibuy.com/product/1200983030/29971752353","汽车工具","测试、诊断和维修工具","IVCN2025091212324","185674051571","相似款：https://detail.1688.com/offer/902969340258.html?kj_agent_plugin=aliprice&fromkv=xytTrace:2107b59c17581070078566039e0dcb&token=nBKHS%2FOsXJ2UlRJZMse2R9kT4jXiRzPrI2TPsO6ziqOhcZV%2FoFLpO55s8gmqTfiS","P1","07-17","185674051571","175.41","","300-500美金","20-40单","高价品"
"1","丰田威驰（2007-2013款第二代）前大灯/保险杠大灯 H4","一对 2 件","173.79","https://cf.shopee.ph/file/sg-11134201-7rfhd-m9sse340w0ix99","https://PH.xiapibuy.com/product/1009085387/41251026501","汽车零部件","电子","IVCN202605139442","258423625750","相似款：https://detail.1688.com/offer/952063841038.html?spm=a26352.b28411319/2508.0.0","P1","07-17","258423625750","173.79","","100-300美金","20-40单","高价品"
"1","【本地现货】KESS V2 V2.80 V5.017 无限在线 欧版 红色 KTAG V2.25 V7.020 4 LED 主控 OBD2 汽车卡车 ECU 芯片调校编程器工具","KTAG V7.020","173.2","https://cf.shopee.co.th/file/cn-11134207-7ras8-m9lgwr9zhmf0b9","https://TH.xiapibuy.com/product/1024038807/23075436555","汽车工具","测试、诊断和维修工具","IVCN202604230425","79683261307","https://detail.1688.com/offer/986063416507.html?fromkv=cbuPcPlugin:imageSearchDrawerCard&spm=a2639h.29135425.offerlist.i0&source=action%23offerItem%3Borigin%23cf.shopee.co.th&amug_biz=oneself&amug_fl_src=awakeId_982","P1","07-17","79683261307","173.2","","80-100美金","20-40单","高价品"
"1","适用于日产 Big-M BDI TD23 TD25 TD27 Urvan E24 的动力转向泵、动力转向单元、动力转向泵。","适用于日产 Big-M BDI TD23 TD25 TD27 Urvan E24 的动力转向泵、动力转向单元、动力转向泵。","172.91","","https://TH.xiapibuy.com/product/283721754/25108085125","汽车零部件","发动机零件","IVCN2025111471493","240209744895","https://detail.1688.com/offer/875829526477.html?kj_agent_plugin=aliprice&fromkv=xytTrace:0","P1","07-17","240209744895","172.91","","40-60美金","20-40单","高价品"
"4","RYDANZ REAC R05 轮圈 13/14/15/16 无内胎轮胎 (165/65 R13, 175/70 R13, 185/70 R13, 175/65 R14 DOT 2025-26)","195/65 R15 REAC R05","172.81","https://cf.shopee.ph/file/ph-11134207-820le-mpkdv0gx8tfma2","https://PH.xiapibuy.com/product/270753220/25413681583","汽车零部件","轮胎及配件","IVCN202607109252","401071159185","相似款：https://detail.1688.com/offer/1013414842399.html?spm=a26352.b28411319/2508.0.0","P1","07-17","401071159185","172.81","","20-40美金","20-40单","高价品"
"1","SRNE MPPT 太阳能充电器,型号为 ML2420、ML2430、ML2440 和 ML4860（SHINNER 2420 20A(Bt)）,最新型号在泰国享有 3 年保修。","有一个ML2420A 20A显示屏。","171.45","https://cf.shopee.co.th/file/sg-11134201-23010-hoev4qiap1lv48","https://TH.xiapibuy.com/product/98533389/6510341497","汽车零部件","电子","IVCN2026071013948","91160890823","相似款：https://detail.1688.com/offer/663781308052.html?spm=a261y.7663282.3002526303362591.2.3d492dc4lwXyiK&sk=order&fromkv=cbuPcPlugin%3AimageSearchDrawerCard","P1","07-17","91160890823","171.45","","20-40美金","20-40单","高价品"
"1","TD04 49177-01510 三菱L300 L200 Pajero I II 2.5TD 4D56涡轮增压器芯体组件","TD04 49177-01510 三菱L300 L200 Pajero I II 2.5TD 4D56涡轮增压器芯体组件","169.37","","https://PH.xiapibuy.com/product/694495652/27620475647","汽车零部件","发动机零件","IVCN202605139127","257237741656","https://detail.1688.com/offer/949387158064.html?spm=a26352.b28411319/2508.0.0","P1","07-17","257237741656","169.37","","20-40美金","20-40单","高价品"
"1","🇹🇭 今天发货！安卓车载音响（12GB RAM + 128GB ROM）,7英寸/9英寸/10英寸屏幕,支持FM/GPS/MP5/WiFi,带散热系统。支持货到付款。","9英寸 6GB + 64GB","168.37","https://cf.shopee.co.th/file/cn-11134207-7r98o-lxly7pqqkmyt7a","https://TH.xiapibuy.com/product/1279625199/26655128149","汽车内饰配件","导航和AV接收器","IVCN202605132831","256182765439","相似款：https://detail.1688.com/offer/839336933440.html?kj_agent_plugin=aliprice&fromkv=xytTrace:0","P1","07-17","256182765439","168.37","","40-60美金","20-40单","高价品"
"1","ORA 5 汽车储物整理箱、扶手储物盒、ORA5 配件、汽车储物容器、汽车内饰配件。","5件套 - C","168.21","https://cf.shopee.co.th/file/sg-11134201-823qv-morzxxdiv0236f","https://TH.xiapibuy.com/product/1509548725/48661303631","汽车内饰配件","收纳盒和隔层","IVCN2026071012108","355982747019","无同款","P1","07-17","355982747019","168.21","","20-40美金","20-40单","高价品"
"3","4K超高清画质！前后双录行车记录仪,带GPS定位、170°广角、APP和WiFi连接、夜视模式、实时查看功能以及2.0英寸宽屏。","4K+AHD+64GB+GPS","168.08","https://cf.shopee.co.th/file/th-11134207-81ztf-mf29ow8lc7wra8","https://TH.xiapibuy.com/product/1566823920/29041943454","汽车内饰配件","摄像机和停车摄像头","IVCN2026071012610","281739699693","https://detail.1688.com/offer/973703945765.html?fromkv=cbuPcPlugin:imageSearchDrawerCard&spm=a2639h.29135425.offerlist.i1&source=action%23offerItem%3Borigin%23cf.shopee.co.th&amug_biz=oneself&amug_fl_src=awakeId_982","P1","07-17","281739699693","168.08","","40-60美金","20-40单","高价品"
"1","Tum旁通管套件,未焊接端,双阀旁通管,适用于原排气管,易于切割和焊接原管,完整套件。","Tum旁通管套件,未焊接端,双阀旁通管,适用于原排气管,易于切割和焊接原管,完整套件。","167.98","","https://TH.xiapibuy.com/product/301528895/19066896710","汽车零部件","发动机零件","IVCN2025111456601","69206592825","相似款：https://detail.1688.com/offer/630702778639.html?fromkv=cbuPcPlugin:imageSearchDrawerCard&spm=a2639h.29135425.offerlist.i2&source=action%23offerItem%3Borigin%23shopee.co.th&amug_biz=oneself&amug_fl_src=awakeId_982","P1","07-17","69206592825","167.98","","40-60美金","20-40单","高价品"
"1","适用于吉利EX2的五座汽车座椅套,这款透气合成皮革座椅垫套装可有效防止刮擦。黑色可选。","5 个座位​​ - 白色","167.94","https://cf.shopee.co.th/file/cn-11134207-820l4-mhyrqnmljdhgac","https://TH.xiapibuy.com/product/1191016947/52702726253","汽车内饰配件","座椅及座椅套","IVCN2026061521361","435263034019","相似款：https://detail.1688.com/offer/1042608589113.html?kj_agent_plugin=aliprice&fromkv=xytTrace:0bab14ad17840262625668579e0bb8&token=XYopp8%2BJxgkoz5EUlrkCk4wrYpvvQVW1Gy57IAm92Siqe%2BsCsi52HFx%2FU%2B7mHOK%2B","P1","07-17","435263034019","167.94","","20-40美金","20-40单","高价品"
"1","专为长城Tank 300设计的备胎罩。防水防刮 | 保护并提升每次旅程的格调。可靠耐用。","哑光黑","167.61","https://cf.shopee.co.th/file/cn-11134207-820l4-ml4dc0fd4k5je3","https://TH.xiapibuy.com/product/1478781987/42979021736","汽车外饰配件","其他的","IVCN2026071013306","365879317829","相似款：https://detail.1688.com/offer/947370380849.html?fromkv=cbuPcPlugin:imageSearchDrawerCard&spm=a2639h.29135425.offerlist.i0&source=action%23offerItem%3Borigin%23cf.shopee.co.th&amug_biz=oneself&amug_fl_src=awakeId_982","P1","07-17","365879317829","167.61","","40-60美金","20-40单","高价品"
"1","Rubin 汽车应急启动器和气泵：带 LED 显示屏的电动气泵、便携式气泵、电动轮胎充气泵、轮胎压力表、MAX 20000MD 轮胎充气泵 🇺🇸 配备 Siffer 电池。","Rubin 汽车应急启动器和气泵：带 LED 显示屏的电动气泵、便携式气泵、电动轮胎充气泵、轮胎压力表、MAX 20000MD 轮胎充气泵 🇺🇸 配备 Siffer 电池。","166.57","","https://TH.xiapibuy.com/product/489453601/24593246830","汽车工具","轮胎压力检测器","IVCN2026041043405","258014493428","相似款：https://detail.1688.com/offer/740530033841.html?kj_agent_plugin=aliprice&fromkv=xytTrace:0","P1","07-17","258014493428","166.57","","100-300美金","20-40单","高价品"
"1","适用于比亚迪 ATTO 1（2025 年至今）的 100% 加厚 TPE 3D 汽车脚垫。环保、无异味、易清洁、防滑。","TPEB 四件套","166.04","https://cf.shopee.co.th/file/th-11134207-81ztn-montidqaghse24","https://TH.xiapibuy.com/product/1559603089/53558724305","汽车内饰配件","地毯和垫子","IVCN2026071012196","375967166591","https://detail.1688.com/offer/835538096804.html?spm=a26352.b28411319/2508.0.0&cosite=-&tracelog=p4p&_p_isad=1&clickid=8af3541d10e74f8ea2697c1ad83fb5e0&sessionid=3b76d1f4933aa3d44e47650acffc8b86","P1","07-17","375967166591","166.04","","40-60美金","20-40单","高价品"
"1","LONAISCI 4 合 1 汽车应急启动器：便携式应急启动器、电池增压器、气泵、电动轮胎充气泵和移动电源 (99800mAh),带收纳袋。","J26+EVA袋","165","https://cf.shopee.co.th/file/cn-11134207-820l4-ml7fjjgjtclg5c","https://TH.xiapibuy.com/product/1337988328/43000112953","汽车零部件","电子","IVCN2026061517747","295009357895","https://detail.1688.com/offer/805006806756.html?kj_agent_plugin=aliprice&fromkv=xytTrace:210702e017821967789774946e0de5&token=hCtLEQoRh2YJg4%2BML8jQRTYrGqf12pYRsu5pvHFY1swfDAdrpXQJz4R0i7XWg5dm","P0","07-17","295009357895","165","","20-40美金","20-40单","高价品"
"1","CarPlay 三合一无线车载适配器,带卡槽,可在车内使用 Netflix、YouTube 和 TF 卡","所以","165","https://cf.shopee.com.br/file/cn-11134207-820l4-mof3yyno3mdddc","https://BR.xiapibuy.com/product/262367779/23187884193","汽车内饰配件","导航和AV接收器","IVCN2026071012024","127795142647","相似款：https://detail.1688.com/offer/1053213743628.html?kj_agent_plugin=aliprice&fromkv=xytTrace:0","P0","07-17","127795142647","165","","60-80美金","20-40单","高价品"
"1","1.6 加仑铝制气缸气罐气动空气悬挂系统改装车辆部件","1.6 加仑铝制气缸气罐气动空气悬挂系统改装车辆部件","164.36","","https://MY.xiapibuy.com/product/307970416/12409982169","汽车零部件","减震器、支柱和悬架","IVCN202602114049","120448234094","相似款：https://detail.1688.com/offer/661674100843.html?kj_agent_plugin=aliprice&fromkv=xytTrace:212b9de517580115796514380e0e04&token=3IfA%2BHZT1BE7KS3UL7p9iGIHhf2%2B8OqZe8FaivzanymVyzXp074HteJjw5qp9Lft","P1","07-17","120448234094","164.36","","100-300美金","20-40单","高价品"
"1","Monqiqi 9英寸 4+64G 安卓 12.1 车载音响,带全触摸屏、蓝牙、WIFI 和 GPS。","9英寸（带摄像头）4+64G,无视频输出。","162.74","https://cf.shopee.co.th/file/sg-11134201-7rd67-lwfmoow9skjs16","https://TH.xiapibuy.com/product/1179482720/27202575611","汽车内饰配件","其他的","IVCN2026061510583","178253500149","相似款：https://detail.1688.com/offer/637394034819.html?kj_agent_plugin=aliprice&fromkv=xytTrace:0bb405a417816067664511158e0d66&token=StbGywLxOTsngrri8wdIdSSD8tYZk1MpJ2WpKgTFdFxInRvs2eFcIYDPxTCXwX%2FF","P1","07-17","178253500149","162.74","","40-60美金","20-40单","高价品"
"1","三菱 Xpander / Xpander Cross 2018 至 2026 原厂/优质深凹式脚垫,泰国品质","5D 优秀","162.1","https://cf.shopee.ph/file/sg-11134201-823rc-mp8q5g69a80eed","https://PH.xiapibuy.com/product/155977260/2744337447","汽车内饰配件","地毯和垫子","IVCN2025111465415","191956461992","相似款：https://detail.1688.com/offer/992375012853.html?kj_agent_plugin=aliprice&fromkv=xytTrace:0","P1","07-17","191956461992","162.1","","100-300美金","20-40单","高价品"
"1","REAKOAUTO 1Din车载收音机 CarPlay 汽车GPS导航 IPS折叠屏安卓多媒体播放器 通用音频视频（无DVD）","9601C 12LED","161.58","https://cf.shopee.co.th/file/sg-11134201-7rdwj-m0mhxmilgcxmdf","https://TH.xiapibuy.com/product/1477979390/26936185089","汽车内饰配件","导航和AV接收器","IVCN2026071012138","206070771366","相似款：https://detail.1688.com/offer/688308403438.html?kj_agent_plugin=aliprice&fromkv=xytTrace%3A0&tracelog=cps&clickid=a8f10d61e8c75fded5e1af9ebcf869a6&targetUrl=https%3A%2F%2Fs.click.1688.com%2Ft%3Fe%3DD2DC7A927D55C03D6511A0CCA913FD65D6FA062685DFF8F7D920A558D1D5758C4B369BE324A83E744B8F19128B0D93E33FB8088B45F57B9E47F28FD2CC0E231B18AD4F779334558760FEF997084D4D5331EB6FC8DBCADED4C6C8CEEEE21320CC4BD39EA2FE12E3B1C3CA03FD3591C5CFDA01C516D13ED3B6E239A603251C21F1AE9F4C719D77BA64348394BC3CC3C62B9992F8828C4BE892E13F407CC317C1B9C9D227556E9AD1C8624FBF4AA4D5A387E399C60CC9DC1BFD1AF8CECA71B46292B1C6744179FB703ECA6B68A689082CB7F7752B6BA5F579D09DC0E824459ADF64B3C180582A4D87DBB6FE3DD3140AD8A3%26cbu_cps_trace_flag%3Dwrite","P1","07-17","206070771366","161.58","","20-40美金","20-40单","高价品"
"2","（22合1）车载氛围灯交响曲室内亚克力光纤导光条DIY汽车装饰灯LED车灯条内饰照明APP控制","22合1","161.53","https://cf.shopee.com.my/file/cn-11134207-7r98o-lzyer72dirub91","https://MY.xiapibuy.com/product/794626049/27410694567","汽车零部件","电子","IVCN2026051317171","118451033307","无同款","P1","07-17","118451033307","161.53","","20-40美金","20-40单","高价品"
"1","我们有现货,可立即发货：本田圆形LED保险杠雾灯,黄/蓝,全新,直接适用于JAZZ、CITY、CIVIC,配有适配器插头。","蓝色镜片","159.72","https://cf.shopee.co.th/file/th-11134207-7ras8-m7xjagoyqe3y3c","https://TH.xiapibuy.com/product/218565465/28481252363","汽车零部件","电子","IVCN202605132779","218363661132","相似款：https://detail.1688.com/offer/871959931637.html?spm=a26352.b28411319/2508.0.0","P1","07-17","218363661132","159.72","","100-300美金","20-40单","高价品"
"1","100%加厚OMODA C5 EV 2024款及之后车型专用TPE 3D汽车脚垫,环保、无异味、易清洁,且不……","四件套","158.73","https://cf.shopee.co.th/file/th-11134207-81ztq-mdycx477ym8566","https://TH.xiapibuy.com/product/1559603089/41215463220","汽车内饰配件","地毯和垫子","IVCN2026061514775","243861216428","相似款：https://detail.1688.com/offer/971645683230.html?kj_agent_plugin=aliprice&fromkv=xytTrace:2146938717660454166048865e0fe0&token=fXt4tamG6WMOg9jl9Wey%2FQ2wmhZmLQb7L3aJMKcAI5rhgaRSDFYlrzXj%2B5gLfoIi","P1","07-17","243861216428","158.73","","20-40美金","20-40单","高价品"
"1","MG4 中央控制台,2022-2025 年款。","黑色的","158.49","https://cf.shopee.co.th/file/th-11134207-81zte-moakpj71vj7te8","https://TH.xiapibuy.com/product/780271902/54259421007","汽车内饰配件","收纳盒和隔层","IVCN2026061520419","390927674381","无同款","P1","07-17","390927674381","158.49","","100-300美金","20-40单","高价品"
"1","气动弹簧悬挂系统 OEM 3E2300 2600磅气动单端口 1/2""npt","气动弹簧悬挂系统 OEM 3E2300 2600磅气动单端口 1/2""npt","158.46","","https://MY.xiapibuy.com/product/307970416/16325662698","汽车零部件","减震器、支柱和悬架","IVCN2025111456571","68503329823","https://detail.1688.com/offer/640735302461.html?fromkv=cbuPcPlugin:imageSearchDrawerCard&spm=a2639h.29135425.offerlist.i0&source=action%23offerItem%3Borigin%23shopee.com.my&amug_biz=oneself&amug_fl_src=awakeId_982","P1","07-17","68503329823","158.46","","100-300美金","20-40单","高价品"
"1","完整套装：MARCH、ALMERA、NOTE（自动变速器）发动机安装橡胶和变速器安装橡胶。","完整套装：MARCH、ALMERA、NOTE（自动变速器）发动机安装橡胶和变速器安装橡胶。","158.16","","https://TH.xiapibuy.com/product/283721754/20061517451","汽车零部件","发动机零件","IVCN202602119546","193145390599","无同款","P1","07-17","193145390599","158.16","","20-40美金","20-40单","高价品"
"1","WolfBox M40lite 4K 镜面行车记录仪,10 英寸触摸屏,前后双录行车记录仪","M40 lite,无卡","158","","https://MY.xiapibuy.com/product/1607165593/44078338593","汽车内饰配件","摄像机和停车摄像头","IVCN2026071012680","420486947211","相似款：https://detail.1688.com/offer/570739800055.html?fromkv=cbuPcPlugin:imageSearchDrawerCard&spm=a2639h.29135425.offerlist.i0&source=action%23offerItem%3Borigin%23shopee.com.my&amug_biz=oneself&amug_fl_src=awakeId_982","P0","07-17","420486947211","158","","20-40美金","20-40单","高价品"
"1","适用于MG4 EV（2023年至今）的汽车脚垫。100%完美贴合。采用防水防滑TPE材质,厚实柔软,完美贴合整车。现货供应。","室内地毯","157.59","https://cf.shopee.co.th/file/th-11134207-81zth-mj547gdumjup17","https://TH.xiapibuy.com/product/1675341543/49503811535","汽车内饰配件","地毯和垫子","IVCN2026041050411","440360064089","相似款：https://detail.1688.com/offer/971645683230.html?kj_agent_plugin=aliprice&fromkv=xytTrace:2146938717660454166048865e0fe0&token=fXt4tamG6WMOg9jl9Wey%2FQ2wmhZmLQb7L3aJMKcAI5rhgaRSDFYlrzXj%2B5gLfoIi","P1","07-17","440360064089","157.59","","20-40美金","20-40单","高价品"
"1","全新Y23z前大灯灯泡 - 高流明,右舵驾驶（RHD）,H4迷你投影灯接口。两年质保。Y系列中最亮的一款。","Y23z 出厂时已设定点火正时。","157.51","https://cf.shopee.co.th/file/th-11134207-7ra0s-mbeui8q99g1g69","https://TH.xiapibuy.com/product/444392901/24945711306","汽车零部件","电子","IVCN2026051310421","265500677220","无同款","P1","07-17","265500677220","157.51","","100-300美金","20-40单","高价品"
"1","NGK激光铟火花塞（7号）,适用于YARIS 1.2、VIOS VELOZ、SIENTA、ATIS、AVANZA、PRIUS、CHR车型。一套4个,使用寿命10万公里。保证正品。","NGK激光铟火花塞（7号）,适用于YARIS 1.2、VIOS VELOZ、SIENTA、ATIS、AVANZA、PRIUS、CHR车型。一套4个,使用寿命10万公里。保证正品。","157.14","","https://TH.xiapibuy.com/product/443342380/26486013135","汽车零部件","电子","IVCN2026051322717","168918955908","无同款","P1","07-17","168918955908","157.14","","20-40美金","20-40单","高价品"
"1","链条张紧套件,3/8英寸链条,6米长,带红色中心杆。用于固定钢卷、挖掘机和拖车。与描述相符。附带税务发票。","链条张紧套件,3/8英寸链条,6米长,带红色中心杆。用于固定钢卷、挖掘机和拖车。与描述相符。附带税务发票。","155.21","","https://TH.xiapibuy.com/product/35311413/40125770645","汽车外饰配件","其他的","IVCN2026071013080","435005026286","相似款：https://detail.1688.com/offer/669750983122.html?fromkv=cbuPcPlugin:imageSearchDrawerCard&spm=a2639h.29135425.offerlist.i0&source=action%23offerItem%3Borigin%23shopee.co.th&amug_biz=oneself&amug_fl_src=awakeId_982","P1","07-17","435005026286","155.21","","40-60美金","20-40单","高价品"
"1","8+64GB AI盒子 CarPlay 安卓13 无线CarPlay 安卓车载系统 4K YouTube Netflix HDMI车载适配器","Carplay AI 盒子 6+64G","154.12","https://cf.shopee.co.th/file/th-11134207-81ztd-mot2e6zkwiz36d","https://TH.xiapibuy.com/product/1241990552/40081279652","汽车内饰配件","其他的","IVCN2026071014502","360985483218","相似款：https://detail.1688.com/offer/863781434734.html?fromkv=cbuPcPlugin:imageSearchDrawerCard&spm=a2639h.29135425.offerlist.i1&source=action%23offerItem%3Borigin%23cf.shopee.co.th&amug_biz=oneself&amug_fl_src=awakeId_982","P1","07-17","360985483218","154.12","","40-60美金","20-40单","高价品"
"1","32/50吨液压千斤顶 重型轿车/货车/小型货车 瓶式千斤顶 带安全阀和手柄","50吨","152.9","https://cf.shopee.com.my/file/adc9bac43809a29bae56ef8eb82ec6df","https://MY.xiapibuy.com/product/1530870/14908746758","汽车工具","测试、诊断和维修工具","IVCN2026031321428","28118569570","https://detail.1688.com/offer/606493966657.html?fromkv=cbuPcPlugin:imageSearchDrawerCard&spm=a2639h.29135425.offerlist.i0&source=action%23offerItem%3Borigin%23shopee.com.my&amug_biz=oneself&amug_fl_src=awakeId_982","P1","07-17","28118569570","152.9","","20-40美金","20-40单","高价品"
"1","4K 行车记录仪 2160P 车载摄像头,带 GPS 定位、前后摄像头、170° 广角、APP/WiFi 连接、实时查看、夜视模式。","4K+AHD+GPS+64GB","152.28","https://cf.shopee.co.th/file/th-11134207-81zth-mf7x7h2wdqmi34","https://TH.xiapibuy.com/product/1618655048/42172213153","汽车内饰配件","摄像机和停车摄像头","IVCN202607108600","276806629173","相似款：https://detail.1688.com/offer/807980028077.html?fromkv=cbuPcPlugin:imageSearchDrawerCard&spm=a2639h.29135425.offerlist.i1&source=action%23offerItem%3Borigin%23cf.shopee.co.th&amug_biz=oneself&amug_fl_src=awakeId_982","P1","07-17","276806629173","152.28","","20-40美金","20-40单","高价品"
"1","适用于 2015-2022 年款丰田 Revo 的 LED 尾灯,左右一对,配有线束和灯泡。","适用于 2015-2022 年款丰田 Revo 的 LED 尾灯,左右一对,配有线束和灯泡。","152.08","","https://TH.xiapibuy.com/product/881956185/21092167243","汽车零部件","电子","IVCN2026051322233","166056243482","相似款：https://detail.1688.com/offer/982572651900.html?spm=a26352.b28411319/2508.0.0","P1","07-17","166056243482","152.08","","60-80美金","20-40单","高价品"
"1","PQ二合一真空泵,集吸气和压缩功能于一体,容量48升（双系统二合一）。特价。","PQ二合一真空泵,集吸气和压缩功能于一体,容量48升（双系统二合一）。特价。","151.06","","https://TH.xiapibuy.com/product/108318400/15022928984","汽车工具","其他的","IVCN2026031324896","151069398617","相似款：https://detail.1688.com/offer/853397506297.html?fromkv=cbuPcPlugin:imageSearchDrawerCard&sk=consign&spm=a2639h.29135442.offerlist.i6&source=action%23offerItem%3Borigin%23shopee.co.th&amug_biz=oneself&amug_fl_src=awakeId_982","P1","07-17","151069398617","151.06","","40-60美金","20-40单","高价品"
"1","7米长,7毫米双面网,附带网绳。","7米长,7毫米双面网,附带网绳。","151.04","","https://TH.xiapibuy.com/product/69146103/29807500327","汽车外饰配件","其他的","IVCN202605138851","256351886799","无同款","P1","07-17","256351886799","151.04","","40-60美金","20-40单","高价品"
"1","后视摄像头 EEP73090003AB 倒车摄像头泊车辅助系统,适用于 VF3 VF5 zjiuehymyaueo.ph","后视摄像头 EEP73090003AB 倒车摄像头泊车辅助系统,适用于 VF3 VF5 zjiuehymyaueo.ph","150.69","","https://PH.xiapibuy.com/product/116323611/46357822337","汽车内饰配件","摄像机和停车摄像头","IVCN2026051321635","435693228855","https://detail.1688.com/offer/981170717861.html?kj_agent_plugin=aliprice&fromkv=xytTrace:0b51056217793598993492871e0d70&token=ITkBeA%2FAf%2B%2FsEd7xU5DpemLC4Rc6h23%2FZZiPVwbX%2F9YqQSzefnDzr4KyJj7by6k4","P1","07-17","435693228855","150.69","","40-60美金","20-40单","高价品"
"1","用于将 Dmax/Chevrolet 的 6 孔轮毂转换为 5 孔轮毂的钢制适配器,厚度为 16 毫米。","16毫米","150","","https://TH.xiapibuy.com/product/173615094/23485634764","汽车零部件","车轮、轮辋及配件","IVCN2026031326442","188390380431","相似款：https://detail.1688.com/offer/596012496924.html?fromkv=cbuPcPlugin:imageSearchDrawerCard&spm=a2639h.29135425.offerlist.i1&source=action%23offerItem%3Borigin%23shopee.co.th&amug_biz=oneself&amug_fl_src=awakeId_982","P0","07-17","188390380431","150","","40-60美金","20-40单","高价品"
"3","4K超高清画质！前后双录行车记录仪,带GPS定位、170°广角、APP和WiFi连接、夜视模式、实时查看功能以及2.0英寸宽屏。","4K+AHD+GPS","149.91","https://cf.shopee.co.th/file/th-11134207-81ztd-mf29oz6x7damba","https://TH.xiapibuy.com/product/1566823920/29041943454","汽车内饰配件","摄像机和停车摄像头","IVCN2026071012610","281739699692","https://detail.1688.com/offer/777519997361.html?kj_agent_plugin=aliprice&fromkv=xytTrace:0","P1","07-17","281739699692","149.91","","20-40美金","20-40单","高价品"
"1","Carstorm 2 Din 7英寸/9英寸/10英寸车载MP5播放器,支持Carplay、YouTube、AHD、DSP、RDS和FM收音机功能","9英寸AHD摄像机","149.83","https://cf.shopee.ph/file/cn-11134207-820l4-mhr250bvqz9k3a","https://PH.xiapibuy.com/product/991254198/29357334182","汽车内饰配件","导航和AV接收器","IVCN2026061521247","430249887620","相似款：https://detail.1688.com/offer/756173837545.html?fromkv=cbuPcPlugin:imageSearchDrawerCard&spm=a2639h.29135425.offerlist.i2&source=action%23offerItem%3Borigin%23cf.shopee.com.my&amug_biz=oneself&amug_fl_src=awakeId_982","P1","07-17","430249887620","149.83","","20-40美金","20-40单","高价品"
"2","吉利 EX2 2025 年至今汽车脚垫,TPE/XPE 3D,耐磨,环保,无异味,易于清洁。","1-2 行-TPE","149.62","https://cf.shopee.co.th/file/th-11134207-81ztn-mo9ez25lqadle8","https://TH.xiapibuy.com/product/1557844047/45257811238","汽车内饰配件","地毯和垫子","IVCN2026061519819","380924728965","相似款：https://detail.1688.com/offer/971645683230.html?kj_agent_plugin=aliprice&fromkv=xytTrace:2146938717660454166048865e0fe0&token=fXt4tamG6WMOg9jl9Wey%2FQ2wmhZmLQb7L3aJMKcAI5rhgaRSDFYlrzXj%2B5gLfoIi","P1","07-17","380924728965","149.62","","20-40美金","20-40单","高价品"
"1","16英寸轮辋,5.50F - 16,5孔,适用于日本6轮卡车。螺栓孔尺寸29mm,PCD 203.2mm。适用于轻型卡车和小型6轮卡车（MS-2L01）。","16英寸轮辋,5.50F - 16,5孔,适用于日本6轮卡车。螺栓孔尺寸29mm,PCD 203.2mm。适用于轻型卡车和小型6轮卡车（MS-2L01）。","147.07","","https://TH.xiapibuy.com/product/47515160/28415324194","汽车零部件","车轮、轮辋及配件","IVCN202602119736","195492847501","相似款：https://detail.1688.com/offer/761917096172.html?spm=a26352.13672862.offerlist.4.464343f3muOAxP&offerId=761917096172&sortType=&pageId=&abBizDataType=cbuOffer&trace_log=normal&uuid=4409220a7097485fa0aef1c18ac4c00b&skuId=5982618309417&forcePC=1774334355893","P1","07-17","195492847501","147.07","","40-60美金","20-40单","高价品"
"1","WOLFBOX M40 行车记录仪 4K 前后双录行车记录仪 ADAS 内置 WiFi 和 GPS","M40.64GB","145.99","","https://PH.xiapibuy.com/product/1459648889/54805323516","汽车内饰配件","摄像机和停车摄像头","IVCN2026041046905","307365139360","相似款：https://detail.1688.com/offer/624889676003.html?kj_agent_plugin=aliprice&fromkv=xytTrace%3A0b52090217773592272732978e102a&token=oy0Z380vWzCui4hX4VcWu7MMXsuDUOjTSNr8g1URev3UhdX4gPJoXYOXCrH%2F9%2F5%2F&tracelog=cps&clickid=208ca98ba2b07e4818d66731f4d36be1&targetUrl=https%3A%2F%2Fs.click.1688.com%2Ft%3Fe%3DD2DC7A927D55C03D6511A0CCA913FD65D6FA062685DFF8F7D920A558D1D5758C4B369BE324A83E744B8F19128B0D93E33FB8088B45F57B9E47F28FD2CC0E231B18AD4F779334558760FEF997084D4D5331EB6FC8DBCADED4C6C8CEEEE21320CC4BD39EA2FE12E3B1D24E0CC14DD2AFC0983A5FA9A5C761CB1331DDC4753847ADEA5DD589B13E2FE9348394BC3CC3C62B9992F8828C4BE892D64421B07E110116DD6AF5904852AF85FB727E5AD529CB32DEB0010449EF13AC5608D89EAF3AC620DBE70DC27333E1F22E779F2F9D9303CAA1540BA7EC1A7AFC5EA21D27083F07310E24742FC25535C950D496803DB857F0%26cbu_cps_trace_flag%3Dwritehttps://detail.1688.com/offer/893659997930.html?kj_agent_plugin=aliprice&fromkv=xytTrace:2127a84b17773577217913940e0f93&token=jjFuuUxP9gU72ckYii8CWNF41qc1gVcUmbYHzoaBR0Cg04Q9lSxfBInvSY0CNoiq","P0","07-17","307365139360","145.99","","100-300美金","20-40单","高价品"
"4","RYDANZ REAC R05 轮圈 13/14/15/16 无内胎轮胎 (165/65 R13, 175/70 R13, 185/70 R13, 175/65 R14 DOT 2025-26)","185/70 R13 REAC R05","145.81","https://cf.shopee.ph/file/ph-11134207-820l4-mpkdv5tx7x1d8f","https://PH.xiapibuy.com/product/270753220/25413681583","汽车零部件","轮胎及配件","IVCN202607109252","401071159177","相似款：https://detail.1688.com/offer/1013414842399.html?spm=a26352.b28411319/2508.0.0","P1","07-17","401071159177","145.81","","20-40美金","20-40单","高价品"
"1","BUWEI 汽车应急启动电源 1000A 气泵 移动电源 内置照明灯 带外壳 自动停止 升级版 短路保护","QS3-应急启动器/充气泵-现提供1年保修","145","https://cf.shopee.sg/file/sg-11134201-7rdyc-mcdqn8a3g51tf7","https://SG.xiapibuy.com/product/1361955684/42459134423","汽车保养","轮胎及轮毂保养","IVCN202607108296","270765227107","相似款：https://detail.1688.com/offer/833898919826.html?spm=a26352.b28411319/2508.0.0","P0","07-17","270765227107","145","","20-40美金","20-40单","高价品"
"1","25000mAh 汽车应急启动电源 4 合 1,带气泵 PD65W 快充,移动电源,应急灯,汽车应急启动器","智能夹（黑色）","144.17","https://cf.shopee.ph/file/cn-11134207-820l4-mpbrzrvqhcle6f","https://PH.xiapibuy.com/product/1452921434/46450356494","汽车零部件","电子","IVCN2026041050275","435031341394","https://detail.1688.com/offer/974343766007.html?spm=a26352.b28411319/2508.0.0","P1","07-17","435031341394","144.17","","500-1000美金","20-40单","高价品"
"1","正品 VOTOL EM30S 电动车控制盒 (7235),带调校程序和基本手册。","EM30S + USB调音线","143.92","https://cf.shopee.co.th/file/th-11134207-7r98t-llzvpp02w80e79","https://TH.xiapibuy.com/product/232935357/21184481231","汽车零部件","电子","IVCN202607108438","275400169223","https://detail.1688.com/offer/895156818244.html?fromkv=cbuPcPlugin:imageSearchDrawerCard&spm=a2639h.29135425.offerlist.i2&source=action%23offerItem%3Borigin%23cf.shopee.co.th&amug_biz=oneself&amug_fl_src=awakeId_982","P1","07-17","275400169223","143.92","","20-40美金","20-40单","高价品"
"1","KONY制冷剂压力表套装（完整黑色盒装）KN-AC011,60英寸软管,带接头和安全阀。适用于R22、R410、R32和R134A制冷剂。","1 件","143.55","https://cf.shopee.co.th/file/sg-11134201-81zwj-mio61tbx5t6p00","https://TH.xiapibuy.com/product/1458755376/44127519379","汽车工具","测试、诊断和维修工具","IVCN2026041048035","350349671454","相似款：https://detail.1688.com/offer/971292803691.html?kj_agent_plugin=aliprice&fromkv=xytTrace:210702e017775393886903554e0ec6&token=6ECngsEppNSDbvrKW8h9vZ0U7nC0xlT2lmpbsJ27GxdInPLCuClNInOiih1FVM%2B3","P1","07-17","350349671454","143.55","","100-300美金","20-40单","高价品"
"1","7/9/10 英寸 2Din 车载显示器,支持 MP5、Carplay、Android Auto、YouTube、蓝牙登录和 MP5 车载收音机。","9英寸MP5","143.43","https://cf.shopee.co.th/file/th-11134207-81ztg-mhd0evcxzabs36","https://TH.xiapibuy.com/product/1092596444/56551937701","汽车内饰配件","导航和AV接收器","IVCN2026071014512","282192044134","相似款：https://detail.1688.com/offer/941544944840.html?kj_agent_plugin=aliprice&fromkv=xytTrace:0","P1","07-17","282192044134","143.43","","20-40美金","20-40单","高价品"
"1","1套汽车日间行车灯改装大灯,带眼睛图案,可通过手机APP控制,12V","A款（无壳）","143.36","https://cf.shopee.com.my/file/cn-11134207-7ras8-m3n7hcfp80pifb","https://MY.xiapibuy.com/product/286238366/24033253873","汽车零部件","电子","IVCN202605137611","251165392834","无同款","P1","07-17","251165392834","143.36","","20-40美金","20-40单","高价品"
"1","GOYOJO GT116 实验室色差计 数字色差太阳膜汽车透光率计 三合一太阳膜透光率测试仪 可见光透射率 紫外线红外线阻隔率测试仪 一件代发","GOYOJO GT116 实验室色差计 数字色差太阳膜汽车透光率计 三合一太阳膜透光率测试仪 可见光透射率 紫外线红外线阻隔率测试仪 一件代发","141.73","","https://MY.xiapibuy.com/product/894652696/27106401177","汽车工具","其他的","IVCN2026041039886","233042821788","相似款：https://detail.1688.com/offer/583348808851.html?kj_agent_plugin=aliprice&fromkv=xytTrace:0b52090217652526317766846e0f83&token=M3a56p%2FSScbJZRxfiWS3GXPd1D1%2FpqmNFxgpAdDuXiMJjF4k1e7OjM2uNkSwY6dO","P1","07-17","233042821788","141.73","","20-40美金","20-40单","高价品"
"1","FEINODI 无线 Apple CarPlay 适配器,可将有线 CarPlay 转换为无线 CarPlay,支持在 CarPlay 上观看 YouTube/Netflix/TikTok。","Android&Video——黑色,一年保修","141.51","https://cf.shopee.com.my/file/cn-11134207-7ras8-m45f09sb2a89ef","https://MY.xiapibuy.com/product/847984899/22248101041","汽车内饰配件","导航和AV接收器","IVCN2026041043249","257022029582","https://detail.1688.com/offer/793437689202.html?spm=a26352.b28411319.offerlist.36.27a41e62OUEzyq&cosite=-&tracelog=p4p&_p_isad=1&clickid=81a3f14e40514d14873703fe5b9334b1&sessionid=64a223c3ffa2f212d78a9230f059e4ae","P1","07-17","257022029582","141.51","","60-80美金","20-40单","高价品"
"3","4K超高清画质！前后双录行车记录仪,带GPS定位、170°广角、APP和WiFi连接、夜视模式、实时查看功能以及2.0英寸宽屏。","4K+AHD+64GB","141.17","https://cf.shopee.co.th/file/th-11134207-81ztj-mf29p4edps7d84","https://TH.xiapibuy.com/product/1566823920/29041943454","汽车内饰配件","摄像机和停车摄像头","IVCN2026071012610","296680609592","https://detail.1688.com/offer/877279581863.html?spm=a26352.13672862.offerlist.37.76144f20vhAPYH&cosite=-&tracelog=p4p&_p_isad=1&clickid=f1ca985a56994cf9bbe9d9752ada4e5b&sessionid=0e8982fd3b054ddaa91cb10e7f887592https://detail.1688.com/offer/922370274063.html?kj_agent_plugin=aliprice&fromkv=xytTrace:0bb405a417773610670885064e0db3&token=yLbXbdaVnKH24DvZgIGXPIXPQr4Lly7%2BUcMaqUICG2ofYaLcJ3OnsxIWTacePkDo","P1","07-17","296680609592","141.17","","40-60美金","20-40单","高价品"
"1","适用于比亚迪 eMAX 9 DM-I 第二排扶手冰箱盖 防踢保护 原装白色 易于安装 现货","座椅扶手 4 件套","140","https://cf.shopee.ph/file/sg-11134201-825zo-mlq7pxa54g7658","https://PH.xiapibuy.com/product/1764574672/41279212962","汽车内饰配件","其他的","IVCN202607107434","167386358883","相似款：https://detail.1688.com/offer/904703292510.html?spm=a26352.b28411319/2508.0.0","P0","07-17","167386358883","140","","20-40美金","20-40单","高价品"
"1","正品铃木Swift（2012-2018）蒸发器盘管和阀门,原厂零件。","正品铃木Swift（2012-2018）蒸发器盘管和阀门,原厂零件。","140","","https://TH.xiapibuy.com/product/831373146/21036230288","汽车零部件","散热器、发动机冷却和气候控制","IVCN2026051318897","136552428724","相似款：https://detail.1688.com/offer/712803819572.html?spm=a26352.b28411319/2508.0.0&cosite=-&tracelog=p4p&_p_isad=1&clickid=59f3aaabbea64154bf48ab18aa7afa62&sessionid=f7843a81e52dd7a2b9aa08dbdb19fb00","P0","07-17","136552428724","140","","40-60美金","20-40单","高价品"
"1","五十铃D-Max大灯,2007-2011款,投影式,带橙色转向灯。（五十铃D-Max,D-Max大灯）","左侧 + 右侧","139.81","https://cf.shopee.co.th/file/th-11134207-81ztf-mnayqxmgvcar3f","https://TH.xiapibuy.com/product/809677542/45904726891","汽车零部件","电子","IVCN202605139619","259144631174","相似款：https://detail.1688.com/offer/760101568441.html?spm=a26352.b28411319/2508.0.0","P1","07-17","259144631174","139.81","","60-80美金","20-40单","高价品"
"1","360°车载行车记录仪 5通道 1080P高清 DVR 前置/内置 可选后视 夜视盒预装","5 个频道 - WIFI,64G","139.54","https://cf.shopee.com.br/file/sg-11134201-820m0-mnkt8cfl222s75","https://BR.xiapibuy.com/product/1183102966/50509651748","汽车内饰配件","摄像机和停车摄像头","IVCN202607109974","395853358270","https://detail.1688.com/offer/1038632278812.html?kj_agent_plugin=aliprice&fromkv=xytTrace:0b51056217840238086218740e0ed9&token=qotFBipZz%2Baaw4pl4A%2BjXnColulzGBswF%2Be2nY6JJCoGPi2bFNWE%2FC5yABH4GKxS","P1","07-17","395853358270","139.54","","40-60美金","20-40单","高价品"
"4","RYDANZ REAC R05 轮圈 13/14/15/16 无内胎轮胎 (165/65 R13, 175/70 R13, 185/70 R13, 175/65 R14 DOT 2025-26)","185/65 R14 REAC R05","138.4","https://cf.shopee.ph/file/ph-11134207-820lh-mpkdv1uwf9xn03","https://PH.xiapibuy.com/product/270753220/25413681583","汽车零部件","轮胎及配件","IVCN202607109252","401071159178","相似款：https://detail.1688.com/offer/1013414842399.html?spm=a26352.b28411319/2508.0.0","P1","07-17","401071159178","138.4","","60-80美金","20-40单","高价品"
"1","24V-29.2V 20A 锂电池充电器,适用于 Lifepo4 8s / NMC 7s,安德森插头,50A LFP NMC 充电器。","24V-29.2V 20A 锂电池充电器,适用于 Lifepo4 8s / NMC 7s,安德森插头,50A LFP NMC 充电器。","137.88","","https://TH.xiapibuy.com/product/979432647/22343272328","汽车零部件","电子","IVCN2026071011466","69660976706","https://detail.1688.com/offer/682663334400.html?fromkv=cbuPcPlugin:imageSearchDrawerCard&spm=a2639h.29135425.offerlist.i0&source=action%23offerItem%3Borigin%23shopee.co.th&amug_biz=oneself&amug_fl_src=awakeId_982","P1","07-17","69660976706","137.88","","60-80美金","20-40单","高价品"
"1","Feinodi 无线 CarPlay 适配器,支持 YouTube、Netflix、TikTok,适用于安卓汽车的无线 USB 加密狗转换器,可将有线 CarPlay 转换为无线 CarPlay,支持在线更新,即插即用,兼容 CarPlay 中的智能手机。","Carplay（iPhone）- 四屏视频,一年保修。","137.46","https://cf.shopee.co.th/file/cn-11134207-7ras8-mb6hqctg1mbpb0","https://TH.xiapibuy.com/product/857994468/22110369993","汽车内饰配件","导航和AV接收器","IVCN202604231195","185614591201","https://detail.1688.com/offer/714942444810.html?kj_agent_plugin=aliprice&fromkv=xytTrace:212bc12a17539531758881703e113e&token=mdTOprYXjcP%2BnAF2xDT92oQ0Fw0Whbsn8WgZYuE%2FRF4fb7itHio3wDsTJTRZsfmW","P1","07-17","185614591201","137.46","","300-500美金","20-40单","高价品"
"1","25000mAh 汽车应急启动电源 4 合 1,带气泵 PD65W 快充,移动电源,应急灯,汽车应急启动器","普通夹子（黑色）","137.27","https://cf.shopee.ph/file/cn-11134207-820l4-mpbrzcc930u8e3","https://PH.xiapibuy.com/product/1452921434/46450356494","汽车零部件","电子","IVCN2026061521345","435031341391","相似款：https://detail.1688.com/offer/985007210398.html?kj_agent_plugin=aliprice&fromkv=xytTrace:0","P1","07-17","435031341391","137.27","","100-300美金","20-40单","高价品"
"1","原装比亚迪 Sealion 6 Atto3 元松海豚行车记录仪 ADAS GPS DVR 摄像头 比亚迪配件","原装比亚迪 Sealion 6 Atto3 元松海豚行车记录仪 ADAS GPS DVR 摄像头 比亚迪配件","137.01","","https://PH.xiapibuy.com/product/404641006/22782030729","汽车内饰配件","摄像机和停车摄像头","IVCN202509129164","177891459444","相似款：https://detail.1688.com/offer/839123478854.html?fromkv=cbuPcPlugin:imageSearchDrawerCard&spm=a2639h.29135425.offerlist.i7&source=action%23offerItem%3Borigin%23shopee.ph&amug_biz=oneself&amug_fl_src=awakeId_982","P1","07-17","177891459444","137.01","","100-300美金","20-40单","高价品"
"1","ORA 5 卡扣式防虫网,前网,防蚊,无蚊汽车改装配件。","黑色的","136.4","https://cf.shopee.co.th/file/cn-11134207-820l4-mmiju3r4akuc22","https://TH.xiapibuy.com/product/1451145580/40829679591","汽车外饰配件","其他的","IVCN202607109920","315717381511","无同款","P1","07-17","315717381511","136.4","","20-40美金","20-40单","高价品"
"1","完整的432型空调蒸发器总成,12V-24V,锥形螺纹。432型空调蒸发器总成（编号000）,汽车空调系统,汽车空调,R-134a制冷剂,432型单元。","12V灯","136.29","https://cf.shopee.co.th/file/36570bc9801a62b9f7256854ad6bc38c","https://TH.xiapibuy.com/product/155395522/7460073754","汽车零部件","其他的","IVCN202606155219","31600513156","https://detail.1688.com/offer/968957009291.html?fromkv=cbuPcPlugin:imageSearchDrawerCard&spm=a2639h.29135425.offerlist.i3&source=action%23offerItem%3Borigin%23shopee.co.th&amug_biz=oneself&amug_fl_src=awakeId_982","P1","07-17","31600513156","136.29","","60-80美金","20-40单","高价品"
"1","FEINODI 无线 CarPlay 适配器可将有线 CarPlay 转换为无线 CarPlay,支持在 CarPlay 上观看 YouTube/Netflix/TikTok。","Android&Video-黑色,一年保修","135.92","https://cf.shopee.com.my/file/cn-11134207-7ras8-m8lrz0tcv53m6c","https://MY.xiapibuy.com/product/847984899/23840093161","汽车内饰配件","导航和AV接收器","IVCN2025111473559","252022042710","https://detail.1688.com/offer/714942444810.html?kj_agent_plugin=aliprice&fromkv=xytTrace:2104e90217460025204761054e14ae&token=mdTOprYXjcP%2BnAF2xDT92tdbx6axH6Y5T5wIQt1Iv2FRAjYvQ%2FT4mpq46xX2IHFR","P1","07-17","252022042710","135.92","","20-40美金","20-40单","高价品"
"1","TRITON 2019 尾灯,三菱 Triton 2019、2020、2021 *顶配车型,LED 或标准* TW","左侧 - 长 LED *TW","135.91","https://cf.shopee.co.th/file/th-11134207-81ztd-mfo441tf8bnvfe","https://TH.xiapibuy.com/product/19110542/12044121517","汽车零部件","电子","IVCN2026071014270","131993995124","相似款：https://detail.1688.com/offer/1000440893554.html?spm=a261y.7663282.3002526303362591.2.24432509ErJOru&sk=order&fromkv=cbuPcPlugin%3AimageSearchDrawerCard","P1","07-17","131993995124","135.91","","20-40美金","20-40单","高价品"
"1","GT100 Q42 超高清 1296P/GT600 1080P 前后行车记录仪配备 4 英寸屏幕、索尼摄像头、清晰高清夜视功能和 WDR 系统,可实现清晰的夜视效果。","GT100-1296P,32GB","134.19","https://cf.shopee.co.th/file/th-11134207-7r98o-lkueoh7tzf4qf6","https://TH.xiapibuy.com/product/1059565909/23152503215","汽车内饰配件","摄像机和停车摄像头","IVCN2026061513899","233182621980","相似款：https://detail.1688.com/offer/1054553449781.html?spm=a26352.b28411319/2508.0.0m.1688.com/offer/1050176046959.html?spm=a26352.13672862.offerlist.4.903d1e621HydGL&offerId=1050176046959&sortType=&pageId=&abBizDataType=cbuOffer&hotSaleSkuId=6247184471528&trace_log=normal&uuid=a2adf57ebe5a4e908ea4b12ebd45cff8","P1","07-17","233182621980","134.19","","20-40美金","20-40单","高价品"
"1","⭐泰国卖家,快速发货⭐ CRUXRIDER 气动爆破罐,轮胎爆破器,20升/40升,按钮式,带安全阀","20升","133.21","https://cf.shopee.co.th/file/th-11134207-7rasa-m1fg8nj6vrzdaf","https://TH.xiapibuy.com/product/205634674/29855137181","汽车工具","其他的","IVCN2025111464933","185463837592","https://detail.1688.com/offer/775409558022.html?fromkv=cbuPcPlugin:imageSearchDrawerCard&spm=a2639h.29135425.offerlist.i20&source=action%23offerItem%3Borigin%23shopee.co.th&amug_biz=oneself&amug_fl_src=awakeId_982","P1","07-17","185463837592","133.21","","20-40美金","20-40单","高价品"
"1","4K GPS车载行车记录仪,2160P高清画质,赠送后置摄像头。前置摄像头170°,后置摄像头140°。可通过手机WiFi连接。","4K+AHD+64GB","132.93","https://cf.shopee.co.th/file/th-11134207-81zto-mf2bug0aleru52","https://TH.xiapibuy.com/product/1566823920/29792158826","汽车内饰配件","摄像机和停车摄像头","IVCN2026071013286","266741738608","相似款：https://detail.1688.com/offer/925634550577.html?kj_agent_plugin=aliprice&fromkv=xytTrace:21080f7717737207669305132e1020&token=ZyEBqezbWflINzZqkP5%2FxbzWcH5PTV0oHeOEM6sBHHOX9fWgvFqve8GFiGGNGwmIhttps://detail.1688.com/offer/561753186825.html?tracelog=p4p&spm=a26352.13672862.offerlist.1.e0951e62xPBxWD&clickid=de1d007ba80a45e686b8a42a4179e042&sessionid=27a7bec790c9f25aa88fe7be3531197c&_p_isad=1","P1","07-17","266741738608","132.93","","80-100美金","20-40单","高价品"
"1","迷你投影仪 H4 M01W Rayton Bluelens 双风扇系统 69 瓦远光电磁阀 H4 LED 大灯投影仪","M01W - PRO MAX","132.87","https://cf.shopee.com.my/file/id-11134207-822wr-monlzjcx7xu483","https://MY.xiapibuy.com/product/1119106013/41212275409","汽车零部件","电子","IVCN2026071011422","159344074071","无同款","P1","07-17","159344074071","132.87","","20-40美金","20-40单","高价品"
"1","4K超高清画质！前后双录行车记录仪,带GPS定位、170°广角、APP和WiFi连接、夜视模式、实时查看功能以及2.0英寸宽屏。","4K+AHD+WiFi+64GB","131.51","https://cf.shopee.co.th/file/th-11134207-81ztn-mf3no354bevd1e","https://TH.xiapibuy.com/product/1566813361/26292204574","汽车内饰配件","摄像机和停车摄像头","IVCN202607109804","253958862096","相似款：https://detail.1688.com/offer/1053571671035.html?kj_agent_plugin=aliprice&fromkv=xytTrace:0https://detail.1688.com/offer/757675829491.html?spm=a26352.13672862.offerlist.9.c7f51e62N4nxcj&offerId=757675829491&sortType=&pageId=&abBizDataType=cbuOffer&hotSaleSkuId=5781688023304&trace_log=normal&uuid=26c59dcdf78442af841c90923ecfba62&forcePC=1784020500551","P1","07-17","253958862096","131.51","","20-40美金","20-40单","高价品"
"1","通用气囊空气悬挂弹簧套件气囊减震器带开口法兰 2S70-13F","通用气囊空气悬挂弹簧套件气囊减震器带开口法兰 2S70-13F","131.06","","https://PH.xiapibuy.com/product/800479419/12698551642","汽车零部件","减震器、支柱和悬架","IVCN2026031323814","118011465692","相似款：https://detail.1688.com/offer/653805943745.html?kj_agent_plugin=aliprice&fromkv=xytTrace:2108837b17666361530294135e0fef&token=z5oeX7%2FjFpWkBhKzmaQOlIaMlHb%2BDmLE0AUMRHWSJ4%2FJbZHaA2A2XnukdAbIYGLk","P1","07-17","118011465692","131.06","","60-80美金","20-40单","高价品"
"1","重型车轮定位工具,附赠辐条扳手","重型车轮定位工具,附赠辐条扳手","131.02","","https://PH.xiapibuy.com/product/339007736/7263368036","汽车工具","其他的","IVCN2026031321614","31858318680","相似款：https://detail.1688.com/offer/742807700937.html?spm=a26352.b28411319/2508.0.0","P1","07-17","31858318680","131.02","","20-40美金","20-40单","高价品"
"1","D28 4K 行车记录仪。车载摄像头,前置 4K 摄像头,后置 2K 摄像头,170° 广角,支持 APP 和 WiFi 连接,以及夜视模式。","D28 4K 行车记录仪。车载摄像头,前置 4K 摄像头,后置 2K 摄像头,170° 广角,支持 APP 和 WiFi 连接,以及夜视模式。","130.95","","https://TH.xiapibuy.com/product/83924429/41755223458","汽车内饰配件","摄像机和停车摄像头","IVCN202605131559","206127450261","相似款：https://detail.1688.com/offer/996642800961.html?kj_agent_plugin=aliprice&fromkv=xytTrace:21080f7717793582325815373e0eab&token=mFSPC4pDMhnZfxg9co%2FKbhwUBr8plLpSskXw3cq9ctFaLX4IZYLG88Jzg5n5Yv7O","P1","07-17","206127450261","130.95","","80-100美金","20-40单","高价品"
"1","4K 行车记录仪 2160P 车载摄像头,带 GPS 定位、前后摄像头、170° 广角、APP/WiFi 连接、实时查看、夜视模式。","4K+AHD+64GB","130.93","https://cf.shopee.co.th/file/th-11134207-81zth-mf7x5pwr6m1471","https://TH.xiapibuy.com/product/1618655048/42172213153","汽车内饰配件","摄像机和停车摄像头","IVCN202512225630","276806629177","https://detail.1688.com/offer/828189109638.html?spm=a26352.b28411319/2508.0.0https://detail.1688.com/offer/932073245436.html?spm=a26352.13672862.offerlist.1.32454958rdulgS&cosite=-&tracelog=p4p&_p_isad=1&clickid=09afe697b9504489a6a42af7dff229f4&sessionid=1e420ccac2d881e64c07e9dc5a6b97ec","P1","07-17","276806629177","130.93","","20-40美金","20-40单","高价品"
"1","4K GPS车载行车记录仪,2160P高清画质,赠送后置摄像头。前置摄像头170°,后置摄像头140°。可通过手机WiFi连接。","4K+AHD+GPS","130.39","https://cf.shopee.co.th/file/th-11134207-81ztk-mf2buszztzig44","https://TH.xiapibuy.com/product/1566823920/29792158826","汽车内饰配件","摄像机和停车摄像头","IVCN2026061516463","266741738610","相似款：https://detail.1688.com/offer/925634550577.html?kj_agent_plugin=aliprice&fromkv=xytTrace:21080f7717737207669305132e1020&token=ZyEBqezbWflINzZqkP5%2FxbzWcH5PTV0oHeOEM6sBHHOX9fWgvFqve8GFiGGNGwmIhttps://detail.1688.com/offer/561753186825.html?tracelog=p4p&spm=a26352.13672862.offerlist.1.e0951e62xPBxWD&clickid=de1d007ba80a45e686b8a42a4179e042&sessionid=27a7bec790c9f25aa88fe7be3531197c&_p_isad=1","P1","07-17","266741738610","130.39","","20-40美金","20-40单","高价品"
"3","长安NEVO Q05 304不锈钢门槛条防水、防锈、耐刮擦,无需钻孔即可安装,并采用强力丙烯酸粘合剂。","【银色,内外皆有,8 件套】","130","https://cf.shopee.co.th/file/sg-11134201-81zwd-mn4ifcod2qkl4c","https://TH.xiapibuy.com/product/1738000430/55909010691","汽车外饰配件","门槛板","IVCN202607109674","310799348899","相似款：https://detail.1688.com/offer/1042350820080.html?kj_agent_plugin=aliprice&fromkv=xytTrace:213f867c17840226470045131e0c3b&token=YGed%2BhROUKQh%2FzxXDMymfSRfNsY1ePnD3uEs2wgEMlwerEcZWkLGqJEQNCsk5d%2Fr","P0","07-17","310799348899","130","","60-80美金","20-40单","高价品"
"3","长安NEVO Q05 304不锈钢门槛条防水、防锈、耐刮擦,无需钻孔即可安装,并采用强力丙烯酸粘合剂。","【内外均为黑色,共8件】","130","https://cf.shopee.co.th/file/sg-11134201-81zwv-mn4ifajgg1kz3e","https://TH.xiapibuy.com/product/1738000430/55909010691","汽车外饰配件","门槛板","IVCN202607109674","310799348896","相似款：https://detail.1688.com/offer/1042350820080.html?kj_agent_plugin=aliprice&fromkv=xytTrace:213f867c17840226470045131e0c3b&token=YGed%2BhROUKQh%2FzxXDMymfSRfNsY1ePnD3uEs2wgEMlwerEcZWkLGqJEQNCsk5d%2Fr","P0","07-17","310799348896","130","","20-40美金","20-40单","高价品"
"1","适用于 2005-2014 年款丰田 Vigo Champ 的定制款 LED 尾灯。包含线束和灯泡（由于轻微缺陷,颜色可能有所不同）。","适用于 2005-2014 年款丰田 Vigo Champ 的定制款 LED 尾灯。包含线束和灯泡（由于轻微缺陷,颜色可能有所不同）。","130","","https://TH.xiapibuy.com/product/75588339/29688259370","汽车零部件","电子","IVCN2026051313563","290595398122","相似款：https://detail.1688.com/offer/753787434641.html?spm=a26352.b28411319/2508.0.0","P0","07-17","290595398122","130","","20-40美金","20-40单","高价品"
"1","原装比亚迪海狮06鲨鱼海豚海豹Atto 3元松唐EV行车记录仪ADAS车载录像机","原装比亚迪海狮06鲨鱼海豚海豹Atto 3元松唐EV行车记录仪ADAS车载录像机","129.88","","https://PH.xiapibuy.com/product/1056612395/11799645422","汽车内饰配件","摄像机和停车摄像头","IVCN202606158117","118214673318","https://detail.1688.com/offer/980872340266.html?spm=0.0.0.0","P1","07-17","118214673318","129.88","","20-40美金","20-40单","高价品"
"1","4K GPS车载行车记录仪,2160P高清画质,赠送后置摄像头。前置摄像头170°,后置摄像头140°。可通过手机WiFi连接。","4K+AHD+GPS+64GB","129.43","https://cf.shopee.co.th/file/th-11134207-81ztk-mf2bv4fknnrf02","https://TH.xiapibuy.com/product/1566823920/29792158826","汽车内饰配件","摄像机和停车摄像头","IVCN2025111475501","266741738611","相似款：https://detail.1688.com/offer/845553159670.html?kj_agent_plugin=aliprice&fromkv=xytTrace:0b51056217635391665404075e0d87&token=23buXb7Qpm2ecZFO6yxrXKjyy1Ff1VeJWxn941NVyqTyMnk0tsWfmFFI1tYT2ekK","P1","07-17","266741738611","129.43","","60-80美金","20-40单","高价品"
"1","【启动器+气泵】Aston AirJump Turbo Pro 汽车启动器和便携式汽车充电器二合一启动器,1 年保修。","AirJump Turbo Pro","129.26","https://cf.shopee.co.th/file/th-11134207-81zto-mmbb4hka88oz87","https://TH.xiapibuy.com/product/4390090/53807613840","汽车零部件","电子","IVCN2026051316277","315678744881","相似款：https://detail.1688.com/offer/979242139981.html?fromkv=cbuPcPlugin:imageSearchDrawerCard&spm=a2639h.29135425.offerlist.i68&source=action%23offerItem%3Borigin%23shopee.co.th&amug_biz=oneself&amug_fl_src=awakeId_982","P1","07-17","315678744881","129.26","","100-300美金","20-40单","高价品"
"1","适用于 2020、2021、2022、2023、2024 和 2025 款 Revo 车型的头灯。标准 H4 灯泡。*Revo 2020 标准版 TH*","右 *155","129.07","https://cf.shopee.co.th/file/th-11134207-81zte-meed6kiyhddt1f","https://TH.xiapibuy.com/product/991063848/40318064478","汽车零部件","电子","IVCN2026061518105","301487334425","相似款：https://detail.1688.com/offer/893593664507.html?fromkv=cbuPcPlugin:imageSearchDrawerCard&spm=a2639h.29135425.offerlist.i11&source=action%23offerItem%3Borigin%23cf.shopee.co.th&amug_biz=oneself&amug_fl_src=awakeId_982","P1","07-17","301487334425","129.07","","20-40美金","20-40单","高价品"
"1","FEINODI 无线 Apple CarPlay 适配器,可将有线 CarPlay 转换为无线 CarPlay,支持在 CarPlay 上观看 YouTube/Netflix/TikTok。","Carplay&Video-黑色,一年保修","128.88","https://cf.shopee.com.my/file/cn-11134207-7ras8-m45et22b4vgpe8","https://MY.xiapibuy.com/product/847984899/22248101041","汽车内饰配件","导航和AV接收器","IVCN2025111455081","49327565380","https://detail.1688.com/offer/793437689202.html?spm=a26352.b28411319.offerlist.36.27a41e62OUEzyq&cosite=-&tracelog=p4p&_p_isad=1&clickid=81a3f14e40514d14873703fe5b9334b1&sessionid=64a223c3ffa2f212d78a9230f059e4ae","P1","07-17","49327565380","128.88","","100-300美金","20-40单","高价品"
"2","LONAISCI 5合1汽车应急启动器,便携式应急启动器,配备99800mAh电池,适用于汽车、摩托车和皮卡。一款帮助您启动车辆的设备。","B06(99800mAh)+EVA","128.8","https://cf.shopee.co.th/file/sg-11134201-82611-ml66ixn5q41tc5","https://TH.xiapibuy.com/product/1337988328/42300157586","汽车零部件","电子","IVCN2026051311525","275012460427","相似款：https://detail.1688.com/offer/916192666817.html?kj_agent_plugin=aliprice&fromkv=xytTrace:0bb405a417821964888122887e0cd8&token=OhglcG69JaPl%2B8CKYNbTkOSK%2BWYuHj445dsqoPKpuNJcIoJLSAbwnkvqBODfH5hJ","P1","07-17","275012460427","128.8","","80-100美金","20-40单","高价品"
"1","AION UT 汽车脚垫 [2025 年至今] 汽车脚垫,地毯,环保 TPE 材料,耐用防滑。","三件套","128.57","https://cf.shopee.co.th/file/th-11134207-81ztc-mmv5s8rclzpk18","https://TH.xiapibuy.com/product/1700855302/50506724006","汽车内饰配件","地毯和垫子","IVCN202607109536","335604404615","https://detail.1688.com/offer/815566096120.html?kj_agent_plugin=aliprice&fromkv=xytTrace%3A2132815517840233083547843e0d01&token=FR44EexsHHxMQBMvle6Xzq0JDcewAjgaNABwn5vGzT4JRhkIPjDKmrvAlgPvVtSE&tracelog=cps&clickid=ecc3ff5797d1b001e4589347bd9a2541&targetUrl=https%3A%2F%2Fs.click.1688.com%2Ft%3Fe%3DD2DC7A927D55C03D6511A0CCA913FD65D6FA062685DFF8F7D920A558D1D5758C4B369BE324A83E744B8F19128B0D93E33FB8088B45F57B9E47F28FD2CC0E231B18AD4F779334558760FEF997084D4D5331EB6FC8DBCADED4C6C8CEEEE21320CC4BD39EA2FE12E3B19E392492B33CC137D434DABDF5CCE2A0CA98B61C247FB08958472617B2255084348394BC3CC3C62B9992F8828C4BE89247446A0E1E01A815835F53CDAD085EEED250B39FF76EB3DABCEF12C9D1D359DBB135FBDA270B7FED6A43F403B8F68BFBE39F2606E1466F76898115A44A5EBB6FECBDF455F65B178BD52FF25F118A89B3D0D6283726C8734F%26cbu_cps_trace_flag%3Dwrite","P1","07-17","335604404615","128.57","","20-40美金","20-40单","高价品"
"1","适用于本田思域 FD（第二代）09-11款的尾灯,后备箱盖安装式内灯组。*白色改装外壳* / 本田思域 FD 09-11款（白色版）","右侧（RH）","128.33","https://cf.shopee.co.th/file/th-11134207-7rasa-m3bsdkknleij7b","https://TH.xiapibuy.com/product/184549313/29869551851","汽车零部件","电子","IVCN2026071011420","176838706686","相似款：https://detail.1688.com/offer/910504211277.html?kj_agent_plugin=aliprice&fromkv=xytTrace:2132815517840163435091109e0c5d&token=JAhjmvv69jHreah5Dk9a5BFo%2FmJSapDHvhQGpKtEZwrP0i37HY6ud2B7rm2mScKt","P1","07-17","176838706686","128.33","","20-40美金","20-40单","高价品"
"1","SM发动机支架套装 - 适用于Proton Waja / Gen2 / Persona 2007-2016 自动挡/手动挡（1+1年保修）发动机支架","手动的","127.53","https://cf.shopee.com.my/file/8d39f312b78e464848052d189352957c","https://MY.xiapibuy.com/product/91836532/8919065198","汽车零部件","发动机零件","IVCN2026071013420","80960589067","无同款","P1","07-17","80960589067","127.53","","20-40美金","20-40单","高价品"
"1","🇹🇭泰国中心发货🇹🇭 R&D TC100涂层测厚仪 0.1微米/0.1300 FE/NFE 汽车漆膜测厚仪 俄罗斯手动涂装工具","黑色的","127.09","https://cf.shopee.co.th/file/dd2afc5834e8ecfdbaf98f465b3c0fde","https://TH.xiapibuy.com/product/698537525/19133398546","汽车工具","其他的","IVCN202604231247","191718091832","相似款：https://detail.1688.com/offer/673162682721.html?kj_agent_plugin=aliprice&fromkv=xytTrace:0","P1","07-17","191718091832","127.09","","80-100美金","20-40单","高价品"
"1","24V卡车恶魔眼灯 卡车动态LED显示面板 柔性LED矩阵像素面板 可编程APP控制","1 件 - 200 厘米 * 16.7 厘米（约）","124.78","https://cf.shopee.co.th/file/cn-11134207-7ras8-mdk6l87976fbfb","https://TH.xiapibuy.com/product/595612284/41867453601","汽车零部件","电子","IVCN202607109840","243857178300","相似款：https://detail.1688.com/offer/970523618368.html?kj_agent_plugin=aliprice&fromkv=xytTrace:0","P1","07-17","243857178300","124.78","","20-40美金","20-40单","高价品"
"1","【PT82】新款 Proton X50 扶手储物盒硅胶充电垫下部储物托盘杯架后屏幕储物托盘","组合套装","123.96","https://cf.shopee.com.my/file/my-11134207-820le-ml9cz5286hvo1a","https://MY.xiapibuy.com/product/1043039732/51956578680","汽车内饰配件","收纳盒和隔层","IVCN2026061521155","425591670306","无同款","P1","07-17","425591670306","123.96","","20-40美金","20-40单","高价品"
"1","现货！MG S5 ABS碳纤维门槛保护条套装。经久耐用,易于安装。防刮擦板。6个月质保。","内+外,共8套。","122.84","https://cf.shopee.co.th/file/th-11134207-81ztf-me1bg2q17uo0b6","https://TH.xiapibuy.com/product/416566830/40266103934","汽车外饰配件","门槛板","IVCN2026041040113","234460958573","相似款：https://detail.1688.com/offer/707529824756.html?spm=a26352.b28411319/2508.0.0","P1","07-17","234460958573","122.84","","40-60美金","20-40单","高价品"
"1","Aion UT碳纤维汽车门槛保护条套装。经久耐用,易于安装。碳纤维防擦板。6个月质保。","8 套（内层 + 外层）","122.74","https://cf.shopee.co.th/file/th-11134207-7rask-m80anf2avy15e4","https://TH.xiapibuy.com/product/416566830/28531270704","汽车外饰配件","门槛板","IVCN2026031325944","178818629454","相似款：https://detail.1688.com/offer/900278336357.html?kj_agent_plugin=aliprice&fromkv=xytTrace:21080f7717677667826375234e0ef6&token=Ejs8GrpOnBb3OxGn8mpG7%2BkjYj61e9dH9jG04Ywnt%2FkOib2Aq2qrPTJWzgLM04rQ","P1","07-17","178818629454","122.74","","20-40美金","20-40单","高价品"
"1","Aion V 2025 碳纤维门槛保护条套装。经久耐用,易于安装。碳纤维防刮板。6个月质保。","8 套（内层 + 外层）","122.7","https://cf.shopee.co.th/file/th-11134207-7rasg-m574vtafvqwn4a","https://TH.xiapibuy.com/product/416566830/27723944655","汽车外饰配件","门槛板","IVCN202604231235","188159776492","https://detail.1688.com/offer/815712846468.html?kj_agent_plugin=aliprice&fromkv=xytTrace:2154647417677571473561286e0ef4&token=ehpUtc7Jnnq%2FkTf1nn7QVvzLdYlF6zHJM1UuW7I%2FKPN990FIya31L4ayExyktw4n","P1","07-17","188159776492","122.7","","20-40美金","20-40单","高价品"
"1","Aion UT碳纤维汽车门槛保护条套装。经久耐用,易于安装。碳纤维防擦板。6个月质保。","后备箱内外侧件（2 件）","122.68","https://cf.shopee.co.th/file/th-11134207-7rasl-m80aquu3rf2h3e","https://TH.xiapibuy.com/product/416566830/28531270704","汽车外饰配件","门槛板","IVCN2026071011012","243036809288","相似款：https://detail.1688.com/offer/1042689013053.html?kj_agent_plugin=aliprice&fromkv=xytTrace:0","P1","07-17","243036809288","122.68","","20-40美金","20-40单","高价品"
"1","35件套汽车通用衬套轴承拉拔器拆卸安装工具套装压拉套筒套件","35件","122.37","https://cf.shopee.com.my/file/cn-11134207-7ras8-m6s3nd936qco44","https://MY.xiapibuy.com/product/1230279413/27178158499","汽车工具","测试、诊断和维修工具","IVCN2026021110024","198268238093","相似款：https://detail.1688.com/offer/750094917722.html?fromkv=cbuPcPlugin:imageSearchDrawerCard&spm=a2639h.29135425.offerlist.i0&source=action%23offerItem%3Borigin%23shopee.com.my&amug_biz=oneself&amug_fl_src=awakeId_982","P1","07-17","198268238093","122.37","","40-60美金","20-40单","高价品"
"1","ANDR 模块 SIRINE WHELEN HHS 80W 24TONE ESCORT PATWAL 救护车","ANDR 模块 SIRINE WHELEN HHS 80W 24TONE ESCORT PATWAL 救护车","122.05","","https://PH.xiapibuy.com/product/400930504/26362884618","汽车外饰配件","喇叭和配件","IVCN2026071013488","138064211310","无同款","P1","07-17","138064211310","122.05","","20-40美金","20-40单","高价品"
"1","【5年保修】200000mAh 5合1便携式汽车应急启动器,带电动气泵、汽车启动辅助器和便携式汽车充电器。","豪华无线款 🔥","122","https://cf.shopee.co.th/file/th-11134207-81ztj-mk3ohnk9kuf90c","https://TH.xiapibuy.com/product/1682777693/40278489782","汽车工具","轮胎压力检测器","IVCN2026051318169","360508810767","https://detail.1688.com/offer/965224842974.html?fromkv=cbuPcPlugin:imageSearchDrawerCard&spm=a2639h.29135425.offerlist.i1&source=action%23offerItem%3Borigin%23cf.shopee.co.th&amug_biz=oneself&amug_fl_src=awakeId_982","P0","07-17","360508810767","122","","100-300美金","20-40单","高价品"
"1","CarPlay AI Box Android Auto & Apple CarPlay 无线适配器,可将有线连接转换为无线连接。","CarPlay ai Box 2 + 16G","120.52","https://cf.shopee.co.th/file/cn-11134207-7ras8-md44yht3ux7g5e","https://TH.xiapibuy.com/product/1228919289/27622744667","汽车内饰配件","其他的","IVCN202607109492","242492916984","相似款：https://detail.1688.com/offer/963709333041.html?fromkv=cbuPcPlugin:imageSearchDrawerCard&spm=a2639h.29135425.offerlist.i2&source=action%23offerItem%3Borigin%23cf.shopee.co.th&amug_biz=oneself&amug_fl_src=awakeId_982","P1","07-17","242492916984","120.52","","20-40美金","20-40单","高价品"
"1","Alphard 30 Vellfire 30 (2015-2022) 扶手箱盖 AGH30 ANH30 AH30 内饰保护扶手箱盖","黑色的","120","https://cf.shopee.co.th/file/cn-11134207-820l4-me6zrawrzbi8ea","https://TH.xiapibuy.com/product/627002759/42517311415","汽车内饰配件","收纳盒和隔层","IVCN202607107594","138407944444","相似款：https://detail.1688.com/offer/802298586788.html?fromkv=cbuPcPlugin:imageSearchDrawerCard&spm=a2639h.29135425.offerlist.i0&source=action%23offerItem%3Borigin%23cf.shopee.co.th&amug_biz=oneself&amug_fl_src=awakeId_982","P0","07-17","138407944444","120","","20-40美金","20-40单","高价品"
"1","RYDANZ REAC R05 轮圈 13/14/15/16 无内胎轮胎 (165/65 R13, 175/70 R13, 185/70 R13, 175/65 R14 DOT 2025-26)","175/65 R14 REAC R05","119.98","https://cf.shopee.ph/file/ph-11134207-7r990-lrsffzbzl3atfb","https://PH.xiapibuy.com/product/270753220/25413681583","汽车零部件","轮胎及配件","IVCN202605137307","250339776609","相似款：https://detail.1688.com/offer/958659411894.html?kj_agent_plugin=aliprice&fromkv=xytTrace:0","P1","07-17","250339776609","119.98","","100-300美金","20-40单","高价品"
"1","100%加厚Deepal S05 2025-至今TPE 3D汽车脚垫环保、无异味、易清洁、防滑。","三件套","119.85","https://cf.shopee.co.th/file/th-11134207-81zte-mp0ns2d45nuzfd","https://TH.xiapibuy.com/product/1559603089/40319198142","汽车内饰配件","地毯和垫子","IVCN202607107700","301573663950","相似款：https://detail.1688.com/offer/971645683230.html?kj_agent_plugin=aliprice&fromkv=xytTrace:2146938717660454166048865e0fe0&token=fXt4tamG6WMOg9jl9Wey%2FQ2wmhZmLQb7L3aJMKcAI5rhgaRSDFYlrzXj%2B5gLfoIi","P1","07-17","301573663950","119.85","","20-40美金","20-40单","高价品"
"1","Vigo Innova 2WD 的下控制臂。","正确的","118.95","","https://TH.xiapibuy.com/product/283721754/29618262250","汽车零部件","轮胎及配件","IVCN2026071011776","215573627081","相似款：https://detail.1688.com/offer/645651595665.html?spm=a26352.b28411319/2508.0.0","P1","07-17","215573627081","118.95","","20-40美金","20-40单","高价品"
"1","ANYTROX CarPlay+ 视频适配器可将有线 CarPlay 转换为无线 CarPlay,支持观看 YouTube/Netflix/tk 等视频。","Android Auto+ 视频","117.71","https://cf.shopee.com.my/file/cn-11134207-7ras8-m2kg0vucegvb60","https://MY.xiapibuy.com/product/1268283325/26752933683","汽车内饰配件","导航和AV接收器","IVCN2026071011882","227018805680","相似款：https://detail.1688.com/offer/777484572734.html?kj_agent_plugin=aliprice&fromkv=xytTrace:0","P1","07-17","227018805680","117.71","","20-40美金","20-40单","高价品"
"1","【App可用】1080P车载摩托车行车记录仪,手持式骑行相机,带电源接口","12V 转 5V 扩展卡套件 64GB","117.32","https://cf.shopee.com.br/file/cn-11134207-820l4-mpkubvz6phq90d","https://BR.xiapibuy.com/product/1509544951/53859096539","汽车内饰配件","摄像机和停车摄像头","IVCN202607107838","416072881764","https://detail.1688.com/offer/997493146178.html?kj_agent_plugin=aliprice&fromkv=xytTrace:0bf89a7417840218907811475e0d3c&token=WfizGM2p%2BZ94X%2BIHdYL3X85RtplVOaB4beuEIUHQYxqq5IuvO2cdamAPQT1bkukt","P1","07-17","416072881764","117.32","","20-40美金","20-40单","高价品"
"1","【十年质保】200000mAh 电动气泵。高气压,吸气吹气两用。快速启动各种车辆。充满电后自动停止。可用于汽车应急启动、轮胎充气、汽车应急启动、电动气泵、电动空气压缩机、电动轮胎充气泵、汽车应急启动、轮胎充气泵。","豪华无线款 🔥","116.88","https://cf.shopee.co.th/file/cn-11134207-820l4-mjv0wzatijgj96","https://TH.xiapibuy.com/product/1521408327/45055259546","汽车工具","轮胎压力检测器","IVCN2026031332738","360479453174","https://detail.1688.com/offer/998556174985.html?fromkv=cbuPcPlugin:imageSearchDrawerCard&spm=a2639h.29135425.offerlist.i2&source=action%23offerItem%3Borigin%23cf.shopee.co.th&amug_biz=oneself&amug_fl_src=awakeId_982","P0","07-17","360479453174","116.88","","100-300美金","20-40单","高价品"
"1","2吨低位液压千斤顶,日规,Alleanza品牌。（千斤顶,落地式千斤顶）","2吨低位液压千斤顶,日规,Alleanza品牌。（千斤顶,落地式千斤顶）","116.83","","https://TH.xiapibuy.com/product/1104253726/25018774270","汽车工具","测试、诊断和维修工具","IVCN2026031330096","255473091700","https://detail.1688.com/offer/602086407265.html?fromkv=cbuPcPlugin:imageSearchDrawerCard&spm=a2639h.29135425.offerlist.i4&source=action%23offerItem%3Borigin%23shopee.co.th&amug_biz=oneself&amug_fl_src=awakeId_982","P1","07-17","255473091700","116.83","","20-40美金","20-40单","高价品"
"1","LEDJUMBO 10英寸 320W 聚光灯 卡车灯条 车顶灯 白色 黄色 4X4 拖车 全天灯 12V 24V","2个,琥珀色灯","116.81","https://cf.shopee.com.my/file/cn-11134207-820l4-mpvvihav0sn52c","https://MY.xiapibuy.com/product/1516163304/52052559842","汽车零部件","电子","IVCN2026071013242","380247818143","相似款：https://detail.1688.com/offer/1045420154806.html?fromkv=cbuPcPlugin:imageSearchDrawerCard&spm=a2639h.29135425.offerlist.i0&source=action%23offerItem%3Borigin%23cf.shopee.com.my&amug_biz=oneself&amug_fl_src=awakeId_982","P1","07-17","380247818143","116.81","","40-60美金","20-40单","高价品"
"1","适用于 PLX AEM 30-2004 30-4110 30-0300 30-0310 0258017025 LS17025 的全新 LSU4.9 O2 UEGO 宽带氧传感器","适用于 PLX AEM 30-2004 30-4110 30-0300 30-0310 0258017025 LS17025 的全新 LSU4.9 O2 UEGO 宽带氧传感器","116.76","","https://TH.xiapibuy.com/product/299126271/29091068846","汽车零部件","电子","IVCN2026061517429","286427408841","https://detail.1688.com/offer/811850247266.html?fromkv=cbuPcPlugin:imageSearchDrawerCard&spm=a2639h.29135425.offerlist.i21&source=action%23offerItem%3Borigin%23shopee.co.th&amug_biz=oneself&amug_fl_src=awakeId_982","P1","07-17","286427408841","116.76","","20-40美金","20-40单","高价品"
"4","汽车应急启动电源 4 合 1 10000mAh 带气泵移动电源应急灯 12V 汽车应急启动器","智能夹（3.0 MAX）","116.47","https://cf.shopee.ph/file/cn-11134207-820l4-ml3c5vaz203r29","https://PH.xiapibuy.com/product/1452921434/55700338977","汽车零部件","电子","IVCN2026051314655","297416714640","https://detail.1688.com/offer/984256560349.html?kj_agent_plugin=aliprice&fromkv=xytTrace:212b5ecd17822009714421633e0e59&token=W9tdeDMbzDkq4rBu8slhiEc%2FcQ2M2oGLP6%2FShuzNIV8BGDNR3hf3z%2BvCE49DiBf%2B","P1","07-17","297416714640","116.47","","40-60美金","20-40单","高价品"
"1","适用于三菱Attrage Mirage G4 2012-2017的LED雾灯 DC 12V DRL","是","116.33","https://cf.shopee.co.th/file/cn-11134207-7qukw-lk64u6vxx1is40","https://TH.xiapibuy.com/product/1025889691/18681483368","汽车零部件","电子","IVCN2026071012774","214404951991","相似款：https://detail.1688.com/offer/630650751716.html?spm=a261y.7663282.3002526303362591.2.5342b6d8Ojpkwi&sk=order&fromkv=cbuPcPlugin%3AimageSearchDrawerCard","P1","07-17","214404951991","116.33","","20-40美金","20-40单","高价品"
"1","24V卡车魔术贴眼灯卡车动态LED显示屏柔性面板","1 件 - 150 厘米 * 16.6 厘米","115.76","https://cf.shopee.co.th/file/sg-11134201-7rfhy-m4ft0p4qzw9n49","https://TH.xiapibuy.com/product/595612284/27922242252","汽车零部件","电子","IVCN2026061511161","188112272512","https://detail.1688.com/offer/849974376670.html?fromkv=cbuPcPlugin:imageSearchDrawerCard&spm=a2639h.29135425.offerlist.i3&source=action%23offerItem%3Borigin%23cf.shopee.co.th&amug_biz=oneself&amug_fl_src=awakeId_982","P1","07-17","188112272512","115.76","","20-40美金","20-40单","高价品"
"1","CarPlay AI Box Android Auto & Apple CarPlay 无线适配器,可将有线连接转换为无线连接。","CarPlay ai Box 2 + 32G","115.73","https://cf.shopee.co.th/file/cn-11134207-7ras8-m94bty0k9wxe5f","https://TH.xiapibuy.com/product/1228919289/27622744667","汽车内饰配件","其他的","IVCN202605134529","234182418162","相似款：https://detail.1688.com/offer/846006925491.html?kj_agent_plugin=aliprice&fromkv=xytTrace:0","P1","07-17","234182418162","115.73","","20-40美金","20-40单","高价品"
"2","日产骊威（2007-2012）前大灯/前照灯","左边","115.18","","https://MY.xiapibuy.com/product/349412107/24477292062","汽车零部件","电子","IVCN202607109866","232741159578","https://detail.1688.com/offer/664631260075.html?kj_agent_plugin=aliprice&fromkv=xytTrace%3A0b0fdc4f17840122571662416e0ef3&token=AZ%2BZz%2BYyz%2BQQd%2BRG1Ix5yqRqVKLhV09b6sYOvAMIQwJqn8C5wLxf%2FMLFttElcpKU&tracelog=cps&clickid=86bfe4fa5e8a4c6823b29e520bf9306f&targetUrl=https%3A%2F%2Fs.click.1688.com%2Ft%3Fe%3DD2DC7A927D55C03D6511A0CCA913FD65D6FA062685DFF8F7D920A558D1D5758C4B369BE324A83E744B8F19128B0D93E33FB8088B45F57B9E47F28FD2CC0E231B18AD4F779334558760FEF997084D4D5331EB6FC8DBCADED4C6C8CEEEE21320CC4BD39EA2FE12E3B1E2A1C19FCEE6A3099926AD05A569821A63D3CF4DAB860A72727D18B5DF2E8F56348394BC3CC3C62B9992F8828C4BE8920DF885A84D55C62F8921E221361547BC61182F577F7E7DE5F0439ECC4AE10787E2CF3BADEA55605F0EF9471354D9B0185460C57D4E0EA00D1AFDC498695BF8A023B99C58CCDEE8B1BBDBB4862B5948CE06A142FEA0CD9659%26cbu_cps_trace_flag%3Dwrite","P1","07-17","232741159578","115.18","","40-60美金","20-40单","高价品"
"1","通用型 1/4NPT 或 3/8NPT 200PSI 480℃ 12V 汽车空气悬挂泵套件 镀铬/黑色","铬,1/4","115.14","https://cf.shopee.com.my/file/cn-11134207-7r98o-lwp1r19nntwj07","https://MY.xiapibuy.com/product/307970416/20775505363","汽车零部件","车身、车架和保险杠","IVCN2026041035693","156700870859","https://detail.1688.com/offer/730720137506.html?kj_agent_plugin=aliprice&fromkv=xytTrace:0","P1","07-17","156700870859","115.14","","300-500美金","20-40单","高价品"
"1","久保田40A拖拉机用交流发电机（内置产品）,非全新产品。","久保田40A拖拉机用交流发电机（内置产品）,非全新产品。","115.04","","https://TH.xiapibuy.com/product/170198744/7006568452","汽车零部件","皮带、软管和滑轮","IVCN202605137583","32152364113","相似款：https://detail.1688.com/offer/688350274575.html?kj_agent_plugin=aliprice&fromkv=xytTrace:0","P1","07-17","32152364113","115.04","","60-80美金","20-40单","高价品"
"1","4摄像头行车记录仪,带WIFI,可在iOS/Android移动设备上查看,夜视效果出色,4个摄像头同时录制,型号A850WIFI。","4CAM+64GB-金士顿","114.99","https://cf.shopee.co.th/file/th-11134207-81ztg-moblqawyfhftc6","https://TH.xiapibuy.com/product/774358793/17895311117","汽车内饰配件","摄像机和停车摄像头","IVCN2026071010452","277139127936","https://detail.1688.com/offer/1027116217435.html?kj_agent_plugin=aliprice&fromkv=xytTrace:0","P0","07-17","277139127936","114.99","","20-40美金","20-40单","高价品"
"3","磷酸铁锂电池充电器,3.2V-3.65V 10Ah-30Ah 电池充电器","3.2伏 30安时","114.92","https://cf.shopee.co.th/file/cn-11134207-820l4-mjgqo9qxe4nb34","https://TH.xiapibuy.com/product/1718931859/57804714780","汽车零部件","电子","IVCN2026051321955","445437828407","相似款：https://detail.1688.com/offer/884226291855.html?kj_agent_plugin=aliprice&fromkv=xytTrace:2108837b17822018499902870e0eb9&token=QjcQl4YM9W9ImxLZuAW5TzoqwZJV6flfjcSKINdP8fTgxt9%2BKOm%2B93zRr9zNdI5f","P1","07-17","445437828407","114.92","","40-60美金","20-40单","高价品"
"1","日产前部软管式进气导管（塑料）- 日产轩逸 2.0","A+B","114.6","https://cf.shopee.com.my/file/cn-11134207-7ras8-m8kmgfgsjysy8d","https://MY.xiapibuy.com/product/218063326/24694042923","汽车零部件","散热器、发动机冷却和气候控制","IVCN202605133395","224103657924","无同款","P1","07-17","224103657924","114.6","","20-40美金","20-40单","高价品"
"1","🔥5年质保🔥 汽车应急启动器、摩托车应急启动器、汽车备用电池、汽车启动辅助器、电动气泵、应急启动器","豪华无线型号","114.59","https://cf.shopee.co.th/file/th-11134207-81ztf-mjtltwnvu9s0bf","https://TH.xiapibuy.com/product/1647027624/51155166683","汽车工具","轮胎压力检测器","IVCN202607108526","330474663442","https://detail.1688.com/offer/1029542458272.html?spm=a26352.b28411319/2508.0.0","P1","07-17","330474663442","114.59","","20-40美金","20-40单","高价品"
"1","适用于2019-2023款丰田海狮通勤豪华版的雾灯罩,带日间行车灯和LED照明灯。","放","114.42","https://cf.shopee.ph/file/cn-11134207-7ras8-mde3hpkok3yj47","https://PH.xiapibuy.com/product/1101569799/29521887240","汽车零部件","电子","IVCN2026061515057","247352102106","相似款：https://detail.1688.com/offer/608462255438.html?spm=a26352.b28411319.offerlist.6.252a1e62EEhFGo","P1","07-17","247352102106","114.42","","100-300美金","20-40单","高价品"
"3","GWM Ora 5 304 不锈钢门槛：防水、防锈、耐刮擦、无需钻孔、采用丙烯酸粘合剂固定、经久耐用、高品质配件。","内衬+外饰 - 8 件套 - 银色","114.41","https://cf.shopee.co.th/file/sg-11134201-81zw0-mn1i4h01k55191","https://TH.xiapibuy.com/product/1738000430/42480057864","汽车外饰配件","门槛板","IVCN2026071011984","297537726106","相似款：https://detail.1688.com/offer/1001715291342.html?fromkv=cbuPcPlugin:imageSearchDrawerCard&spm=a2639h.29135425.offerlist.i0&source=action%23offerItem%3Borigin%23cf.shopee.co.th&amug_biz=oneself&amug_fl_src=awakeId_982","P0","07-17","297537726106","114.41","","40-60美金","20-40单","高价品"
"1","【10年保修】5合1汽车应急启动器198000mAh,兼容所有车型,应急启动器,便携式气泵,轮胎充气泵。","豪华无线型号","113.91","https://cf.shopee.co.th/file/th-11134207-81ztj-mj3xp4am366b34","https://TH.xiapibuy.com/product/422237723/51004134755","汽车工具","轮胎压力检测器","IVCN2026031332442","340393355066","https://detail.1688.com/offer/696217890920.html?fromkv=cbuPcPlugin:imageSearchDrawerCard&spm=a2639h.29135425.offerlist.i0&source=action%23offerItem%3Borigin%23cf.shopee.co.th&amug_biz=oneself&amug_fl_src=awakeId_982","P1","07-17","340393355066","113.91","","100-300美金","20-40单","高价品"
"1","128800mAh 四合一汽车应急启动电源,带气泵,12V 多功能移动电源,Kereta","1套汽车应急启动器,两年保修","113.54","https://cf.shopee.com.my/file/cn-11134207-820l4-mgw3xh1r75sa81","https://MY.xiapibuy.com/product/1633434387/50001104921","汽车零部件","电子","IVCN2026051318877","375719252789","相似款：https://detail.1688.com/offer/991330635926.html?fromkv=cbuPcPlugin:imageSearchDrawerCard&spm=a2639h.29135425.offerlist.i32&source=action%23offerItem%3Borigin%23shopee.com.my&amug_biz=oneself&amug_fl_src=awakeId_982","P1","07-17","375719252789","113.54","","20-40美金","20-40单","高价品"
"1","P6 Pro OBD2+GPS 智能仪表数字显示屏,原装正品,带泰语菜单,可清除故障码（1-2天内发货）。智能仪表,温度计,多种功能。","p6 pro+","113.1","https://cf.shopee.co.th/file/cn-11134207-7r98o-lq1vuyla2at18e","https://TH.xiapibuy.com/product/1006280456/23580607386","汽车内饰配件","抬头显示器、速度表和仪表","IVCN202607108444","250167211326","https://detail.1688.com/offer/773397174647.html?kj_agent_plugin=aliprice&fromkv=xytTrace:212b5ecd17719856045346593e0e34&token=Mn%2FDWURIDSmDKhTL5Ej8ygs2PcouBhq0%2BXpF7yIWm39nat9%2BZzAEwBeLMxlwC%2FDZ","P1","07-17","250167211326","113.1","","40-60美金","20-40单","高价品"
"1","2个恶魔眼灯卡车LED挡风玻璃定制柔性霓虹矩阵面板汽车显示闪烁坏","2 个 16x64 LED 灯","112","https://cf.shopee.com.br/file/sg-11134201-7rep3-m84h4mo7duond1","https://BR.xiapibuy.com/product/834575742/27081836122","汽车零部件","电子","IVCN2026071012190","258064834573","https://detail.1688.com/offer/852952157772.html?kj_agent_plugin=aliprice&fromkv=xytTrace%3A2133d7d417840193788734210e0d79&token=uDkwipozy%2Fb50ADDRMLqiUxcLRRF82TxkcowlUnaFkAXJg2LEJp4qTbB9UFO7phU&tracelog=cps&clickid=29f2fba69ee724572a1e6b1d3c138a21&targetUrl=https%3A%2F%2Fs.click.1688.com%2Ft%3Fe%3DD2DC7A927D55C03D6511A0CCA913FD65D6FA062685DFF8F7D920A558D1D5758C4B369BE324A83E744B8F19128B0D93E33FB8088B45F57B9E47F28FD2CC0E231B18AD4F779334558760FEF997084D4D5331EB6FC8DBCADED4C6C8CEEEE21320CC4BD39EA2FE12E3B1E2A1C19FCEE6A3099926AD05A569821A63D3CF4DAB860A72727D18B5DF2E8F56348394BC3CC3C62B9992F8828C4BE89259D40C06DE009D929B6D4B702ADB161005908EAF48FA4EA15471A0B2C36D46F6278B9FDE2FEFE856DAF2229A58C5B7EB7B603C09A58339D200FAF1B86C1CEDBC081E0AAEA36F62CF43BB38D21E6818D54D7D70E697E8E699%26cbu_cps_trace_flag%3Dwrite","P0","07-17","258064834573","112","","20-40美金","20-40单","高价品"
"1","REAKOAUTO 7英寸可伸缩屏幕车载收音机立体声通用多媒体视频播放器,支持CarPlay、Android Auto、蓝牙、FM收音机,单DIN DVD播放器","收音机","111.76","https://cf.shopee.ph/file/sg-11134201-7rdwq-m0mhu4969fta3b","https://PH.xiapibuy.com/product/1477979394/40223080738","汽车内饰配件","导航和AV接收器","IVCN2026071010610","169092037736","相似款：https://detail.1688.com/offer/811079902406.html?fromkv=cbuPcPlugin:imageSearchDrawerCard&spm=a2639h.29135425.offerlist.i3&source=action%23offerItem%3Borigin%23cf.shopee.ph&amug_biz=oneself&amug_fl_src=awakeId_982","P1","07-17","169092037736","111.76","","20-40美金","20-40单","高价品"
"1","适用于五十铃 D-Max 2024（低矮型）LED 雾灯,兼容 D-Max 2024-2025 Space Cab 1.9 和 Spark 3.0 Cab4。（-2024LED-TH *21）","适用于五十铃 D-Max 2024（低矮型）LED 雾灯,兼容 D-Max 2024-2025 Space Cab 1.9 和 Spark 3.0 Cab4。（-2024LED-TH *21）","111.47","","https://TH.xiapibuy.com/product/19110542/26136577773","汽车零部件","电子","IVCN202607108258","208518176056","相似款：https://detail.1688.com/offer/822018890414.html?spm=a26352.b28411319/2508.0.0","P1","07-17","208518176056","111.47","","40-60美金","20-40单","高价品"
"1","Tomasetto AT09 Alaska – LPG 喷射系统汽化器 Tomasetto AT09 Alaska 120hp-140hp 带汽化器温度传感器。","Tomasetto AT09 Alaska – LPG 喷射系统汽化器 Tomasetto AT09 Alaska 120hp-140hp 带汽化器温度传感器。","111.1","","https://TH.xiapibuy.com/product/56543692/3623214706","汽车零部件","其他的","IVCN2026051312847","72150541912","https://detail.1688.com/offer/724370838757.html?fromkv=cbuPcPlugin:imageSearchDrawerCard&spm=a2639h.29135425.offerlist.i0&source=action%23offerItem%3Borigin%23shopee.co.th&amug_biz=oneself&amug_fl_src=awakeId_982","P1","07-17","72150541912","111.1","","20-40美金","20-40单","高价品"
"1","2根1.8英尺LED鞭状灯,通用RGB LED旗杆灯,彩色驾驶天线装饰灯,适用于汽车、SUV、ATV、UTV、RZR,12V","48厘米（1.57英尺）,二合一应用程序控制。","110.73","https://cf.shopee.co.th/file/sg-11134201-820n5-mnb44gi8zqbm0a","https://TH.xiapibuy.com/product/1801255120/51759226874","汽车零部件","电子","IVCN2026071012762","435816633071","相似款：https://detail.1688.com/offer/676856323284.html?fromkv=cbuPcPlugin:imageSearchDrawerCard&spm=a2639h.29135425.offerlist.i1&source=action%23offerItem%3Borigin%23cf.shopee.co.th&amug_biz=oneself&amug_fl_src=awakeId_982","P1","07-17","435816633071","110.73","","20-40美金","20-40单","高价品"
"1","4K超高清画质！前后双录行车记录仪,带GPS定位、170°广角、APP和WiFi连接、夜视模式、实时查看功能以及2.0英寸宽屏。","4K+AHD+WiFi","110.11","https://cf.shopee.co.th/file/th-11134207-81ztl-mf3no25xjle5ff","https://TH.xiapibuy.com/product/1566813361/26292204574","汽车内饰配件","摄像机和停车摄像头","IVCN2026061515623","253958862095","相似款：https://detail.1688.com/offer/925634550577.html?kj_agent_plugin=aliprice&fromkv=xytTrace:2132815517815855737835291e0f95&token=ZyEBqezbWflINzZqkP5%2FxX1aqkFaH%2FvG%2FXfH1gggAc7NmOrS2U8NfAapW3O%2B0nZt","P1","07-17","253958862095","110.11","","20-40美金","20-40单","高价品"
"1","适用于罗技 G923 G29 G27 G25 TH8A ETS2 和 ATS 斯堪尼亚高低速档模拟器的 USB 换挡按钮配件","适用于罗技 G923 G29 G27 G25 TH8A ETS2 和 ATS 斯堪尼亚高低速档模拟器的 USB 换挡按钮配件","110","","https://BR.xiapibuy.com/product/953693488/25861716357","汽车内饰配件","其他的","IVCN2026061515257","250296644820","https://detail.1688.com/offer/1050483225232.html?kj_agent_plugin=aliprice&fromkv=xytTrace:0","P0","07-17","250296644820","110","","20-40美金","20-40单","高价品"
"1","4合1汽车应急启动电源,20000mAh,带轮胎充气泵、移动电源和LED灯功能,12V应急启动电源","智能夹子（Max）","109.68","https://cf.shopee.ph/file/cn-11134207-820l4-mohwps1y9sss9e","https://PH.xiapibuy.com/product/1452921434/47210904315","汽车零部件","电子","IVCN2026071013426","380951072244","https://detail.1688.com/offer/1008908283039.html?kj_agent_plugin=aliprice&fromkv=xytTrace:0","P1","07-17","380951072244","109.68","","20-40美金","20-40单","高价品"
"1","适用于车载的7英寸和9英寸全高清液晶显示屏（2AV+VAG+FHD）,兼容手机和行车记录仪。[产品详情及上市信息如下。]","9英寸高清MI+2AV+VGA","108.54","https://cf.shopee.co.th/file/th-11134207-81ztf-mf10d98idonf08","https://TH.xiapibuy.com/product/16876891/11785278237","汽车内饰配件","摄像机和停车摄像头","IVCN2026051315065","301627138662","相似款：https://detail.1688.com/offer/581640950380.html?fromkv=cbuPcPlugin%3AimageSearchDrawerCard&spm=a2639h.29135425.offerlist.i3&source=action%23offerItem%3Borigin%23shopee.co.th&amug_biz=oneself&amug_fl_src=awakeId_982&version=default","P1","07-17","301627138662","108.54","","20-40美金","20-40单","高价品"
"2","（22合1）车载氛围灯交响曲室内亚克力光纤导光条DIY汽车装饰灯LED车灯条内饰照明APP控制","18合1","108","https://cf.shopee.com.my/file/cn-11134207-7r98o-lzyejandqaur9c","https://MY.xiapibuy.com/product/794626049/27410694567","汽车零部件","电子","IVCN2026051317171","118451033306","https://detail.1688.com/offer/956276021217.html?kj_agent_plugin=aliprice&fromkv=xytTrace:0bb405a417840209297607283e0c34&token=J99zBVF3Kh0XY7etmXpIRDseJ9lA1KKcgWj1FBvAGmgOKMIC%2BRXG7SltylHETrxU","P0","07-17","118451033306","108","","20-40美金","20-40单","高价品"
"1","适用于久保田和洋马拖拉机的直式后支撑杆,带夹式端部和中心支撑。","L47SP L50 L50SP L52","107.82","","https://TH.xiapibuy.com/product/62188797/22474874356","汽车零部件","尾气和排放","IVCN202604230617","108406382870","无同款","P1","07-17","108406382870","107.82","","40-60美金","20-40单","高价品"
"1","适用于2020款Revo（型号3、2022、2023、2024）的LED尾灯。原厂品质。含灯泡。单侧价格。*红色TW灯壳*","红白边框左*314","107.66","https://cf.shopee.co.th/file/th-11134207-81ztc-mmda2o6f124h18","https://TH.xiapibuy.com/product/19110542/52007863020","汽车零部件","电子","IVCN2026071011194","430698799802","相似款：https://detail.1688.com/offer/908277676286.html?fromkv=cbuPcPlugin:imageSearchDrawerCard&spm=a2639h.29135425.offerlist.i8&source=action%23offerItem%3Borigin%23cf.shopee.co.th&amug_biz=oneself&amug_fl_src=awakeId_982","P1","07-17","430698799802","107.66","","20-40美金","20-40单","高价品"
"1","适用于 2012 2013 2014 2015 款雪佛兰 Colorado 的替换前大灯透镜。","1对","107.55","","https://TH.xiapibuy.com/product/423887237/13388203859","汽车零部件","电子","IVCN2026051319653","143854696219","相似款：https://detail.1688.com/offer/831558018257.html?spm=a261y.7663282.3002526303362591.2.66f97a5evKSRxJ&sk=order&fromkv=cbuPcPlugin%3AimageSearchDrawerCard","P1","07-17","143854696219","107.55","","20-40美金","20-40单","高价品"
"1","3吨电动千斤顶,带便携箱。全套电动千斤顶配件包括用于拆卸电动轮毂螺母的扳手。","3吨电动千斤顶,带便携箱。全套电动千斤顶配件包括用于拆卸电动轮毂螺母的扳手。","107.37","","https://TH.xiapibuy.com/product/265694989/24712130900","汽车工具","其他的","IVCN202604231961","250306674552","https://detail.1688.com/offer/565530718731.html","P1","07-17","250306674552","107.37","","40-60美金","20-40单","高价品"
"1","Ranger 左前侧下部和右前侧下部挡风玻璃饰板（成对出售）。","Ranger 左前侧下部和右前侧下部挡风玻璃饰板（成对出售）。","107.1","","https://TH.xiapibuy.com/product/318671679/24317539872","汽车外饰配件","其他的","IVCN2026031323912","119112667456","https://detail.1688.com/offer/921530611021.html","P1","07-17","119112667456","107.1","","20-40美金","20-40单","高价品"
"1","适用于三菱帕杰罗（1991-1999款 V24 V31 V34 V44 V46）的空调仪表板出风口","中心+左+右（不含小）","106.96","https://cf.shopee.ph/file/cn-11134207-820l4-mgxg88ujsk5qff","https://PH.xiapibuy.com/product/1661239226/57551168969","汽车内饰配件","其他的","IVCN202607108346","390105887150","相似款：https://detail.1688.com/offer/673723675523.html?kj_agent_plugin=aliprice&fromkv=xytTrace:0","P1","07-17","390105887150","106.96","","20-40美金","20-40单","高价品"
"1","【10年保修】5合1汽车应急启动器198000mAh,兼容所有车型,应急启动器,便携式气泵,轮胎充气泵。","无线升级型号","106.75","https://cf.shopee.co.th/file/th-11134207-81zto-mj3xp4afot1i24","https://TH.xiapibuy.com/product/422237723/51004134755","汽车工具","轮胎压力检测器","IVCN2026061519223","340393355065","https://detail.1688.com/offer/696217890920.html?fromkv=cbuPcPlugin:imageSearchDrawerCard&spm=a2639h.29135425.offerlist.i0&source=action%23offerItem%3Borigin%23cf.shopee.co.th&amug_biz=oneself&amug_fl_src=awakeId_982","P1","07-17","340393355065","106.75","","80-100美金","20-40单","高价品"
"1","24V卡车恶魔眼灯卡车LED显示屏动态柔性面板LED矩阵像素面板APP风格","1 件 - 150 厘米 * 16.7 厘米,APP + 遥控器","106.51","https://cf.shopee.com.my/file/cn-11134207-7ras8-mdk6l6jbmvrb7e","https://MY.xiapibuy.com/product/794626049/44063794516","汽车零部件","电子","IVCN2026051314431","296140413056","相似款：https://detail.1688.com/offer/910822711232.html?kj_agent_plugin=aliprice&fromkv=xytTrace:0bab14ad17821961539146578e0dab&token=8yMy40R%2B9QEqd2bzF3S%2BkH2blvoMnJtvSJSjQKDT14djW8Od%2BLcdFO021U7CuIRy","P1","07-17","296140413056","106.51","","20-40美金","20-40单","高价品"
"1","适用于雪佛兰 Onix Prism 2016 2017 2018 2019 的汽车脚垫,定制汽车内饰脚垫","所以","106.3","https://cf.shopee.com.br/file/sg-11134202-7rbly-lqd5crmlnwbq2a","https://BR.xiapibuy.com/product/1016210456/28400429695","汽车内饰配件","地毯和垫子","IVCN2026021110338","205113428380","相似款：https://detail.1688.com/offer/863839067544.html?fromkv=cbuPcPlugin:imageSearchDrawerCard&spm=a2639h.29135425.offerlist.i1&source=action%23offerItem%3Borigin%23shopee.com.my&amug_biz=oneself&amug_fl_src=awakeId_982","P0","07-17","205113428380","106.3","","100-300美金","20-40单","高价品"
"1","汽车座椅套,防水汽车座椅套,防潮防污。","浅褐色的","105.93","https://cf.shopee.co.th/file/th-11134207-7qul1-ljayjrl2178of6","https://TH.xiapibuy.com/product/220258216/8787883270","汽车内饰配件","座椅及座椅套","IVCN2026071013196","231815041034","无同款","P1","07-17","231815041034","105.93","","20-40美金","20-40单","高价品"
"1","4种图案碳纤维织物（意大利）,150x100厘米,价格实惠。","4种图案碳纤维织物（意大利）,150x100厘米,价格实惠。","105.67","","https://TH.xiapibuy.com/product/141953147/26137612779","汽车外饰配件","其他的","IVCN2025111475661","270393070843","https://detail.1688.com/offer/908324572894.html?fromkv=cbuPcPlugin:imageSearchDrawerCard&spm=a2639h.29135425.offerlist.i4&source=action%23offerItem%3Borigin%23shopee.co.th&amug_biz=oneself&amug_fl_src=awakeId_982","P1","07-17","270393070843","105.67","","100-300美金","20-40单","高价品"
"1","黑色版 Momo Prototipo 赛车运动方向盘 14英寸 350毫米 真皮扁平","黑色的","105.46","https://cf.shopee.com.my/file/cn-11134207-7r98o-ly219x4ma90j90","https://MY.xiapibuy.com/product/740294426/27956002708","汽车内饰配件","方向盘及方向盘套","IVCN2025111462353","157390153147","https://detail.1688.com/offer/839318750662.html?spm=a26352.b28411319.offerlist.44.4fac1e62rmFN4t","P1","07-17","157390153147","105.46","","60-80美金","20-40单","高价品"
"2","【5年保修】5合1汽车应急启动器：汽车应急启动器、便携式气泵、便携式汽车充电器、轮胎充气泵。","豪华无线型号","105.42","https://cf.shopee.co.th/file/cn-11134207-820l4-mifrxedyqx3432","https://TH.xiapibuy.com/product/1440935277/47353353398","汽车零部件","电子","IVCN2026051320819","420362014566","相似款：https://detail.1688.com/offer/972844313087.html?kj_agent_plugin=aliprice&fromkv=xytTrace:0","P1","07-17","420362014566","105.42","","100-300美金","20-40单","高价品"
"1","电动排气控制阀 电动阀单元 带开关 2&2.36&2.5&3.0英寸 优异密封性 排气控制阀","2.0英寸（51毫米）","105.18","https://cf.shopee.ph/file/sg-11134201-23010-cmcah4mrv2lv98","https://PH.xiapibuy.com/product/800479419/18170809125","汽车零部件","尾气和排放","IVCN202604231005","165458101769","https://detail.1688.com/offer/625152355836.html","P1","07-17","165458101769","105.18","","100-300美金","20-40单","高价品"
"2","Jaecoo eJ6 EV 汽车脚垫 TPE 3D 防滑防水多色定制贴合易安装内饰配件","【黑色-TPE】,jaecoo j6 2025","105.03","https://cf.shopee.ph/file/cn-11134207-7ras8-mcj94pem0y3g19","https://PH.xiapibuy.com/product/1333199949/25196066957","汽车内饰配件","地毯和垫子","IVCN202606155617","39575352031","相似款：https://detail.1688.com/offer/992590036076.html?kj_agent_plugin=aliprice&fromkv=xytTrace:0","P1","07-17","39575352031","105.03","","40-60美金","20-40单","高价品"
"1","（18合1）亚克力LED灯条,App控制,适用于DIY汽车内饰装饰","18合1","105","https://cf.shopee.co.th/file/cn-11134207-7qukw-lg3ce0jqjnd483","https://TH.xiapibuy.com/product/595612284/20479226655","汽车零部件","电子","IVCN202605132959","221545515458","相似款：https://detail.1688.com/offer/908743409209.html?spm=a26352.b28411319/2508.0.0","P0","07-17","221545515458","105","","100-300美金","20-40单","高价品"
"1","Momo v1 意大利风格赛车漂移运动通用型 14 英寸 350 毫米真皮方向盘游戏方向盘 6 孔 70 毫米","黑色的","104.93","https://cf.shopee.ph/file/cn-11134207-7r98o-lwjrwankv02r5c","https://PH.xiapibuy.com/product/1207104142/24718742056","汽车内饰配件","方向盘及方向盘套","IVCN202607107448","127866392036","相似款：https://detail.1688.com/offer/825354044791.html?fromkv=cbuPcPlugin:imageSearchDrawerCard&spm=a2639h.29135425.offerlist.i0&source=action%23offerItem%3Borigin%23shopee.ph&amug_biz=oneself&amug_fl_src=awakeId_982","P1","07-17","127866392036","104.93","","20-40美金","20-40单","高价品"
"1","龟形后视镜,5个装和10个装,卡车配件。","一套10扇门","104.91","https://cf.shopee.co.th/file/th-11134207-23030-l79hhapy2jovc2","https://TH.xiapibuy.com/product/123497403/10255874164","汽车外饰配件","镜子及配件","IVCN2026031323478","102888436723","相似款：https://detail.1688.com/offer/794190818943.html?fromkv=cbuPcPlugin:imageSearchDrawerCard&spm=a2639h.29135425.offerlist.i0&source=action%23offerItem%3Borigin%23shopee.co.th&amug_biz=oneself&amug_fl_src=awakeId_982","P1","07-17","102888436723","104.91","","20-40美金","20-40单","高价品"
"1","四合一汽车应急启动电源移动电源便携式打气筒轮胎充气泵便携式可充电汽车启动器","四合一升级版🔥","104.36","https://cf.shopee.com.my/file/cn-11134207-7ras8-m8ead0scwqsyc7","https://MY.xiapibuy.com/product/990762059/25024705374","汽车保养","轮胎及轮毂保养","IVCN2025122215782","89156559371","https://detail.1688.com/offer/858076754528.html?fromkv=cbuPcPlugin:imageSearchDrawerCard&spm=a2639h.29135425.offerlist.i0&source=action%23offerItem%3Borigin%23shopee.com.my&amug_biz=oneself&amug_fl_src=awakeId_982","P1","07-17","89156559371","104.36","","20-40美金","20-40单","高价品"
"1","正品碳纤维织物{4股编织（280克）,织物尺寸150 x 65厘米（适用于新款汽车后备箱盖/仅限织物）}。2种选择：意大利织物或台湾织物。","意大利托雷","104.36","https://cf.shopee.co.th/file/th-11134207-81ztj-mfdqeo0w5fyl9e","https://TH.xiapibuy.com/product/237495324/22375740389","汽车外饰配件","贴纸、标志和徽章","IVCN202607107844","243988390068","无同款","P1","07-17","243988390068","104.36","","20-40美金","20-40单","高价品"
"1","12V气喇叭压缩机,3升容量,150PSI,适用于汽车、卡车、船舶、火车。带3升储气罐的气泵/充气泵。","12V气喇叭压缩机,3升容量,150PSI,适用于汽车、卡车、船舶、火车。带3升储气罐的气泵/充气泵。","104.16","","https://TH.xiapibuy.com/product/265691448/24500918959","汽车工具","轮胎压力检测器","IVCN2026021111789","225799904060","https://detail.1688.com/offer/920747564412.html?fromkv=cbuPcPlugin:imageSearchDrawerCard&spm=a2639h.29135425.offerlist.i2&source=action%23offerItem%3Borigin%23shopee.co.th&amug_biz=oneself&amug_fl_src=awakeId_982","P1","07-17","225799904060","104.16","","20-40美金","20-40单","高价品"
"1","【5年质保】四合一汽车应急启动器、电动气泵、轮胎充气泵、便携式气泵、应急启动器","豪华无线型号","104.11","https://cf.shopee.co.th/file/cn-11134207-820l4-mpywmf5u3i181d","https://TH.xiapibuy.com/product/1440935277/43823456878","汽车工具","轮胎压力检测器","IVCN2026061517471","286907318013","相似款：https://detail.1688.com/offer/985350266795.html?spm=a26352.b28411319/2508.0.0","P1","07-17","286907318013","104.11","","20-40美金","20-40单","高价品"
"1","【5年质保】四合一汽车应急启动器、电动气泵、轮胎充气泵、便携式气泵、应急启动器","无线升级型号","104.08","https://cf.shopee.co.th/file/cn-11134207-820l4-mpywmczj65fl18","https://TH.xiapibuy.com/product/1440935277/43823456878","汽车工具","轮胎压力检测器","IVCN2026041045495","286907318012","违禁品：移动电源","P1","07-17","286907318012","104.08","","20-40美金","20-40单","高价品"
"2","[1 Year Warranty] 12V Car Jump Starter Power Bank With Tire Air Pump Car Emergency Starting Power Supply 汽车应急启动电源 充电宝","汽车应急启动器（带气泵）","103.9","https://cf.shopee.sg/file/cn-11134207-7ras8-mcq5wuk5pipsd8","https://SG.xiapibuy.com/product/987808211/29939782696","汽车零部件","电子","IVCN202607108814","266054692082","https://detail.1688.com/offer/670811027075.html?kj_agent_plugin=aliprice&fromkv=xytTrace:0bf89a7417840166347396342e0f8f&token=MxJqcEM4e4mMfTecTinmdivUOFvNcitKDLFp2SVhoIK1KMtX9Xw2s6%2FSPJEXvgDn","P0","07-17","266054692082","103.9","","40-60美金","20-40单","高价品"
"1","UGREEN 便携式摩托车、汽车、自行车用气泵 - 电动轮胎充气泵。","UGREEN 便携式摩托车、汽车、自行车用气泵 - 电动轮胎充气泵。","103.61","","https://TH.xiapibuy.com/product/181220184/28722594518","汽车保养","轮胎及轮毂保养","IVCN2026071010554","237236007120","相似款：https://detail.1688.com/offer/952511847717.html?spm=a26352.b28411319/2508.0.0","P1","07-17","237236007120","103.61","","20-40美金","20-40单","高价品"
"1","大型LED恶魔眼显示屏,可通过应用程序远程控制。专为前挡风玻璃设计；支持自定义文字和动态图案。可DIY,兼容轿车、卡车和巴士。","150厘米*16.6厘米,遥控器+APP","103.22","https://cf.shopee.com.my/file/sg-11134201-8262k-mmfrc519bs3m8d","https://MY.xiapibuy.com/product/867705818/51307960223","汽车零部件","电子","IVCN202607108868","430706515584","相似款：https://detail.1688.com/offer/849265461129.html?fromkv=cbuPcPlugin:imageSearchDrawerCard&spm=a2639h.29135425.offerlist.i0&source=action%23offerItem%3Borigin%23cf.shopee.com.my&amug_biz=oneself&amug_fl_src=awakeId_982","P1","07-17","430706515584","103.22","","20-40美金","20-40单","高价品"
"1","【5年质保】198000mAh 四合一便携式汽车应急启动电源,兼容所有车型,集汽车应急启动器、便携式气泵、便携式汽车应急启动器于一体","豪华无线型号","103.21","https://cf.shopee.co.th/file/th-11134207-81zte-mm370c60r9c43a","https://TH.xiapibuy.com/product/1682777693/53257500689","汽车工具","其他的","IVCN2026051316039","310668197406","相似款：https://detail.1688.com/offer/1029542458272.html?fromkv=cbuPcPlugin:imageSearchDrawerCard&spm=a2639h.29135425.offerlist.i0&source=action%23offerItem%3Borigin%23cf.shopee.co.th&amug_biz=oneself&amug_fl_src=awakeId_982","P1","07-17","310668197406","103.21","","20-40美金","20-40单","高价品"
"2","【5年质保】5合1便携式汽车应急启动电源 198000mAh 电动气泵 汽车启动辅助应急启动器","豪华无线型号","103.21","https://cf.shopee.co.th/file/cn-11134207-820l4-miqt5nnyikuff1","https://TH.xiapibuy.com/product/1440935277/40027380589","汽车零部件","电子","IVCN2026051315761","307292420992","相似款：https://detail.1688.com/offer/1029542458272.html?fromkv=cbuPcPlugin:imageSearchDrawerCard&spm=a2639h.29135425.offerlist.i0&source=action%23offerItem%3Borigin%23cf.shopee.co.th&amug_biz=oneself&amug_fl_src=awakeId_982","P1","07-17","307292420992","103.21","","60-80美金","20-40单","高价品"
"1","Celoglo 12V25A FPT-250 电池充电器,适用于 9 种类型的电池,新增 BOOSTER 模式,可快速充电,200 秒内即可启动,高功率 25A。","🔥红色","102.59","https://cf.shopee.co.th/file/sg-11134201-82266-mhfusq66qcjw33","https://TH.xiapibuy.com/product/1430410240/47502036387","汽车零部件","电子","IVCN2026071011404","445196328560","https://detail.1688.com/offer/1042722963452.html?kj_agent_plugin=aliprice&fromkv=xytTrace:0","P1","07-17","445196328560","102.59","","20-40美金","20-40单","高价品"
"1","🚨即插即用！🚨 适用于2012-2019款五十铃D-Max的LED尾灯一对。色彩鲜艳,高品质尾灯,带防漏插头。","超值优惠：1 双","102.45","https://cf.shopee.co.th/file/th-11134207-81ztj-ml613ho4aako11","https://TH.xiapibuy.com/product/425065463/48106497028","汽车零部件","电子","IVCN2026071014594","435621332915","https://detail.1688.com/offer/719439798087.html?kj_agent_plugin=aliprice&fromkv=xytTrace:0b51056217840207635766293e0ca7&token=FaFaw4%2BR%2BO9qHTw59mk7r37dN3sofehsS2w%2BrXuZ%2BmrfbsXqDOABgznfoFGSbtpA","P1","07-17","435621332915","102.45","","20-40美金","20-40单","高价品"
"1","无线 CarPlay + 视频,兼容 iPhone,即插即用,支持内置 YouTube/Netflix/Tiik。","CarPlay+视频","101.74","https://cf.shopee.co.th/file/th-11134207-81ztf-mg7g9v70mxoo41","https://TH.xiapibuy.com/product/513263151/24573076943","汽车内饰配件","导航和AV接收器","IVCN2026071011546","257008580435","https://detail.1688.com/offer/714350472808.html?fromkv=cbuPcPlugin:imageSearchDrawerCard&spm=a2639h.29135425.offerlist.i0&source=action%23offerItem%3Borigin%23shopee.co.th&amug_biz=oneself&amug_fl_src=awakeId_982","P1","07-17","257008580435","101.74","","40-60美金","20-40单","高价品"
"1","适用于丰田考斯特的尾灯/尾灯/刹车灯/后灯","银,普通品质（L）","101.66","https://cf.shopee.ph/file/cn-11134207-7ras8-mbyjoror70pl83","https://PH.xiapibuy.com/product/626397347/22167706392","汽车零部件","电子","IVCN2026071014380","186154337683","https://detail.1688.com/offer/1019641624286.html?fromkv=cbuPcPlugin:imageSearchDrawerCard&spm=a2639h.29135425.offerlist.i2&source=action%23offerItem%3Borigin%23cf.shopee.ph&amug_biz=oneself&amug_fl_src=awakeId_982","P0","07-17","186154337683","101.66","","40-60美金","20-40单","高价品"
"2","四合一汽车应急启动电源 20000mAh 汽车应急启动电源 带气泵 应急启动电源 移动电源 汽车电瓶应急启动电源","智能夹（黑色）+收纳盒","101.5","https://cf.shopee.ph/file/cn-11134207-820l4-mjy27y9oh89066","https://PH.xiapibuy.com/product/1452921434/26925468766","汽车零部件","电子","IVCN202606157189","375487960144","https://detail.1688.com/offer/930221719907.html?spm=a26352.b28411319/2508.0.0","P1","07-17","375487960144","101.5","","100-300美金","20-40单","高价品"
"1","🚎可同时给4个轮胎充气🚎 无绳电动气泵,锂电池,6000mAh便携式气泵,汽车轮胎充气泵。","468V电池*1","100.8","https://cf.shopee.co.th/file/th-11134207-81zte-mk7y5uhv7pj8be","https://TH.xiapibuy.com/product/422452540/28234233537","汽车工具","轮胎压力检测器","IVCN2026071014118","425518084493","https://detail.1688.com/offer/847799572069.html?spm=a26352.b28411319/2508.0.0","P1","07-17","425518084493","100.8","","20-40美金","20-40单","高价品"
"1","五十铃新款D-MAX 1.9（ALLNEW 1.9）2015-2020款前桥排气管总成","五十铃新款D-MAX 1.9（ALLNEW 1.9）2015-2020款前桥排气管总成","100.24","","https://MY.xiapibuy.com/product/843573293/18689013736","汽车零部件","尾气和排放","IVCN2025122216680","165904262471","无同款","P1","07-17","165904262471","100.24","","40-60美金","20-40单","高价品"
"1","东芝SciB钛酸锂电池12V便携式汽车充电器、汽车应急启动器、应急启动电源","12V 600cca 改装版","100.19","https://cf.shopee.co.th/file/5f182df3d3d9d34bafae1f60e56b7974","https://TH.xiapibuy.com/product/324402712/13482381771","汽车零部件","电子","IVCN202606155577","39024418451","链接失效","P1","07-17","39024418451","100.19","","80-100美金","20-40单","高价品"
"2","适用于铃木Ciaz 2015 2016 2017 2018 2019款的后保险杠尾灯","右侧外侧。","100","","https://TH.xiapibuy.com/product/674991695/21595845577","汽车零部件","电子","IVCN202607107656","235896177534","https://detail.1688.com/offer/1013342790654.html?fromkv=cbuPcPlugin:imageSearchDrawerCard&spm=a2639h.29135425.offerlist.i2&source=action%23offerItem%3Borigin%23shopee.co.th&amug_biz=oneself&amug_fl_src=awakeId_982","P0","07-17","235896177534","100","","20-40美金","20-40单","高价品"
"2","适用于铃木Ciaz 2015 2016 2017 2018 2019款的后保险杠尾灯","左侧外侧。","100","","https://TH.xiapibuy.com/product/674991695/21595845577","汽车零部件","电子","IVCN202607107656","235896177532","https://detail.1688.com/offer/1013342790654.html?fromkv=cbuPcPlugin:imageSearchDrawerCard&spm=a2639h.29135425.offerlist.i2&source=action%23offerItem%3Borigin%23shopee.co.th&amug_biz=oneself&amug_fl_src=awakeId_982","P0","07-17","235896177532","100","","20-40美金","20-40单","高价品"
"1","外置燃油泵,KING品牌,型号044,大尺寸,6巴压力,12V。高品质,经久耐用。","外置燃油泵,KING品牌,型号044,大尺寸,6巴压力,12V。高品质,经久耐用。","100","","https://TH.xiapibuy.com/product/138217392/15736551894","汽车零部件","燃油系统","IVCN2026051320699","151731213778","相似款：https://detail.1688.com/offer/684475782029.html?fromkv=cbuPcPlugin:imageSearchDrawerCard&spm=a2639h.29135425.offerlist.i0&source=action%23offerItem%3Borigin%23shopee.co.th&amug_biz=oneself&amug_fl_src=awakeId_982","P0","07-17","151731213778","100","","60-80美金","20-40单","高价品"
"1","适用于 BT50 PRO 2012-2019 的车门密封条。BT50PRO 密封条、车窗边缘密封条、外部密封条。","共4行。","100","","https://TH.xiapibuy.com/product/283721754/24667254551","汽车零部件","发动机零件","IVCN2025111459875","119111887457","https://detail.1688.com/offer/911406671192.html?spm=a26352.b28411319.offerlist.12.4a9b1e62ABNUDX","P0","07-17","119111887457","100","","80-100美金","20-40单","高价品"
"1","[索尼 2053] Evean 360 3D AHD 1080P 720P 全景摄像头,360° 车载摄像头,环绕鸟瞰车载摄像头（右 + 左 + 前 + 后）,内置 360 应用程序,Android 播放器。","[索尼]AHD 1080P 25fps🔥","99.8","https://cf.shopee.co.th/file/cn-11134207-820l4-mg1q9u2e3x1r12","https://TH.xiapibuy.com/product/164949205/27505164492","汽车内饰配件","摄像机和停车摄像头","IVCN2026051321273","157377654451","相似款：https://detail.1688.com/offer/753428348321.html?kj_agent_plugin=aliprice&fromkv=xytTrace:212b9de517605172533012101e107a&token=g8HGkfOKd3KtphfKGYiTByqLrF2RpyhgaMN2d%2Fp36Zi7Fh3TR%2BFCz5F62H2n89JB","P1","07-17","157377654451","99.8","","100-300美金","20-40单","高价品"
"1","适用于丰田Fortuner 2012-2015款的替换前大灯透镜/大灯罩,原装品质","左右","99.34","","https://PH.xiapibuy.com/product/1009085387/40858197373","汽车零部件","电子","IVCN202606159345","149225402075","https://detail.1688.com/offer/703185740859.html?fromkv=cbuPcPlugin:imageSearchDrawerCard&spm=a2639h.29135425.offerlist.i0&source=action%23offerItem%3Borigin%23down-ph.img.susercontent.com&amug_biz=oneself&amug_fl_src=awakeId_982","P1","07-17","149225402075","99.34","","20-40美金","20-40单","高价品"
"1","【现货】PERODUA MYVI SE 2 侧裙 PUR GETAH 橡胶 2006 2007 2008 2009 2010","1 对","98.95","","https://MY.xiapibuy.com/product/145292081/22248845760","汽车零部件","车身、车架和保险杠","IVCN202602117642","166047241217","相似款：https://detail.1688.com/offer/748850883864.html?spm=a26352.b28411319.offerlist.21.133b1e62UYFB0A","P1","07-17","166047241217","98.95","","40-60美金","20-40单","高价品"
"2","24V卡车恶魔眼灯卡车LED显示屏动态柔性面板","1 件 - 120 厘米","98.7","https://cf.shopee.ph/file/sg-11134201-7rfg7-m4ft0npz27w482","https://PH.xiapibuy.com/product/561873327/27222246789","汽车零部件","电子","IVCN2026061512121","205688081622","https://detail.1688.com/offer/849265461129.html?fromkv=cbuPcPlugin:imageSearchDrawerCard&spm=a2639h.29135425.offerlist.i5&source=action%23offerItem%3Borigin%23cf.shopee.ph&amug_biz=oneself&amug_fl_src=awakeId_982","P1","07-17","205688081622","98.7","","20-40美金","20-40单","高价品"
"2","24V卡车恶魔眼灯卡车LED显示屏动态柔性面板","1 件-200厘米","98.56","https://cf.shopee.ph/file/cn-11134207-7ras8-m4ft05qndgd598","https://PH.xiapibuy.com/product/561873327/27222246789","汽车零部件","电子","IVCN2026061512121","205688081624","https://detail.1688.com/offer/856819846948.html?spm=a26352.b28411319.offerlist.23.7e5c1e62rLzznS","P1","07-17","205688081624","98.56","","40-60美金","20-40单","高价品"
"1","2个H7 H4 LED大灯 H1 H11 9005 9006 9012 6500K 4300K 3000K 三色遥控汽车灯","三色闪光灯,H4","98","","https://BR.xiapibuy.com/product/269503486/47206702166","汽车零部件","电子","IVCN2026071014290","282431095560","https://detail.1688.com/offer/1048267195892.html?kj_agent_plugin=aliprice&fromkv=xytTrace:0","P0","07-17","282431095560","98","","20-40美金","20-40单","高价品"
"2","【5年质保】5合1便携式汽车应急启动电源 198000mAh 电动气泵 汽车启动辅助应急启动器","无线升级型号","97.47","https://cf.shopee.co.th/file/cn-11134207-820l4-miqt5mzmo35v94","https://TH.xiapibuy.com/product/1440935277/40027380589","汽车零部件","电子","IVCN2026051315761","415320492958","相似款：https://detail.1688.com/offer/1029542458272.html?fromkv=cbuPcPlugin:imageSearchDrawerCard&spm=a2639h.29135425.offerlist.i0&source=action%23offerItem%3Borigin%23cf.shopee.co.th&amug_biz=oneself&amug_fl_src=awakeId_982","P1","07-17","415320492958","97.47","","20-40美金","20-40单","高价品"
"1","卡车/平板货车货物网,长 7 米,6 毫米双面绳,11 个网眼宽（2.7 米）。","卡车/平板货车货物网,长 7 米,6 毫米双面绳,11 个网眼宽（2.7 米）。","96.43","","https://TH.xiapibuy.com/product/69146103/22275180417","汽车外饰配件","其他的","IVCN202605137097","29715616470","相似款：https://detail.1688.com/offer/843997171794.html?fromkv=cbuPcPlugin:imageSearchDrawerCard&spm=a2639h.29135425.offerlist.i10&source=action%23offerItem%3Borigin%23shopee.co.th&amug_biz=oneself&amug_fl_src=awakeId_982","P0","07-17","29715616470","96.43","","40-60美金","20-40单","高价品"
"1","带远程启动和发动机启动按钮的汽车防盗报警器、智能应用程序、汽车远程停止/启动系统、带远程自动点火功能的发动机一键启动系统。","DQD-LY(XBM)","96.27","https://cf.shopee.com.br/file/ph-11134201-23020-af6zucybqunv77","https://BR.xiapibuy.com/product/568325665/21015642599","汽车内饰配件","锁具与安防","IVCN2026031326026","181736215813","相似款：https://detail.1688.com/offer/972423454916.html?kj_agent_plugin=aliprice&fromkv=xytTrace:0","P1","07-17","181736215813","96.27","","20-40美金","20-40单","高价品"
"1","1-2个恶魔之眼LED汽车挡风玻璃灯屏,USB插入式,DIY APP控制,灵活滚动显示屏","2件 11x49厘米","96.06","https://cf.shopee.com.br/file/cn-11134207-7ras8-m7u93rit9jy3c4","https://BR.xiapibuy.com/product/1139285351/27730990568","汽车零部件","电子","IVCN202607108666","224003329592","相似款：https://detail.1688.com/offer/981133680733.html?kj_agent_plugin=aliprice&fromkv=xytTrace:213f867c17840216381363156e1012&token=mZ1CzfXjWOuDde22maYd6muf%2FHcwwW54WEOo23eq0Q5krDqtj%2B27Qx4CWTY03kZ1","P1","07-17","224003329592","96.06","","40-60美金","20-40单","高价品"
"1","三菱 Triton 尾灯后尾灯 Lampu Belakang Low Spec 适用于 2019-2022 款三菱 Triton,带线束、开关和灯泡（不含灯条）","左侧乘客侧","95.83","https://cf.shopee.com.my/file/cn-11134207-7ras8-m0k38fcpc69zf1","https://MY.xiapibuy.com/product/1333089528/27312265160","汽车零部件","电子","IVCN2026071012856","166699482374","https://detail.1688.com/offer/806430951245.html?kj_agent_plugin=aliprice&fromkv=xytTrace:21360a2e17840203084536626e0dda&token=VzHkYaPt53qtmv8Btwy5pLm2qtC8r7km55EQ5%2F6jUMgFW6JTbWPArfCOQQDdnI50","P1","07-17","166699482374","95.83","","20-40美金","20-40单","高价品"
"1","AUTOPS 便携式轮胎充气泵和汽车应急启动器,适用于汽车、自行车、摩托车、球类","4合1普通夹子 - 黑色","95.81","https://cf.shopee.com.my/file/sg-11134201-7ra3c-mbca33y24axv50","https://MY.xiapibuy.com/product/954313378/26827990262","汽车保养","轮胎及轮毂保养","IVCN2026041035771","157707825318","https://detail.1688.com/offer/837929554191.html?kj_agent_plugin=aliprice&fromkv=xytTrace:2108837b17652481789214499e0fc7&token=JRomKQDCjMNkSkFhSRXe7AFo8X2H1J%2Fgf%2ByZc7k%2FQLBRJBN6RDbJ2ptWbyCyxCe4","P1","07-17","157707825318","95.81","","20-40美金","20-40单","高价品"
"1","适用于特斯拉 2026 新款 Model YL 前后门槛饰条 ABS 防踢垫门边保护器配件。","C：全套 - 6 件,YL 型号","95.75","https://cf.shopee.co.th/file/cn-11134207-820l4-mncizdeem1om83","https://TH.xiapibuy.com/product/1079923138/48009300777","汽车外饰配件","门槛板","IVCN2026061519945","370820377199","相似款：https://detail.1688.com/offer/992578385126.html?fromkv=cbuPcPlugin:imageSearchDrawerCard&spm=a2639h.29135425.offerlist.i4&source=action%23offerItem%3Borigin%23cf.shopee.co.th&amug_biz=oneself&amug_fl_src=awakeId_982","P0","07-17","370820377199","95.75","","100-300美金","20-40单","高价品"
"2","日产骊威（2007-2012）前大灯/前照灯","右（驾驶员）","95.34","","https://MY.xiapibuy.com/product/349412107/24477292062","汽车零部件","电子","IVCN202607109866","232741159577","https://detail.1688.com/offer/664631260075.html?kj_agent_plugin=aliprice&fromkv=xytTrace%3A0b0fdc4f17840122571662416e0ef3&token=AZ%2BZz%2BYyz%2BQQd%2BRG1Ix5yqRqVKLhV09b6sYOvAMIQwJqn8C5wLxf%2FMLFttElcpKU&tracelog=cps&clickid=86bfe4fa5e8a4c6823b29e520bf9306f&targetUrl=https%3A%2F%2Fs.click.1688.com%2Ft%3Fe%3DD2DC7A927D55C03D6511A0CCA913FD65D6FA062685DFF8F7D920A558D1D5758C4B369BE324A83E744B8F19128B0D93E33FB8088B45F57B9E47F28FD2CC0E231B18AD4F779334558760FEF997084D4D5331EB6FC8DBCADED4C6C8CEEEE21320CC4BD39EA2FE12E3B1E2A1C19FCEE6A3099926AD05A569821A63D3CF4DAB860A72727D18B5DF2E8F56348394BC3CC3C62B9992F8828C4BE8920DF885A84D55C62F8921E221361547BC61182F577F7E7DE5F0439ECC4AE10787E2CF3BADEA55605F0EF9471354D9B0185460C57D4E0EA00D1AFDC498695BF8A023B99C58CCDEE8B1BBDBB4862B5948CE06A142FEA0CD9659%26cbu_cps_trace_flag%3Dwrite","P1","07-17","232741159577","95.34","","40-60美金","20-40单","高价品"
"1","SANTINO 【5年质保】应急启动电源,带快速充电功能,150Psi,适用于汽车应急启动器和汽车充电线","启动【SUIT-3】","95.3","https://cf.shopee.com.my/file/my-11134207-7rasj-makoe4edphnu3a","https://MY.xiapibuy.com/product/539857789/27428577273","汽车保养","轮胎及轮毂保养","IVCN2026071014050","295260215509","相似款：https://detail.1688.com/offer/778396063328.html?spm=a26352.b28411319/2508.0.0https://detail.1688.com/offer/1043932531114.html?spm=a26352.b28411319/2508.0.0","P0","07-17","295260215509","95.3","","20-40美金","20-40单","高价品"
"1","SANTINO 【5年质保】应急启动电源,带快速充电功能,150Psi,适用于汽车应急启动器和汽车充电线","启动【SUIT-1】","95.3","https://cf.shopee.com.my/file/my-11134207-7rasi-ma2cz7o4e02tc4","https://MY.xiapibuy.com/product/539857789/27428577273","汽车保养","轮胎及轮毂保养","IVCN2026021115603","290147235046","相似款：https://detail.1688.com/offer/778396063328.html?spm=a26352.b28411319/2508.0.0https://detail.1688.com/offer/1043932531114.html?spm=a26352.b28411319/2508.0.0","P0","07-17","290147235046","95.3","","20-40美金","20-40单","高价品"
"2","【5年保修】5合1汽车应急启动器：汽车应急启动器、便携式气泵、便携式汽车充电器、轮胎充气泵。","无线升级型号","95.08","https://cf.shopee.co.th/file/cn-11134207-820l4-mifrxd0aosg0e7","https://TH.xiapibuy.com/product/1440935277/47353353398","汽车零部件","电子","IVCN2026051320819","420362014565","相似款：https://detail.1688.com/offer/972844313087.html?kj_agent_plugin=aliprice&fromkv=xytTrace:0","P1","07-17","420362014565","95.08","","40-60美金","20-40单","高价品"
"1","MOMO 13英寸通用麂皮方向盘（330毫米）","方向盘","95","https://cf.shopee.com.br/file/cn-11134207-820l4-mn5fgfdsiha833","https://BR.xiapibuy.com/product/991784421/47452817048","汽车内饰配件","方向盘及方向盘套","IVCN2026031332370","335269458221","相似款：https://detail.1688.com/offer/952997471801.html?fromkv=cbuPcPlugin:imageSearchDrawerCard&spm=a2639h.29135425.offerlist.i2&source=action%23offerItem%3Borigin%23shopee.com.br&amug_biz=oneself&amug_fl_src=awakeId_982","P0","07-17","335269458221","95","","20-40美金","20-40单","高价品"
"1","H11 LED雾灯透镜投影仪三色3.0英寸适用于本田锋范/思域/CRV/雅阁/飞度/爵士雾灯","三种颜色（单反光片）","95","https://cf.shopee.ph/file/cn-11134207-7ras8-m9tzrnm0rpoc01","https://PH.xiapibuy.com/product/422226834/25232462123","汽车零部件","电子","IVCN2026061514929","246053383745","相似款：https://detail.1688.com/offer/980074986420.html?kj_agent_plugin=aliprice&fromkv=xytTrace:212b5ecd17815905964187991e0c06&token=Vri2nEaV2EenbxtaBH0EMjEO3G3Ujt%2BhWwUBbUcezgvG0TM2ly%2BMJMER4ft2Bleq","P0","07-17","246053383745","95","","20-40美金","20-40单","高价品"
"1","三菱 Mirage Attrage 发动机舱盖隔热垫 - 三菱汽车配件 - 两厢车/G4","三菱 Mirage Attrage 发动机舱盖隔热垫 - 三菱汽车配件 - 两厢车/G4","95","","https://PH.xiapibuy.com/product/1251614634/41500879723","汽车零部件","其他的","IVCN202508284062","243420277574","相似款：https://detail.1688.com/offer/829572057229.html?fromkv=cbuPcPlugin:imageSearchDrawerCard&spm=a2639h.29135425.offerlist.i4&source=action%23offerItem%3Borigin%23shopee.ph&amug_biz=oneself&amug_fl_src=awakeId_982","P0","07-17","243420277574","95","","20-40美金","20-40单","高价品"
"1","四合一 10000mAh 汽车应急启动电源 便携式轮胎充气泵 车辆及设备充电","智能夹（黑色）","94.28","https://cf.shopee.ph/file/ph-11134207-7rasi-mawkfkiypga6c1","https://PH.xiapibuy.com/product/933057949/28537514143","汽车工具","测试、诊断和维修工具","IVCN202508287496","139384972326","https://detail.1688.com/offer/931619256161.html?kj_agent_plugin=aliprice&fromkv=xytTrace:0b51056217749436271217327e0fd0&token=e%2FeO6wwnKc6cMfkuKMXqXEB7si%2BsqegTrP4lJ3vP1q7TWvaaDcn6KufvuYpoyNch","P1","07-17","139384972326","94.28","","20-40美金","20-40单","高价品"
"1","【Apex】ORA 5 储物盒,汽车扶手箱收纳盒,中控台和扶手装饰,内饰配件","灰色四件套。","94.2","https://cf.shopee.co.th/file/cn-11134207-820l4-mopmv8xiwr9p97","https://TH.xiapibuy.com/product/1770204498/44711230367","汽车内饰配件","收纳盒和隔层","IVCN2026071011712","249245171755","无同款","P1","07-17","249245171755","94.2","","20-40美金","20-40单","高价品"
"1","P6 OBD+GPS 双系统抬头显示器汽车 HUD 仪表数字 OBD2 仪表汽车速度表","P6 Ultra","94.06","https://cf.shopee.ph/file/cn-11134207-820l4-mexp55bb94w6ac","https://PH.xiapibuy.com/product/1262309502/28960869234","汽车内饰配件","抬头显示器、速度表和仪表","IVCN2026021116123","301674201784","https://detail.1688.com/offer/818592410835.html?kj_agent_plugin=aliprice&fromkv=xytTrace:0","P1","07-17","301674201784","94.06","","80-100美金","20-40单","高价品"
"1","YAILIS 摩托车可折叠扶手带安全护栏 - 多功能,兼容电动滑板车、Nellie 自行车,并增强儿童安全。","一","93.64","https://cf.shopee.co.th/file/sg-11134201-8262v-mj6inbadgttx32","https://TH.xiapibuy.com/product/1072943419/48654305402","汽车外饰配件","其他的","IVCN2026051315771","307315220449","无同款","P1","07-17","307315220449","93.64","","20-40美金","20-40单","高价品"
"2","（22合1）车载氛围灯交响曲室内亚克力光纤导光条DIY汽车装饰LED灯条汽车内饰APP控制","10合1","93.58","https://cf.shopee.co.th/file/cn-11134207-7r98o-lzyej69i5c376c","https://TH.xiapibuy.com/product/595612284/27710695001","汽车零部件","电子","IVCN2026071011614","118451037746","https://detail.1688.com/offer/956276021217.html?kj_agent_plugin=aliprice&fromkv=xytTrace:0bb405a417840209297607283e0c34&token=J99zBVF3Kh0XY7etmXpIRDseJ9lA1KKcgWj1FBvAGmgOKMIC%2BRXG7SltylHETrxU","P1","07-17","118451037746","93.58","","20-40美金","20-40单","高价品"
"1","正品 OBD2+GPS 智能仪表 A590 Plus - 泰语菜单,易于使用,实时测量,数字汽车仪表智能仪表数字仪表","A590-PRO 智能仪表","93.34","https://cf.shopee.co.th/file/sg-11134201-7repj-mdu61vpidbdpe7","https://TH.xiapibuy.com/product/1005651486/42514998308","汽车内饰配件","抬头显示器、速度表和仪表","IVCN202604230695","119550311797","https://detail.1688.com/offer/947674761269.html?kj_agent_plugin=aliprice&fromkv=xytTrace:0b5681be17637136195304540e0c66&token=bU6WmObXVBbVbuiRQdpMxLXxgbMwJCfQhZGbTFLqZ40Z4m9%2Fi5kvr9WEhbjY%2FoVv","P1","07-17","119550311797","93.34","","100-300美金","20-40单","高价品"
"1","Atiker LPG 减速器 VR01 - LPG 吸入系统减速器,Atiker 品牌。","Atiker LPG 减速器 VR01 - LPG 吸入系统减速器,Atiker 品牌。","92.59","","https://TH.xiapibuy.com/product/56543692/5713336023","汽车零部件","其他的","IVCN202602111519","62150550030","相似款：https://detail.1688.com/offer/719106361475.html?kj_agent_plugin=aliprice&fromkv=xytTrace:0","P1","07-17","62150550030","92.59","","40-60美金","20-40单","高价品"
"1","AUTOPS 便携式轮胎充气泵和汽车应急启动器,适用于汽车、自行车、摩托车、球类","4合1智能夹 - 黑色","92.59","https://cf.shopee.com.my/file/sg-11134201-7ra25-mbca2x7jz4uo4c","https://MY.xiapibuy.com/product/954313378/26827990262","汽车保养","轮胎及轮毂保养","IVCN2026061516003","258548774147","https://detail.1688.com/offer/929438660115.html?kj_agent_plugin=aliprice&fromkv=xytTrace:0bab14ad17652482132321768e0da2&token=KzP9NlT6knY%2B8twnnY8MCvebXNz5nFTehQyXMUWpt4x3VkQQnjGineJxU6ch2MB0","P1","07-17","258548774147","92.59","","20-40美金","20-40单","高价品"
"2","适用于 2012-2020 款雪佛兰 Colorado 的 LED 尾灯","左侧 + 右侧 NOLED","92.43","https://cf.shopee.co.th/file/th-11134207-81ztg-mof7yrc571fze2","https://TH.xiapibuy.com/product/809677542/57760782759","汽车零部件","电子","IVCN2026071010586","355943026233","相似款：https://detail.1688.com/offer/1047000818508.html?fromkv=cbuPcPlugin:imageSearchDrawerCard&spm=a2639h.29135425.offerlist.i0&source=action%23offerItem%3Borigin%23cf.shopee.co.th&amug_biz=oneself&amug_fl_src=awakeId_982","P1","07-17","355943026233","92.43","","20-40美金","20-40单","高价品"
"1","【5年质保】五合一汽车应急启动器,适用于轿车、摩托车和皮卡车。包含电动气泵。","豪华无线型号","92.29","https://cf.shopee.co.th/file/cn-11134207-820l4-mo868ga732td03","https://TH.xiapibuy.com/product/1440935277/56860493173","汽车零部件","电子","IVCN2026061519183","335920382246","https://detail.1688.com/offer/1051598989895.html?kj_agent_plugin=aliprice&fromkv=xytTrace:0bab14ad17822011846593427e0c53&token=8XCQ4IHi355gkawIcq1VZScgwukCPrDKXMKRX8ZPRs8K0h%2BT7g4oTXp4zonRL26H","P1","07-17","335920382246","92.29","","20-40美金","20-40单","高价品"
"4","汽车应急启动电源 4 合 1 10000mAh 带气泵移动电源应急灯 12V 汽车应急启动器","智能夹（黑色）+收纳盒","92.07","https://cf.shopee.ph/file/cn-11134207-820l4-ml3dk0jwov7o4f","https://PH.xiapibuy.com/product/1452921434/55700338977","汽车零部件","电子","IVCN2026051314655","297416714639","相似款：https://detail.1688.com/offer/982178455985.html?fromkv=cbuPcPlugin:imageSearchDrawerCard&spm=a2639h.29135425.offerlist.i0&source=action%23offerItem%3Borigin%23cf.shopee.ph&amug_biz=oneself&amug_fl_src=awakeId_982","P1","07-17","297416714639","92.07","","20-40美金","20-40单","高价品"
"1","2个恶魔眼灯卡车LED挡风玻璃定制柔性霓虹矩阵面板汽车显示闪烁坏","2 个 20x64 LED 灯","92","https://cf.shopee.com.br/file/sg-11134201-7reod-m84h4nhm5fo1cc","https://BR.xiapibuy.com/product/834575742/27081836122","汽车零部件","电子","IVCN2026061515973","258064834574","https://detail.1688.com/offer/919800523192.html?fromkv=cbuPcPlugin:imageSearchDrawerCard&spm=a2639h.29135425.offerlist.i6&source=action%23offerItem%3Borigin%23cf.shopee.com.br&amug_biz=oneself&amug_fl_src=awakeId_982","P0","07-17","258064834574","92","","40-60美金","20-40单","高价品"
"1","电动排气控制阀 电动阀单元 带开关 2&2.36&2.5&3.0英寸 优异密封性 排气控制阀","2.36英寸（60毫米）","91.39","https://cf.shopee.ph/file/sg-11134201-23010-wsnxwtsrv2lvea","https://PH.xiapibuy.com/product/800479419/18170809125","汽车零部件","尾气和排放","IVCN202607108566","165458101770","https://detail.1688.com/offer/616108542772.html?kj_agent_plugin=aliprice&fromkv=xytTrace:0bf89a7417738179636227126e10b1&token=VZjRjbfGtQJ1p6L8SO9YRkDZrYdXgst98qcRw1l4JAvKkU1EjH42QifLPg0JWoV3","P1","07-17","165458101770","91.39","","20-40美金","20-40单","高价品"
"1","🔥🔥99800毫安时汽车应急启动电源移动电源便携式车载充电器🔥","豪华款","91.28","https://cf.shopee.co.th/file/th-11134207-7rasl-m35t4axxpz5c38","https://TH.xiapibuy.com/product/748263075/25820767793","汽车零部件","电子","IVCN2026071013626","128894688717","https://detail.1688.com/offer/768118035522.html?kj_agent_plugin=aliprice&fromkv=xytTrace:2154647417840163866597311e0c5d&token=40GEuMZJEhbvK90vfwaEgtjUSRTeIz0jtK%2F6OLg7EKFmYkbujxc%2BdREG0ZEwjX7j","P1","07-17","128894688717","91.28","","20-40美金","20-40单","高价品"
"1","Knight 24支装（1盒）汽车专用 Koby 轮胎密封液防爆胎液,适用于无内胎通用轮胎,500毫升/380毫升","380毫升","91.2","https://cf.shopee.ph/file/03ce0e5f51082c8b479b527a056450e0","https://PH.xiapibuy.com/product/351623637/21839785318","汽车保养","轮胎及轮毂保养","IVCN202606159477","155610502997","https://detail.1688.com/offer/632327895674.html?fromkv=cbuPcPlugin:imageSearchDrawerCard&spm=a2639h.29135425.offerlist.i3&source=action%23offerItem%3Borigin%23down-ph.img.susercontent.com&amug_biz=oneself&amug_fl_src=awakeId_982","P0","07-17","155610502997","91.2","","20-40美金","20-40单","高价品"
"1","适用于丰田 Commuter 14'-17' (2014-2018) 的前大灯 (TYC)","右 20-E769-05-2B","91","https://cf.shopee.co.th/file/th-11134207-7r98u-lsxggkhwuj7hbb","https://TH.xiapibuy.com/product/19110542/24619378336","汽车零部件","电子","IVCN2026061510419","176381152266","https://detail.1688.com/offer/959658030232.html?kj_agent_plugin=aliprice&fromkv=xytTrace:0","P0","07-17","176381152266","91","","20-40美金","20-40单","高价品"
"1","Momo v1 意大利风格赛车漂移运动通用型 14 英寸 350 毫米真皮方向盘游戏方向盘 6 孔 70 毫米","红色的","90.87","https://cf.shopee.ph/file/04c9b0d9e132c412b458dc484ebf5501","https://PH.xiapibuy.com/product/1207104142/24718742056","汽车内饰配件","方向盘及方向盘套","IVCN202604230735","127866392034","https://detail.1688.com/offer/780494284629.html?kj_agent_plugin=aliprice&fromkv=xytTrace:0","P1","07-17","127866392034","90.87","","20-40美金","20-40单","高价品"
"1","适用于汽车和拖车的 7 英寸高清后视摄像头,9-36V LED,防水,带屏幕,易于安装。","1500万","90.74","https://cf.shopee.co.th/file/cn-11134207-7qukw-liwpu0lv0s525f","https://TH.xiapibuy.com/product/579530514/21381584372","汽车内饰配件","摄像机和停车摄像头","IVCN202607107916","146923828404","https://detail.1688.com/offer/587959796346.html?kj_agent_plugin=aliprice&fromkv=xytTrace:0","P1","07-17","146923828404","90.74","","20-40美金","20-40单","高价品"
"1","LONAISCI 4 合 1 汽车应急启动器、便携式气泵、移动电源气泵,99800mAh 电池容量。","J31+EVA","90.63","https://cf.shopee.co.th/file/cn-11134207-7ras8-m9i70gew9pgdb9","https://TH.xiapibuy.com/product/1337988328/25295143310","汽车零部件","电子","IVCN202607109298","177174412266","https://detail.1688.com/offer/939596718252.html?kj_agent_plugin=aliprice&fromkv=xytTrace:0b0fdc4f17840150092883804e0dd1&token=6MQQ7Kr%2BJeqMX0WYQyUYKEPd6psYsQit03MCEEuLx4hqkCVPsMVUAI3cm4rrdZyx","P1","07-17","177174412266","90.63","","20-40美金","20-40单","高价品"
"1","OBD2+GPS智能仪表,数字仪表/显示器P3 HUD,速度表,汽车仪表,温度表。","P3","90.01","https://cf.shopee.co.th/file/th-11134207-7r98t-lwwmliajshqnbf","https://TH.xiapibuy.com/product/1119671837/25632617454","汽车内饰配件","抬头显示器、速度表和仪表","IVCN2026071011954","185195406057","https://detail.1688.com/offer/732063237895.html?kj_agent_plugin=aliprice&fromkv=xytTrace:0b52090217719859750634281e0d94&token=HR7dxUHh%2FaqPq3AVtAJyhxgOC7te7Hs20To%2Bv949TDgcH9x%2F%2B6wbKHhCO0KMavwr","P1","07-17","185195406057","90.01","","20-40美金","20-40单","高价品"
"1","适用于 VF3 VF5 泊车辅助系统的后视摄像头 EEP73090003AB","适用于 VF3 VF5 泊车辅助系统的后视摄像头 EEP73090003AB","90","","https://PH.xiapibuy.com/product/116320344/40030306510","汽车内饰配件","摄像机和停车摄像头","IVCN2026061520397","390822692594","相似款：https://detail.1688.com/offer/1052324268796.html?kj_agent_plugin=aliprice&fromkv=xytTrace:0bab14ad17815937183546703e0e81&token=VG%2FiRTDKw1G0BZqBPSERogkYvYbphrkL3NkN7ddGmGfaWpZZmPbOzxnNvkndySQc","P0","07-17","390822692594","90","","80-100美金","20-40单","高价品"
"1","2个LED工作灯,4英寸,12V/24V,黄/琥珀/白光,Barra越野灯,适用于汽车、沙滩车、聚光灯、泛光灯、赛车、皮卡、船、拖车、雾灯","4英寸点状白光-2件装","90","https://cf.shopee.ph/file/sg-11134201-7rd55-luvjl89ki4tk13","https://PH.xiapibuy.com/product/548501165/23090023582","汽车零部件","电子","IVCN202607107768","197483048961","https://detail.1688.com/offer/657165602671.html?fromkv=cbuPcPlugin:imageSearchDrawerCard&spm=a2639h.29135425.offerlist.i2&source=action%23offerItem%3Borigin%23cf.shopee.ph&amug_biz=oneself&amug_fl_src=awakeId_982","P0","07-17","197483048961","90","","20-40美金","20-40单","高价品"
"1","适用于 2008 年至 2013 年款 VIOS 和 Yaris 的左侧、中间和右侧空调出风口。兼容左侧和中间位置。","中间[灰色]","90","https://cf.shopee.co.th/file/cn-11134207-7r98o-lu4x4s5pwrjn7d","https://TH.xiapibuy.com/product/1202141649/25424196558","汽车内饰配件","其他的","IVCN2026041036675","185029707428","相似款：https://detail.1688.com/offer/850185757195.html?spm=a26352.b28411319/2508.0.0","P0","07-17","185029707428","90","","20-40美金","20-40单","高价品"
"3","磷酸铁锂电池充电器,3.2V-3.65V 10Ah-30Ah 电池充电器","3.2伏 20安时","89.95","https://cf.shopee.co.th/file/cn-11134207-820l4-mjgqo8gjr5kx3f","https://TH.xiapibuy.com/product/1718931859/57804714780","汽车零部件","电子","IVCN2026051321955","445437828406","相似款：https://detail.1688.com/offer/884226291855.html?kj_agent_plugin=aliprice&fromkv=xytTrace:2108837b17822018499902870e0eb9&token=QjcQl4YM9W9ImxLZuAW5TzoqwZJV6flfjcSKINdP8fTgxt9%2BKOm%2B93zRr9zNdI5f","P1","07-17","445437828406","89.95","","20-40美金","20-40单","高价品"
"1","70mai OBD-II 硬线停车监控套件,支持 Type-C 和 micro USB 接口,24 小时录像,兼容 A500s、A200、M300、A810、A800SE、A510、M310。","C型OBD-II","89.95","https://cf.shopee.co.th/file/cn-11134207-7r98o-lv1be0yvwn10c4","https://TH.xiapibuy.com/product/958789949/25978720436","汽车内饰配件","摄像机和停车摄像头","IVCN202605137029","29479773359","https://detail.1688.com/offer/803101783967.html?spm=a26352.b28411319.offerlist.1.457a1e62tWnrAk","P1","07-17","29479773359","89.95","","20-40美金","20-40单","高价品"
"1","适用于久保田和洋马拖拉机的直式后支撑杆,带夹式端部和中心支撑。","L30-L47（L47 常规款）","89.1","","https://TH.xiapibuy.com/product/62188797/22474874356","汽车零部件","尾气和排放","IVCN202606157811","108406382871","无同款","P1","07-17","108406382871","89.1","","20-40美金","20-40单","高价品"
"1","【COD】-Allaloe 360​​°车载全景环视摄像头系统,1080P AHD高清,左右前后双摄,适用于安卓车载系统,带夜视功能","1套","89","https://cf.shopee.ph/file/cn-11134207-7ras8-mbt85qgwvykd97","https://PH.xiapibuy.com/product/412790386/43007422681","汽车内饰配件","摄像机和停车摄像头","IVCN2026071013372","280629165617","相似款：https://detail.1688.com/offer/664371540893.html?fromkv=cbuPcPlugin:imageSearchDrawerCard&spm=a2639h.29135425.offerlist.i0&source=action%23offerItem%3Borigin%23cf.shopee.ph&amug_biz=oneself&amug_fl_src=awakeId_982","P0","07-17","280629165617","89","","20-40美金","20-40单","高价品"
"1","SANTINO 【5年质保】应急启动电源,带快速充电功能,150Psi,适用于汽车应急启动器和汽车充电线","智能夹【升级版】","89","https://cf.shopee.com.my/file/my-11134207-7rasa-m9k1lqhjmvw290","https://MY.xiapibuy.com/product/539857789/27428577273","汽车保养","轮胎及轮毂保养","IVCN202605130533","195857863233","相似款：https://detail.1688.com/offer/778396063328.html?spm=a26352.b28411319/2508.0.0","P0","07-17","195857863233","89","","40-60美金","20-40单","高价品"
"1","丰田海狮通勤车 2014-2018 豪华版尾灯","1 对（左+右）","88.93","https://cf.shopee.ph/file/021e347864488af61657168232e3bd97","https://PH.xiapibuy.com/product/881956431/22468382675","汽车零部件","电子","IVCN2026051317270","118912827601","相似款：https://detail.1688.com/offer/1049215559429.html?fromkv=cbuPcPlugin:imageSearchDrawerCard&spm=a2639h.29135425.offerlist.i27&source=action%23offerItem%3Borigin%23down-my.img.susercontent.com&amug_biz=oneself&amug_fl_src=awakeId_982","P1","07-17","118912827601","88.93","","20-40美金","20-40单","高价品"
"1","捷途T1 EV专用防踢门垫,原色加厚内饰保护垫配件","4件","88.9","https://cf.shopee.ph/file/sg-11134201-8262a-mm8prj89d14ybb","https://PH.xiapibuy.com/product/1764574672/48307698689","汽车内饰配件","其他的","IVCN202607107976","390683276931","无同款","P1","07-17","390683276931","88.9","","20-40美金","20-40单","高价品"
"1","Atiker LPG 减速器 VR01 - Atiker 90 kW LPG 吸入系统减速器。","Atiker LPG 减速器 VR01 - Atiker 90 kW LPG 吸入系统减速器。","88.81","","https://TH.xiapibuy.com/product/56543692/5313336846","汽车外饰配件","其他的","IVCN202602110635","32150580209","https://detail.1688.com/offer/971003767197.html?spm=a26352.b28411319.offerlist.5.17e51e62cUbk3y","P1","07-17","32150580209","88.81","","20-40美金","20-40单","高价品"
"1","适用于丰田海狮 Commuter GL Grandia Decontent 2014-2024 的雾灯/雾灯/射灯,LED 白光,2 件装","适用于丰田海狮 Commuter GL Grandia Decontent 2014-2024 的雾灯/雾灯/射灯,LED 白光,2 件装","88.6","","https://PH.xiapibuy.com/product/881957083/29466136102","汽车零部件","电子","IVCN2026051324337","187933630964","相似款：https://detail.1688.com/offer/1009647381347.html?fromkv=cbuPcPlugin:imageSearchDrawerCard&spm=a2639h.29135425.offerlist.i27&source=action%23offerItem%3Borigin%23shopee.ph&amug_biz=oneself&amug_fl_src=awakeId_982","P1","07-17","187933630964","88.6","","20-40美金","20-40单","高价品"
"1","三菱 Xpander / Xpander Cross 2018 至 2026 原厂/优质深凹式脚垫,泰国品质","3D OEM TPE","88.48","https://cf.shopee.ph/file/sg-11134201-823r7-mp8q5fav8av436","https://PH.xiapibuy.com/product/155977260/2744337447","汽车内饰配件","地毯和垫子","IVCN202602119518","191956461991","相似款：https://detail.1688.com/offer/846158733264.html?fromkv=cbuPcPlugin:imageSearchDrawerCard&spm=a2639h.29135425.offerlist.i26&source=action%23offerItem%3Borigin%23cf.shopee.vn&amug_biz=oneself&amug_fl_src=awakeId_982","P1","07-17","191956461991","88.48","","40-60美金","20-40单","高价品"
"1","Tomasetto LPG 吸入式燃气锅炉,AT 07,140 马力。","AT07 140马力,1叶片。","88.29","https://cf.shopee.co.th/file/th-11134207-81zte-mojag0f231fz51","https://TH.xiapibuy.com/product/56543692/1656646939","汽车外饰配件","其他的","IVCN202602110047","3268503974","https://detail.1688.com/offer/932751171865.html?fromkv=cbuPcPlugin:imageSearchDrawerCard&spm=a2639h.29135425.offerlist.i0&source=action%23offerItem%3Borigin%23shopee.co.th&amug_biz=oneself&amug_fl_src=awakeId_982","P1","07-17","3268503974","88.29","","40-60美金","20-40单","高价品"
"1","FEINODI Aideo CarPlay Dongle 可将原厂有线 CarPlay 转换为无线 Apple CarPlay Dongle,支持在 CarPlay 上观看 YouTube/Netflix/TikTok 等视频。","Carplay&Video-黑色","88","https://cf.shopee.sg/file/cn-11134207-7r98o-lz7fnlvnzzxeaf","https://SG.xiapibuy.com/product/953769915/20184028464","汽车内饰配件","导航和AV接收器","IVCN202607108680","178372053884","https://detail.1688.com/offer/777484572734.html?kj_agent_plugin=aliprice&fromkv=xytTrace:0","P0","07-17","178372053884","88","","20-40美金","20-40单","高价品"
"1","适用于雷诺 Traffic III Master III、日产 NV300 NV400、菲亚特 Talento 的 164004169R AP02 燃油滤清器,原厂编号：1680947180、95529250、1640000Q1D","适用于雷诺 Traffic III Master III、日产 NV300 NV400、菲亚特 Talento 的 164004169R AP02 燃油滤清器,原厂编号：1680947180、95529250、1640000Q1D","87.83","","https://TH.xiapibuy.com/product/1426419468/41010268126","汽车零部件","燃油系统","IVCN202604232267","290863157147","相似款：https://detail.1688.com/offer/899598371396.html?spm=a26352.b28411319/2508.0.0","P1","07-17","290863157147","87.83","","20-40美金","20-40单","高价品"
"1","UGREEN车载便携式充气泵,适用于汽车、摩托车、自行车,带液晶数字显示屏的电动轮胎充气泵","气泵","87.01","https://cf.shopee.ph/file/sg-11134201-7rdvc-mckaxpxljhp0e3","https://PH.xiapibuy.com/product/1568817930/29039066599","汽车保养","轮胎及轮毂保养","IVCN2026041043489","258664604782","https://detail.1688.com/offer/905699857028.html?kj_agent_plugin=aliprice&fromkv=xytTrace:0","P1","07-17","258664604782","87.01","","60-80美金","20-40单","高价品"
"1","四合一便携式汽车充电器、汽车应急启动器、汽车电池应急启动器、汽车启动辅助器、应急启动移动电源、汽车启动器。","四合一便携式汽车充电器、汽车应急启动器、汽车电池应急启动器、汽车启动辅助器、应急启动移动电源、汽车启动器。","86.97","","https://TH.xiapibuy.com/product/991751081/26300208880","汽车零部件","电子","IVCN2026071014588","245843445646","","P1","07-17","245843445646","86.97","","20-40美金","20-40单","高价品"
"1","汽车应急启动器 99800mAh 12V 智能夹式启动器移动电源气泵空气压缩机 4 合 1 汽车电池启动器","智能夹+（收纳盒）","86.87","https://cf.shopee.com.my/file/cn-11134207-820l4-mminwiv6czd1c2","https://MY.xiapibuy.com/product/573479286/42908154408","汽车零部件","电子","IVCN2026071010392","385716102379","相似款：https://detail.1688.com/offer/905365536218.html?spm=a26352.b28411319/2508.0.0","P1","07-17","385716102379","86.87","","100-300美金","20-40单","高价品"
"1","适用于三菱帕杰罗/蒙特罗 2008-2014 款的大灯盖/透明透镜盖/大灯玻璃","一对","86.28","https://cf.shopee.ph/file/sg-11134201-824id-me9yrkrzkohtb4","https://PH.xiapibuy.com/product/1009085387/29841507159","汽车零部件","电子","IVCN2026061518113","301551995975","相似款：https://detail.1688.com/offer/849194834443.html?fromkv=cbuPcPlugin:imageSearchDrawerCard&spm=a2639h.29135425.offerlist.i5&source=action%23offerItem%3Borigin%23cf.shopee.ph&amug_biz=oneself&amug_fl_src=awakeId_982","P1","07-17","301551995975","86.28","","20-40美金","20-40单","高价品"
"1","丰田 Kijang Super Grand Rover 5K 赛车防漏火花塞线,8mm 厚。","丰田 Kijang Super Grand Rover 5K 赛车防漏火花塞线,8mm 厚。","86.12","","https://TH.xiapibuy.com/product/886163374/28281091712","汽车零部件","电子","IVCN202607108462","237583952837","无同款","P1","07-17","237583952837","86.12","","20-40美金","20-40单","高价品"
"1","适用于2020、2021、2022、2023款丰田Hilux Revo的雾灯套件,包含LED射灯（带灯罩）、线束、继电器和开关。直接安装。","雾灯","85.91","https://cf.shopee.co.th/file/th-11134207-81ztn-mp4zt9tzapsd13","https://TH.xiapibuy.com/product/809677542/47061788055","汽车零部件","电子","IVCN2026071014562","421021737659","相似款：https://detail.1688.com/offer/858652777945.html?kj_agent_plugin=aliprice&fromkv=xytTrace:0","P1","07-17","421021737659","85.91","","40-60美金","20-40单","高价品"
"1","适用于五十铃 Deka (FVM, NMR, NLR)、日野 Dutro 300 和 Dominator 的 Vinn 空调蒸发器盘管。","适用于五十铃 Deka (FVM, NMR, NLR)、日野 Dutro 300 和 Dominator 的 Vinn 空调蒸发器盘管。","85.87","","https://TH.xiapibuy.com/product/831373146/24675967329","汽车零部件","其他的","IVCN2026041036315","176436369140","相似款：https://detail.1688.com/offer/1009601970600.html?kj_agent_plugin=aliprice&fromkv=xytTrace:0","P1","07-17","176436369140","85.87","","20-40美金","20-40单","高价品"
"1","【10年质保】汽车应急启动电源 128000mAh 车载移动电源 4合1多功能,带空气压缩机和气泵,可快速启动汽车","豪华 128000mAh","85.71","","https://PH.xiapibuy.com/product/1377806410/58152637562","汽车保养","轮胎及轮毂保养","IVCN2025122213738","350254265094","相似款：https://detail.1688.com/offer/907632379951.html?fromkv=cbuPcPlugin:imageSearchDrawerCard&spm=a2639h.29135425.offerlist.i5&source=action%23offerItem%3Borigin%23shopee.ph&amug_biz=oneself&amug_fl_src=awakeId_982","P1","07-17","350254265094","85.71","","20-40美金","20-40单","高价品"
"3","适用于特斯拉 Juniper Model YL 的后备箱垫 TPE 后备箱衬垫 前后行李箱垫 6 座配件 Zero zero","MYL后排座椅靠背垫 TPE,专用汽车","85.5","https://cf.shopee.ph/file/sg-11134201-823od-movm7emf2n0vc8","https://PH.xiapibuy.com/product/1654750683/46511419869","汽车内饰配件","地毯和垫子","IVCN202607108072","277658679559","相似款：https://detail.1688.com/offer/1027599985936.html?fromkv=cbuPcPlugin:imageSearchDrawerCard&spm=a2639h.29135425.offerlist.i0&source=action%23offerItem%3Borigin%23cf.shopee.co.th&amug_biz=oneself&amug_fl_src=awakeId_982","P0","07-17","277658679559","85.5","","20-40美金","20-40单","高价品"
"1","适用于 March、Almera 和 Note 的 3 个点火线圈套装。全新款式线圈芯。日本原装二手零件。经漏电测试,保证正品。","适用于 March、Almera 和 Note 的 3 个点火线圈套装。全新款式线圈芯。日本原装二手零件。经漏电测试,保证正品。","85.5","","https://TH.xiapibuy.com/product/443342380/9488176818","汽车零部件","电子","IVCN2026071012434","27166127233","相似款：https://detail.1688.com/offer/839086280092.html?spm=a261y.7663282.3002526303362591.2.13316c93oUfi8n&sk=order&fromkv=cbuPcPlugin%3AimageSearchDrawerCard","P0","07-17","27166127233","85.5","","20-40美金","20-40单","高价品"
"1","【5年质保】行车记录仪,前后双录,支持Wi-Fi连接（含64GB存储卡）,HDR,全高清,4K,360度全景,停车监控模式","前后双摄像头","85.22","https://cf.shopee.co.th/file/th-11134207-7rasa-m3g81u6vg7dzc6","https://TH.xiapibuy.com/product/1250106031/29419295483","汽车内饰配件","摄像机和停车摄像头","IVCN2026061513253","223532021855","相似款：https://detail.1688.com/offer/976234336025.html?kj_agent_plugin=aliprice&fromkv=xytTrace:2108837b17815907586941389e0f1c&token=6xMCDWzmUTBTeNiIWXdLvw5wY8Bh3mXIShRDooVeobwhPLmzLL%2BtS%2FqS68zuq%2FH2","P1","07-17","223532021855","85.22","","20-40美金","20-40单","高价品"
"1","EACHPAI E26 型行车记录仪,内置 Wi-Fi,泰语菜单,1080P 全高清,2 通道。","E26,无SD卡","85.13","https://cf.shopee.co.th/file/th-11134207-81ztd-mgqbftfadedq37","https://TH.xiapibuy.com/product/1059565909/21883357626","汽车内饰配件","摄像机和停车摄像头","IVCN2026041040261","235785183548","相似款：https://detail.1688.com/offer/674936249663.html?kj_agent_plugin=aliprice&fromkv=xytTrace:0","P1","07-17","235785183548","85.13","","20-40美金","20-40单","高价品"
"1","（24 小时内发货）适用于 4 门轿车、皮卡和大多数没有车顶纵梁的车辆的车顶行李架安装支架 + 横杆套件。","默认值","85.06","https://cf.shopee.co.th/file/th-11134207-7ra0q-mb4q35canu6o2d","https://TH.xiapibuy.com/product/1044955776/28533507830","汽车外饰配件","排水沟","IVCN2026071013244","295420351484","无同款","P1","07-17","295420351484","85.06","","100-300美金","20-40单","高价品"
"1","适用于 MIO115/FINO115/NOUVO/NOUVO-MX/MIO-MX（化油器型号）的完整驱动皮带组件**套装**（前后皮带轮、皮带）。","适用于 MIO115/FINO115/NOUVO/NOUVO-MX/MIO-MX（化油器型号）的完整驱动皮带组件**套装**（前后皮带轮、皮带）。","85.04","","https://TH.xiapibuy.com/product/3663183/20462951760","汽车零部件","皮带、软管和滑轮","IVCN2026051322931","175122081428","无同款","P1","07-17","175122081428","85.04","","100-300美金","20-40单","高价品"
"1","定制汽车门槛灯,带标志投影仪和发光 LED 灯、迎宾踏板和刮刮板。","定制logo,4件套（2件正面贴片+2件背面贴片）","85.02","https://cf.shopee.com.br/file/cn-11134207-7r98o-lsm9e9mpig2l75","https://BR.xiapibuy.com/product/1207061006/25221754306","汽车外饰配件","门槛板","IVCN2026061514457","240563277840","https://detail.1688.com/offer/859584428871.html?kj_agent_plugin=aliprice&fromkv=xytTrace:0","P1","07-17","240563277840","85.02","","20-40美金","20-40单","高价品"
"2","（22合1）车载氛围灯交响曲室内亚克力光纤导光条DIY汽车装饰LED灯条汽车内饰APP控制","六合一","85.01","https://cf.shopee.co.th/file/cn-11134207-7r98o-lzyej65mb0yqf0","https://TH.xiapibuy.com/product/595612284/27710695001","汽车零部件","电子","IVCN2026071011614","118451037745","https://detail.1688.com/offer/888453782038.html?kj_agent_plugin=aliprice&fromkv=xytTrace:2133d7d417840216091938328e0f80&token=aE%2BI3KEJkI7e5lLObk3uEHRb8DjX7kyD2nezmFoY3rU%2FKZZQqwYH6UdsajZKkkD8","P1","07-17","118451037745","85.01","","20-40美金","20-40单","高价品"
"1","RESO 空气悬架行驶高度传感器及连接硬件,适用于宝马 AA-ROT-120 / AAROT120 塑料汽车配件","RESO 空气悬架行驶高度传感器及连接硬件,适用于宝马 AA-ROT-120 / AAROT120 塑料汽车配件","85","","https://PH.xiapibuy.com/product/1068412391/23281203732","汽车零部件","其他的","IVCN202606157151","88789741164","https://www.aliprice.com/Index/detail.html?url=https%3A%2F%2Fdetail.1688.com%2Foffer%2F910225281547.html&q=1&t=1753959760811&tep=SPNWFWKFN15202019&cn=e-c&from=search_by_image&sku_id=910225281547&title=AA-ROT-120%E9%80%82%E7%94%A8%E4%BA%8E%E5%AE%9D%E9%A9%AC%E8%BD%A6%E8%BA%AB%E9%AB%98%E5%BA%A6%E4%BC%A0%E6%84%9F%E5%99%A8%20%E5%A4%A7%E7%81%AF%E6%B0%B4%E5%B9%B3%E4%BC%A0%E6%84%9F%E5%99%A8&price=85.00-90.00&cover=https%3A%2F%2Fcbu01.alicdn.com%2FO1CN01nzXk3K2BviOdP2zZI_!!2214651058401-0-cib.jpg&currency=CNY&platform=1688","P0","07-17","88789741164","85","","20-40美金","20-40单","高价品"
"1","[索尼 2053] Evean 360 3D AHD 1080P 720P 全景摄像头,360° 车载摄像头,环绕鸟瞰车载摄像头（右 + 左 + 前 + 后）,内置 360 应用程序,Android 播放器。","[1005]AHD 1080P 25fps","85","https://cf.shopee.co.th/file/cn-11134207-820l4-mg1q8we0z5s917","https://TH.xiapibuy.com/product/164949205/27505164492","汽车内饰配件","摄像机和停车摄像头","IVCN2026071012320","297035182847","相似款：https://detail.1688.com/offer/811701382138.html?kj_agent_plugin=aliprice&fromkv=xytTrace:0","P0","07-17","297035182847","85","","20-40美金","20-40单","高价品"
"1","气动轨道砂光机,用于打蜡和喷漆的气动砂光机,5英寸和6英寸尺寸。","6英寸气动砂光机","85","https://cf.shopee.co.th/file/th-11134207-7rasf-m1hsjvhacu3t43","https://TH.xiapibuy.com/product/212561326/21584862711","汽车保养","抛光剂、涂层和密封剂","IVCN2026051324193","187079536441","https://detail.1688.com/offer/824907651865.html?kj_agent_plugin=aliprice&fromkv=xytTrace%3A212b9de517840218417867633e0e35&token=X5torA%2B7Lh%2FIPkNLx55mai7CcPrnlcRQE%2B41WBu0u2jnFZ2%2B82KL1F0alYYkPZnp&tracelog=cps&clickid=9828d8b6f8e7198d5a35882c16b4dcec&targetUrl=https%3A%2F%2Fs.click.1688.com%2Ft%3Fe%3DD2DC7A927D55C03D6511A0CCA913FD65D6FA062685DFF8F7D920A558D1D5758C4B369BE324A83E744B8F19128B0D93E33FB8088B45F57B9E47F28FD2CC0E231B18AD4F779334558760FEF997084D4D5331EB6FC8DBCADED4C6C8CEEEE21320CC4BD39EA2FE12E3B19E392492B33CC137D434DABDF5CCE2A0CA98B61C247FB08958472617B2255084348394BC3CC3C62B9992F8828C4BE892DFDF9F358F88E409186612CB19E4A32E6D0E686D857403757333022C97FED6781D5E7D3EDEBAE3450316DCBC128B01956BF3F37D3B91DFB21BF56558313E8FD0E78CDE97222534ADC2BEA3558D9A7D58ECD2EE86D27DD303%26cbu_cps_trace_flag%3Dwrite","P0","07-17","187079536441","85","","20-40美金","20-40单","高价品"
"1","全新原装NGK点火线圈（U5090）,适用于丰田凯美瑞ACV40、41、50（标准版,非混合动力车型）、WISH Gen2、VIGO 2.7、FORTUNER。零件编号：90919-02248 / 02247","全新原装NGK点火线圈（U5090）,适用于丰田凯美瑞ACV40、41、50（标准版,非混合动力车型）、WISH Gen2、VIGO 2.7、FORTUNER。零件编号：90919-02248 / 02247","85","","https://TH.xiapibuy.com/product/312143017/16442245050","汽车零部件","电子","IVCN202607109198","143624102342","相似款：https://detail.1688.com/offer/691991368958.html?spm=a261y.7663282.3002526303362591.2.4d2912ba1rp3el&sk=order&fromkv=cbuPcPlugin%3AimageSearchDrawerCard","P0","07-17","143624102342","85","","20-40美金","20-40单","高价品"
"1","适用于 2008-2013 款起亚 Forte Cerato Koup 的前面板空调出风口喷嘴中央控制台空调出风口格栅","一对","84.51","https://cf.shopee.com.br/file/sg-11134201-820np-mngnoxbe5s7c8f","https://BR.xiapibuy.com/product/1612894686/54408990999","汽车内饰配件","其他的","IVCN202607108418","277567832333","https://detail.1688.com/offer/990786723939.html?kj_agent_plugin=aliprice&fromkv=xytTrace:0","P1","07-17","277567832333","84.51","","20-40美金","20-40单","高价品"
"1","【App可用】1080P车载摩托车行车记录仪,手持式骑行相机,带电源接口","黑色（不含存储卡）","84.09","https://cf.shopee.com.br/file/cn-11134207-820l4-moysjv0xdgxt7d","https://BR.xiapibuy.com/product/1509544951/53859096539","汽车内饰配件","摄像机和停车摄像头","IVCN2026061521603","440996205496","https://detail.1688.com/offer/993816921648.html?kj_agent_plugin=aliprice&fromkv=xytTrace:0","P1","07-17","440996205496","84.09","","20-40美金","20-40单","高价品"
"2","10 年保修 全高清 4K 行车记录仪 + WIFI + 3 个摄像头 支持 24 小时停车录像,可通过手机 WiFi 查看,包含 32/64/128GB 存储卡。","3 个摄像头,配备 64GB 内存。","83.95","https://cf.shopee.co.th/file/th-11134207-81zth-meff0wostipv6e","https://TH.xiapibuy.com/product/1474191266/41468186797","汽车内饰配件","摄像机和停车摄像头","IVCN2026061517235","281495177907","https://detail.1688.com/offer/974344802631.html?kj_agent_plugin=aliprice&fromkv=xytTrace:0","P1","07-17","281495177907","83.95","","20-40美金","20-40单","高价品"
"1","LONAISCI 99800mAh 汽车应急启动套件带气泵","J29 + BUMP","83.7","https://cf.shopee.co.th/file/cn-11134207-820l4-mo0k1bv1j4012d","https://TH.xiapibuy.com/product/1337988328/24495142227","汽车零部件","电子","IVCN2026051317461","119499049672","https://detail.1688.com/offer/913735646004.html?kj_agent_plugin=aliprice&fromkv=xytTrace:2132815517840123117583171e0f53&token=d%2FdPUnXE92dFJzCCoN9mdlBYkLM7RXNf7nClSWMS73zp8bbhhgqQaFPSEoAxfwIp","P1","07-17","119499049672","83.7","","100-300美金","20-40单","高价品"
"1","TMA ~ 自动大灯灯泡控制开关光传感器模块,适用于 MK4","TMA ~ 自动大灯灯泡控制开关光传感器模块,适用于 MK4","83.55","","https://BR.xiapibuy.com/product/606984246/28165746976","汽车零部件","电子","IVCN202605131835","207922940874","https://detail.1688.com/offer/945230099928.html?fromkv=cbuPcPlugin:imageSearchDrawerCard&spm=a2639h.29135425.offerlist.i9&source=action%23offerItem%3Borigin%23shopee.com.br&amug_biz=oneself&amug_fl_src=awakeId_982","P1","07-17","207922940874","83.55","","100-300美金","20-40单","高价品"
"2","多媒体中心,支持 CarPlay、单 DIN MP5、蓝牙、7 英寸 USB/AUX/TF 接口,带触摸屏和 Mirrorlink 功能","收音机+遥控器+摄像头","83.49","https://cf.shopee.com.br/file/cn-11134207-7r98o-louvt80ab6u4fa","https://BR.xiapibuy.com/product/859241833/22462124414","汽车内饰配件","导航和AV接收器","IVCN2026061514831","250068889877","相似款：https://detail.1688.com/offer/799224155294.html?fromkv=cbuPcPlugin:imageSearchDrawerCard&spm=a2639h.29135425.offerlist.i2&source=action%23offerItem%3Borigin%23cf.shopee.com.br&amug_biz=oneself&amug_fl_src=awakeId_982","P1","07-17","250068889877","83.49","","100-300美金","20-40单","高价品"
"1","适用于丰田威驰（2014-2017款）的前大灯盖/替换大灯灯罩/大灯总成","左右","83.42","","https://PH.xiapibuy.com/product/1009085387/40861767487","汽车零部件","电子","IVCN202607108206","270987073222","https://detail.1688.com/offer/831558018257.html?kj_agent_plugin=aliprice&fromkv=xytTrace:2133d7d417840179356784127e0f80&token=ifBKeRUOWR4RPZZJBIcUXK9jTNQp%2FCRMdLhVetY6qHyOkkEFD%2B4Sr6jSuAy0weKG","P1","07-17","270987073222","83.42","","20-40美金","20-40单","高价品"
"1","32/50吨液压千斤顶 重型轿车/货车/小型货车 瓶式千斤顶 带安全阀和手柄","32吨","83.24","https://cf.shopee.com.my/file/bb9c7ffd9b333ef68b1b359b97378a1f","https://MY.xiapibuy.com/product/1530870/14908746758","汽车工具","测试、诊断和维修工具","IVCN2026071011464","28118569569","https://detail.1688.com/offer/559007248447.html?kj_agent_plugin=aliprice&fromkv=xytTrace:0b5681be17745781902045373e0e47&token=HQPgslL6XUwcRl%2B%2Bdac%2F45DvxouvQOfZkTZUvbsmTeXK0bqo2A4zk1kafJQlBYM5","P1","07-17","28118569569","83.24","","20-40美金","20-40单","高价品"
"2","适用于特斯拉 2026 款 Model YL / 车门边缘保护垫 / 汽车座椅底部地毯保护垫底座座椅套防踢垫防刮角包套件 / 后备箱尾门保护垫 TPE 防刮垫汽车配件。","C：4 件（TPE 材质）,型号 YL","83.19","https://cf.shopee.co.th/file/cn-11134207-820l4-mnineitgqcxvde","https://TH.xiapibuy.com/product/1079923138/52309525028","汽车外饰配件","门槛板","IVCN2026061518681","315841810793","https://detail.1688.com/offer/1054156273232.html?kj_agent_plugin=aliprice&fromkv=xytTrace:0b5681be17840258337248239e0f11&token=4Z1MwmMwDxWySG5ALvbcmHQAxn%2F191PdRZtSjf2YcbtLBz4JNN4KkjvLDOXUZAH%2F","P1","07-17","315841810793","83.19","","40-60美金","20-40单","高价品"
"1","欧5共轨燃油喷射器喷嘴控制阀 28277576 9308625c 适用于 Delphi 28362727 28525582 28346624 1个","欧5共轨燃油喷射器喷嘴控制阀 28277576 9308625c 适用于 Delphi 28362727 28525582 28346624 1个","83","","https://PH.xiapibuy.com/product/955835210/28765713259","汽车零部件","燃油系统","IVCN2026041042521","251890329832","相似款：https://detail.1688.com/offer/647663868679.html?kj_agent_plugin=aliprice&fromkv=xytTrace:0bf8ca8917665745062744995e0dfd&token=JMosTBUAnYM4AlY0T%2BxNuFEDaiS5vxlTLsvlvidrGsCgESJ6ha%2F7CC4zBEFUvONu","P0","07-17","251890329832","83","","40-60美金","20-40单","高价品"
"1","适用于起亚 Bongo Carnival 2.9D 33800-4X450 33800-4X400 R05501D R03902D R03301D R04401D 的共轨燃油喷射器控制阀 28239295 9308-622B,兼容所列车型","适用于起亚 Bongo Carnival 2.9D 33800-4X450 33800-4X400 R05501D R03902D R03301D R04401D 的共轨燃油喷射器控制阀 28239295 9308-622B,兼容所列车型","83","","https://PH.xiapibuy.com/product/831492095/24012095834","汽车零部件","燃油系统","IVCN2026031329086","240305667212","相似款：https://detail.1688.com/offer/647663868679.html?kj_agent_plugin=aliprice&fromkv=xytTrace:0bab14ad17665644933586969e0ecf&token=JMosTBUAnYM4AlY0T%2BxNuBP1Mvt%2FmtsBk%2BdwW4MKPLko8HxItCjf27Vv0T%2BJu1%2BN","P0","07-17","240305667212","83","","20-40美金","20-40单","高价品"
"4","汽车应急启动电源 4 合 1 10000mAh 带气泵移动电源应急灯 12V 汽车应急启动器","智能夹（黑色）","82.97","https://cf.shopee.ph/file/cn-11134207-820l4-mgemymsaz0nf17","https://PH.xiapibuy.com/product/1452921434/55700338977","汽车零部件","电子","IVCN2026051314655","405032249563","https://detail.1688.com/offer/984256560349.html?kj_agent_plugin=aliprice&fromkv=xytTrace:212b5ecd17822009714421633e0e59&token=W9tdeDMbzDkq4rBu8slhiEc%2FcQ2M2oGLP6%2FShuzNIV8BGDNR3hf3z%2BvCE49DiBf%2B","P1","07-17","405032249563","82.97","","40-60美金","20-40单","高价品"
"1","TK Kit 4 燃油喷射器套件,适用于菲亚特 Palio Siena Uno 1.0 1.3 1.5 8v 96 97 98 99 IWP065 50101302 全新高品质 [WHDW]","标准","82.87","https://cf.shopee.com.br/file/cn-11134207-820l4-moi1f2imt79l3e","https://BR.xiapibuy.com/product/183962387/28700716793","汽车零部件","其他的","IVCN202512228970","187527788451","相似款：https://detail.1688.com/offer/896714532469.html?lang=zh&kjSource=pc&fromkv=refer:HVHFESCLLBNFSSCFGNCE6TKKKVDVKWSUIVHEEV2IIZIFOWJUINGE2VRULBHTGM2TJVJEUV2LLFGFGTKOKVDDMTKKLBDVSM2EJVHFEUKHIVMUIR2NJJIUOUSQLBLTOSKN&bizType=saasTool&customerId=alipriceLP","P1","07-17","187527788451","82.87","","20-40美金","20-40单","高价品"
"1","Hiace 大灯,适用于 2010-2013 款丰田通勤 Hiace 的大灯,左侧和右侧。","一对灯","82.53","https://cf.shopee.co.th/file/th-11134207-7r98v-lrwyi5igzyd976","https://TH.xiapibuy.com/product/599749946/25764093438","汽车零部件","电子","IVCN2026051315165","98874561998","https://detail.1688.com/offer/954739792392.html?kj_agent_plugin=aliprice&fromkv=xytTrace:2154647417840161808498385e0bfb&token=ALBFHCvjuT%2BAJdyOOWLm3MY9Xpo%2FMKNonZPvF2LHP%2FYOQNbJykKzo%2FLMvm6g9UVP","P1","07-17","98874561998","82.53","","20-40美金","20-40单","高价品"
"1","适用于 2012-2015 款本田思域 FB 的尾灯 *白色定制版* / 适用于 2012-2015 款本田思域 FB 的白色版","右侧（RH）","82.25","https://cf.shopee.co.th/file/th-11134207-7ras8-ma13selz9ddd05","https://TH.xiapibuy.com/product/184549313/41851675161","汽车零部件","电子","IVCN2026051315273","305136214015","相似款：https://detail.1688.com/offer/1011200866768.html?kj_agent_plugin=aliprice&fromkv=xytTrace:0","P1","07-17","305136214015","82.25","","20-40美金","20-40单","高价品"
"1","通用型带刹车灯扰流板,适用于City、G4、Vios、Accent、Almera、Altis、Reina车型。","哑光黑","82.22","https://cf.shopee.ph/file/ph-11134201-7rasd-m5ih448kgxtv3d","https://PH.xiapibuy.com/product/473817947/16609348706","汽车零部件","车身、车架和保险杠","IVCN2026071010350","124370395654","相似款：https://detail.1688.com/offer/732380045058.html?kj_agent_plugin=aliprice&fromkv=xytTrace:210702e017742590171285811e1032&token=CSBMhZGRPj2pPoYXIzz3v%2BZBUluGjDq8VFHYpv6U69FTxxIlV0uHlTpARv5J6wXI","P1","07-17","124370395654","82.22","","20-40美金","20-40单","高价品"
"1","通用G10 5.5英寸车载GPS HUD抬头显示器速度表过载警告报警系统","蓝白","82.12","https://cf.shopee.com.br/file/cn-11134207-7qukw-lika10iza4qed0","https://BR.xiapibuy.com/product/285320350/19797109630","汽车内饰配件","抬头显示器、速度表和仪表","IVCN202605133947","228739367965","https://detail.1688.com/offer/971496690378.html?fromkv=cbuPcPlugin:imageSearchDrawerCard&spm=a2639h.29135425.offerlist.i0&source=action%23offerItem%3Borigin%23cf.shopee.com.br&amug_biz=oneself&amug_fl_src=awakeId_982","P1","07-17","228739367965","82.12","","20-40美金","20-40单","高价品"
"1","轮胎密封剂 防爆胎 500ml 1盒 40支 批发 (TS-022) 每单仅限1盒！！！","40 件（1 盒）","81.69","","https://PH.xiapibuy.com/product/344497063/28851538527","汽车保养","轮胎及轮毂保养","IVCN2026021113691","250936600946","无同款","P1","07-17","250936600946","81.69","","40-60美金","20-40单","高价品"
"1","24V 车速表信号转换盒 #2-1","24V 车速表信号转换盒 #2-1","81.41","","https://TH.xiapibuy.com/product/171867377/4299085757","其他的","","IVCN2026041034187","94703533066","无同款","P1","07-17","94703533066","81.41","","40-60美金","20-40单","高价品"
"1","黑色6-5轮毂适配器（6x139.7转5x114.3,厚度18mm）。为您的爱车增添运动、时尚和独特的外观。","6-5 18mm,2 面（1 对）","81.12","https://cf.shopee.co.th/file/th-11134207-7r98x-lqekaivmc7iy5a","https://TH.xiapibuy.com/product/338359576/18157736415","汽车零部件","车轮、轮辋及配件","IVCN2026021112561","235980338571","相似款：https://detail.1688.com/offer/596012496924.html?fromkv=cbuPcPlugin:imageSearchDrawerCard&spm=a2639h.29135425.offerlist.i0&source=action%23offerItem%3Borigin%23shopee.co.th&amug_biz=oneself&amug_fl_src=awakeId_982","P1","07-17","235980338571","81.12","","20-40美金","20-40单","高价品"
"1","适用于 2004 年款丰田 Fortuner 的前大灯,车型年份为 2004、2005、2006、2007、2008 年（第一代 TYC）。","左侧 TYC20-B322-C5-6","81","https://cf.shopee.co.th/file/th-11134207-7r991-ly67zps0gii169","https://TH.xiapibuy.com/product/991063848/26356303428","汽车零部件","电子","IVCN2026061511123","187679231041","相似款：https://detail.1688.com/offer/717596665634.html?fromkv=cbuPcPlugin:imageSearchDrawerCard&spm=a2639h.29135425.offerlist.i10&source=action%23offerItem%3Borigin%23cf.shopee.co.th&amug_biz=oneself&amug_fl_src=awakeId_982","P0","07-17","187679231041","81","","20-40美金","20-40单","高价品"
"1","夏季木珠汽车座椅,手工编织夏季珠子坐垫,无靠背坐垫,三件套小凉感坐垫。","DB-Muzhu Jinse Nia","81","https://cf.shopee.co.th/file/9991c4a81c7d82cfa005470a57c0d2ed","https://TH.xiapibuy.com/product/465938097/15315701412","汽车内饰配件","座椅头枕和靠背","IVCN2026071012346","122882272183","相似款：https://detail.1688.com/offer/953540208424.html?kj_agent_plugin=aliprice&fromkv=xytTrace:0","P0","07-17","122882272183","81","","20-40美金","20-40单","高价品"
"1","新款磁吸式车载手机支架,360度旋转真空吸盘,无需充电,是车载导航的理想之选。5V/5V。","黑色的","80.98","https://cf.shopee.co.th/file/sg-11134201-822y8-moewi7ql7ci5f2","https://TH.xiapibuy.com/product/1807318128/55160759105","汽车内饰配件","手机支架","IVCN202607109666","315942114468","https://detail.1688.com/offer/1001658614753.html?kj_agent_plugin=aliprice&fromkv=xytTrace:0bf89a7417840223327933580e0dc1&token=czVFo6I%2Bx54nIV9PNZjaOHDFT1C8fTAZSTVnZufSGGk4Rnb%2FFIlcONZRcG%2BGgG5U","P1","07-17","315942114468","80.98","","20-40美金","20-40单","高价品"
"2","[1 Year Warranty] 12V Car Jump Starter Power Bank With Tire Air Pump Car Emergency Starting Power Supply 汽车应急启动电源 充电宝","汽车应急启动器（无泵）","80.9","https://cf.shopee.sg/file/cn-11134207-7ras8-mcq3ebnupmob4d","https://SG.xiapibuy.com/product/987808211/29939782696","汽车零部件","电子","IVCN202607108814","266054692081","https://detail.1688.com/offer/670811027075.html?kj_agent_plugin=aliprice&fromkv=xytTrace:0bf89a7417840166347396342e0f8f&token=MxJqcEM4e4mMfTecTinmdivUOFvNcitKDLFp2SVhoIK1KMtX9Xw2s6%2FSPJEXvgDn","P0","07-17","266054692081","80.9","","40-60美金","20-40单","高价品"
"3","适用于特斯拉 Juniper Model YL 的后备箱垫 TPE 后备箱衬垫 前后行李箱垫 6 座配件 Zero zero","MYL 后备箱垫 TPE,专用汽车","80.75","https://cf.shopee.ph/file/sg-11134201-823pq-movm7fc7im8194","https://PH.xiapibuy.com/product/1654750683/46511419869","汽车内饰配件","地毯和垫子","IVCN202607108072","277658679560","相似款：https://detail.1688.com/offer/1027599985936.html?fromkv=cbuPcPlugin:imageSearchDrawerCard&spm=a2639h.29135425.offerlist.i0&source=action%23offerItem%3Borigin%23cf.shopee.co.th&amug_biz=oneself&amug_fl_src=awakeId_982","P0","07-17","277658679560","80.75","","40-60美金","20-40单","高价品"
"1","三菱蒙特罗第二代和第三代 | Strada / L200 2006-2024 - 辅助风扇 - 辅助风扇电机总成","三菱蒙特罗第二代和第三代 | Strada / L200 2006-2024 - 辅助风扇 - 辅助风扇电机总成","80.71","","https://PH.xiapibuy.com/product/949809728/25410243401","汽车零部件","散热器、发动机冷却和气候控制","IVCN2026051319283","138849851313","相似款：https://detail.1688.com/offer/917678619383.html?kj_agent_plugin=aliprice&fromkv=xytTrace:0","P1","07-17","138849851313","80.71","","60-80美金","20-40单","高价品"
"1","适用于自动挡皮卡的6英寸x12英寸中段排气管,直径2.5英寸,不锈钢材质,可选弯管（偏置）、直管或螺旋内管。高性能皮卡中段排气管。","偏移（倾斜）","80.7","","https://TH.xiapibuy.com/product/70084463/8175894020","汽车零部件","尾气和排放","IVCN202512228568","39331048464","https://detail.1688.com/offer/647551415240.html?fromkv=cbuPcPlugin:imageSearchDrawerCard&spm=a2639h.29135425.offerlist.i3&source=action%23offerItem%3Borigin%23shopee.co.th&amug_biz=oneself&amug_fl_src=awakeId_982","P1","07-17","39331048464","80.7","","20-40美金","20-40单","高价品"
"1","适用于比亚迪 Atto 3 Yuan Plus 2022-2026 的硅胶门把手套、换挡杆套、扶手箱套、汽车内饰保护套。","黑色,7 件,22-26","80.59","https://cf.shopee.co.th/file/cn-11134207-820l4-mjwy936nmtxc1f","https://TH.xiapibuy.com/product/1125322332/56905295076","汽车内饰配件","其他的","IVCN2026071010194","330483786632","https://detail.1688.com/offer/1045625988533.html?kj_agent_plugin=aliprice&fromkv=xytTrace:0","P1","07-17","330483786632","80.59","","20-40美金","20-40单","高价品"
"1","适用于五十铃 D-MAX 2012 2013 2014 2015 款的一对大灯罩/灯壳/透镜","一对","80.48","","https://TH.xiapibuy.com/product/322532416/54211525269","汽车零部件","电子","IVCN2026071014554","366001316828","相似款：https://detail.1688.com/offer/675073116050.html?fromkv=cbuPcPlugin:imageSearchDrawerCard&spm=a2639h.29135425.offerlist.i1&source=action%23offerItem%3Borigin%23shopee.co.th&amug_biz=oneself&amug_fl_src=awakeId_982","P1","07-17","366001316828","80.48","","20-40美金","20-40单","高价品"
"1","12V/24V车载风扇,BSA厢式货车/面包车用吊扇（12V/24V）","24伏。","80","","https://TH.xiapibuy.com/product/74718663/1449516432","汽车零部件","其他的","IVCN202512228886","4605236770","相似款：https://detail.1688.com/offer/725752565161.html?kj_agent_plugin=aliprice&fromkv=xytTrace:2127a84b17665614611173230e10fe&token=KPjavei3KzM2ma%2FjwU7%2Fc9E5aV3y7AWSRWLwwy7aFjIKS5AmiTOXUCxI4Si38z25","P0","07-17","4605236770","80","","60-80美金","20-40单","高价品"
"1","适用于马自达 2 Skyactiv 2014-2018 CX3 CX5 的马自达汽车车窗升降器主开关,白色插座。","适用于马自达 2 Skyactiv 2014-2018 CX3 CX5 的马自达汽车车窗升降器主开关,白色插座。","80","","https://TH.xiapibuy.com/product/747415741/54457246573","汽车零部件","电子","IVCN2026051318639","370645138893","相似款：https://detail.1688.com/offer/963873204439.html?kj_agent_plugin=aliprice&fromkv=xytTrace:212b5ecd17822004400346301e0c9f&token=EkjcYYS9c4Kn08epvXNqaiM9m7dMi0Yi4RiXI%2BhrzHy0Jkqdh53psoo%2B%2BxYfX%2Fwf","P0","07-17","370645138893","80","","20-40美金","20-40单","高价品"
"1","适用于五十铃 D-Max 1.9 (2016-2019) 的中冷器管道更换套件,上部一对（原装空气滤清器管道 + 上部管道更换）,包含所有配件。","适用于五十铃 D-Max 1.9 (2016-2019) 的中冷器管道更换套件,上部一对（原装空气滤清器管道 + 上部管道更换）,包含所有配件。","79.76","","https://TH.xiapibuy.com/product/237200741/8517019937","汽车零部件","尾气和排放","IVCN202605137807","33758412869","无同款","P1","07-17","33758412869","79.76","","20-40美金","20-40单","高价品"
"1","Millo 🚗 适用于所有车型。舒适的真皮材质 🚗 2026 年最新款 🚗 汽车座椅套、汽车座椅内饰、汽车座椅保护套、汽车座椅罩。","5个座位（黑色）","79.65","https://cf.shopee.co.th/file/cn-11134207-7r98o-lwxygmht3iv936","https://TH.xiapibuy.com/product/1176288324/28303678165","汽车内饰配件","座椅及座椅套","IVCN202607107676","49436560286","","P1","07-17","49436560286","79.65","","40-60美金","20-40单","高价品"
"1","适用于本田飞度/爵士两厢车（2011-2013款）的大灯罩/大灯透镜更换件,原装灯罩/有机玻璃材质","左右","79.56","https://cf.shopee.co.th/file/sg-11134201-7rdvd-mddbxs3r1k1jd0","https://TH.xiapibuy.com/product/322532416/42112627523","汽车零部件","电子","IVCN2026051312551","281059102177","相似款：https://detail.1688.com/offer/666127942221.html?kj_agent_plugin=aliprice&fromkv=xytTrace%3A2127a84b17821963409404055e0cb0&token=qsgmgD%2BlxC%2BovwPaSz%2B6wizPIDcjQZ00W6U1oMSH1iHX9RnkUYvXqvfyxZc6xcoL&tracelog=cps&clickid=1821d6cbadc73597aefd2ac40928ef70&targetUrl=https%3A%2F%2Fs.click.1688.com%2Ft%3Fe%3DD2DC7A927D55C03D6511A0CCA913FD65D6FA062685DFF8F7D920A558D1D5758C4B369BE324A83E744B8F19128B0D93E33FB8088B45F57B9E47F28FD2CC0E231B18AD4F779334558760FEF997084D4D5331EB6FC8DBCADED4C6C8CEEEE21320CC4BD39EA2FE12E3B1C3CA03FD3591C5CFDA01C516D13ED3B6E239A603251C21F1AE9F4C719D77BA64348394BC3CC3C62B9992F8828C4BE892B3E0E893C4E68891A3976EBC6E6B755ED0A5F6C38732E0B6A41D4A56FC013E4DE2CF3BADEA55605F0EF9471354D9B01885E408A2BA7961B8800F97966C547A3D6944E5D92A9CC0449FDB06D11F979FE65B96D6729C7FDC81%26cbu_cps_trace_flag%3Dwrite","P1","07-17","281059102177","79.56","","20-40美金","20-40单","高价品"
"1","4合1无线CarPlay适配器,支持iOS AirPlay和Android Auto Mirror Link,带霓虹LED呼吸灯。","所以","79.38","https://cf.shopee.com.br/file/sg-11134201-8261y-mlna96mkt4hx3d","https://BR.xiapibuy.com/product/1232450761/47307036917","汽车内饰配件","其他的","IVCN2026071010842","325626596745","相似款：https://detail.1688.com/offer/1009878541222.html?fromkv=cbuPcPlugin:imageSearchDrawerCard&spm=a2639h.29135425.offerlist.i0&source=action%23offerItem%3Borigin%23cf.shopee.com.br&amug_biz=oneself&amug_fl_src=awakeId_982","P1","07-17","325626596745","79.38","","20-40美金","20-40单","高价品"
"1","适用于五十铃 D-MAX 2012 2013 2014 2015 款的前大灯罩/大灯外壳/大灯透镜","1 对（左 + 右）","79.29","","https://TH.xiapibuy.com/product/1431048390/41971908326","汽车零部件","电子","IVCN202605135879","243966922250","相似款：https://detail.1688.com/offer/1041934673019.html?kj_agent_plugin=aliprice&fromkv=xytTrace:0","P1","07-17","243966922250","79.29","","20-40美金","20-40单","高价品"
"1","省力型轮胎扳手重型减速套筒手动气动枪","21毫米-30毫米-32毫米-41毫米","79.25","https://cf.shopee.ph/file/sg-11134201-22120-eqd1tqy07alv2a","https://PH.xiapibuy.com/product/360983503/18469272555","汽车工具","测试、诊断和维修工具","IVCN202512091443","117855307084","https://detail.1688.com/offer/671561805419.html?spm=a26352.b28411319/2508.0.0","P1","07-17","117855307084","79.25","","20-40美金","20-40单","高价品"
"1","24罐 | 1盒 | 141B罐装 | 活性炭 | 清洗剂 | 汽车空调系统清洗剂","24罐 | 1盒 | 141B罐装 | 活性炭 | 清洗剂 | 汽车空调系统清洗剂","79.2","","https://PH.xiapibuy.com/product/313625283/8041311468","汽车保养","其他的","IVCN202605136665","25337986619","相似款：https://detail.1688.com/offer/783703285329.html?spm=a26352.13672862.offerlist.14.17311e6221AUxK&offerId=783703285329&sortType=&pageId=&abBizDataType=cbuOffer&trace_log=normal&uuid=fb18a0e59e9a41b6a8eb8e7b6245dfcb&skuId=5350448796891&forcePC=1773913950043","P0","07-17","25337986619","79.2","","40-60美金","20-40单","高价品"
"1","BLISS TECH 300W车载逆变器,型号C-300,可将汽车电源（12V/24V）转换为220V家用电源,适用于汽车/卡车。","C-300","79.06","https://cf.shopee.co.th/file/th-11134207-7ra0q-mchi5b7u2f6u15","https://TH.xiapibuy.com/product/1586889790/40759094844","汽车零部件","电子","IVCN2026051313652","290868039032","https://detail.1688.com/offer/772707203993.html?kj_agent_plugin=aliprice&fromkv=xytTrace:0bab14ad17840172922164227e0f58&token=3izMWp3T37As0BOxLh4b2N3AzL4Qkn1REwTXkCNvCKHRNJDuQX3rYMSE0eN0iE9i","P1","07-17","290868039032","79.06","","20-40美金","20-40单","高价品"
"1","适用于丰田Innova 2014-2025款的LED雾灯套装,黄色LED灯泡。","雾灯+H11黄色LED灯组","79.06","https://cf.shopee.ph/file/cn-11134207-7ras8-mbdb1q450lb5ed","https://PH.xiapibuy.com/product/1520635712/41105806328","汽车零部件","电子","IVCN2026051313521","290487403747","相似款：https://detail.1688.com/offer/795500696875.html?spm=a26352.b28411319/2508.0.0https://detail.1688.com/offer/691427053624.html?fromkv=cbuPcPlugin:imageSearchDrawerCard&spm=a2639h.29135425.offerlist.i46&source=action%23offerItem%3Borigin%23cf.shopee.ph&amug_biz=oneself&amug_fl_src=awakeId_982","P1","07-17","290487403747","79.06","","20-40美金","20-40单","高价品"
"2","LONAISCI 5合1汽车应急启动器,便携式应急启动器,配备99800mAh电池,适用于汽车、摩托车和皮卡。一款帮助您启动车辆的设备。","B06（99800mAh）+ EVA + 智能夹","79.03","https://cf.shopee.co.th/file/sg-11134201-825zv-ml66iv3mxfrj72","https://TH.xiapibuy.com/product/1337988328/42300157586","汽车零部件","电子","IVCN2026051311525","275012460431","https://detail.1688.com/offer/917042396104.html?kj_agent_plugin=aliprice&fromkv=xytTrace:2108837b17840160210548866e0f1c&token=K0afAr%2Fns8B%2FrneaSuABEmKy%2Bs8xuvDLhEOh%2FG9LbXw8zPuoTHWirfr7t7VS1QV4","P1","07-17","275012460431","79.03","","300-500美金","20-40单","高价品"
"1","氙气旋转灯升级版,适用于24/12/24V汽车。升级版旋转氙气LED灯。旋转氙气系列HA汽车灯","柠檬,氙气 12/24v","79","https://cf.shopee.com.my/file/id-11134207-8224v-mhvk4ilijt37ca","https://MY.xiapibuy.com/product/379249865/20084557128","汽车零部件","电子","IVCN2026071010158","247311553179","相似款：https://detail.1688.com/offer/901544287470.html?fromkv=cbuPcPlugin:imageSearchDrawerCard&spm=a2639h.29135425.offerlist.i0&source=action%23offerItem%3Borigin%23cf.shopee.com.my&amug_biz=oneself&amug_fl_src=awakeId_982","P0","07-17","247311553179","79","","20-40美金","20-40单","高价品"
"1","多功能T/Y型扭力棘轮扳手工具套装,适用于汽车、摩托车、轿车和卡车维修","多功能T/Y型扭力棘轮扳手工具套装,适用于汽车、摩托车、轿车和卡车维修","78.73","","https://PH.xiapibuy.com/product/683583835/10286581353","汽车工具","测试、诊断和维修工具","IVCN202606158323","124134822736","https://detail.1688.com/offer/752161742884.html?kj_agent_plugin=aliprice&fromkv=xytTrace:0bf89a7417749421005415826e0d98&token=6W0Hu5PvsPNPljaUnW33k0ymTZ9JjQt7uxCBz%2BrOte8A7nR%2F5eyubdEWfzNPbiqj","P1","07-17","124134822736","78.73","","40-60美金","20-40单","高价品"
"1","CarPlay AI Box,Android 13车载电视盒,128GB,无线CarPlay,Android Auto,QCM6225,4G LTE,GPS,内置Netflix和YouTube。","4GB+32GB","78.58","https://cf.shopee.co.th/file/th-11134207-81zto-mods10gdoc25ad","https://TH.xiapibuy.com/product/1230202339/24137190213","汽车内饰配件","导航和AV接收器","IVCN2026071011662","440332117952","https://detail.1688.com/offer/1037118450965.html?kj_agent_plugin=aliprice&fromkv=xytTrace:0https://detail.1688.com/offer/757675829491.html?spm=a26352.13672862.offerlist.9.c7f51e62N4nxcj&offerId=757675829491&sortType=&pageId=&abBizDataType=cbuOffer&hotSaleSkuId=5781688023304&trace_log=normal&uuid=26c59dcdf78442af841c90923ecfba62&forcePC=1784020500551","P1","07-17","440332117952","78.58","","20-40美金","20-40单","高价品"
"1","适用于本田CRV CR-V 2002 2003 2004款的前大灯罩盖,替换前大灯灯罩","1 对（左+右）","78.24","","https://PH.xiapibuy.com/product/1251614634/25779775609","汽车零部件","电子","IVCN2026061514189","236319389917","相似款：https://detail.1688.com/offer/952237258888.html?fromkv=cbuPcPlugin:imageSearchDrawerCard&spm=a2639h.29135425.offerlist.i2&source=action%23offerItem%3Borigin%23shopee.ph&amug_biz=oneself&amug_fl_src=awakeId_982","P1","07-17","236319389917","78.24","","20-40美金","20-40单","高价品"
"1","Triton 2.5 和 Pajero 2.5 (128/140/178hp) 所有车型的中冷器管（进气侧）。","Triton 2.5 和 Pajero 2.5 (128/140/178hp) 所有车型的中冷器管（进气侧）。","78.01","","https://TH.xiapibuy.com/product/158998353/23536657321","汽车零部件","发动机零件","IVCN2026041038523","221400861762","无同款","P1","07-17","221400861762","78.01","","20-40美金","20-40单","高价品"
"1","适用于丰田海狮通勤版 GL Grandia Decontent 2014-2024 的 LED 雾灯","适用于丰田海狮通勤版 GL Grandia Decontent 2014-2024 的 LED 雾灯","78","","https://PH.xiapibuy.com/product/1019963764/24337825865","汽车零部件","电子","IVCN2026051312305","69831060264","https://detail.1688.com/offer/843254209631.html?kj_agent_plugin=aliprice&fromkv=xytTrace:212b5ecd17840117293358313e0f85&token=D7pewnctVy2ru9guzfD3m96ArfeiUWORkKwAXLFZsfM2Zi%2BssK7pg2WbzLAGSvdJ","P0","07-17","69831060264","78","","20-40美金","20-40单","高价品"
"1","❤本地配送+货到付款❤ 三合一背部按摩器,带按摩床,可缓解疼痛,睡眠指压深层组织按摩,便携式肩腰背部疼痛缓解腰部按摩器","❤本地配送+货到付款❤ 三合一背部按摩器,带按摩床,可缓解疼痛,睡眠指压深层组织按摩,便携式肩腰背部疼痛缓解腰部按摩器","78","","https://TH.xiapibuy.com/product/758342797/42123923142","汽车内饰配件","座椅头枕和靠背","IVCN2026051310717","266944320819","相似款：https://detail.1688.com/offer/1033198059543.html?fromkv=cbuPcPlugin:imageSearchDrawerCard&spm=a2639h.29135425.offerlist.i0&source=action%23offerItem%3Borigin%23shopee.co.th&amug_biz=oneself&amug_fl_src=awakeId_982","P0","07-17","266944320819","78","","20-40美金","20-40单","高价品"
"2","10 年保修 全高清 4K 行车记录仪 + WIFI + 3 个摄像头 支持 24 小时停车录像,可通过手机 WiFi 查看,包含 32/64/128GB 存储卡。","3 个摄像头,配 32GB 存储卡。","77.58","https://cf.shopee.co.th/file/th-11134207-81ztc-meff0pseat4x6b","https://TH.xiapibuy.com/product/1474191266/41468186797","汽车内饰配件","摄像机和停车摄像头","IVCN2026061517235","281495177906","https://detail.1688.com/offer/974344802631.html?kj_agent_plugin=aliprice&fromkv=xytTrace:0","P1","07-17","281495177906","77.58","","20-40美金","20-40单","高价品"
"1","日产 Navara NP300 D23 LED 第三刹车灯 26590-4JA0C 直接安装,防腐蚀,易于安装","日产 Navara NP300 D23 LED 第三刹车灯 26590-4JA0C 直接安装,防腐蚀,易于安装","77.5","","https://PH.xiapibuy.com/product/955835210/40107826106","汽车零部件","电子","IVCN2026061516915","275662728272","https://detail.1688.com/offer/1003153610330.html?fromkv=cbuPcPlugin:imageSearchDrawerCard&spm=a2639h.29135425.offerlist.i0&source=action%23offerItem%3Borigin%23shopee.ph&amug_biz=oneself&amug_fl_src=awakeId_982","P1","07-17","275662728272","77.5","","20-40美金","20-40单","高价品"
"1","LED警报灯,车顶灯,39厘米,2节,4面,带侧灯,6瓦,12伏,带磁性底座,红蓝双色。","319-2 RB","77.28","https://cf.shopee.co.th/file/th-11134207-23010-xdg2mqwoyrmvfb","https://TH.xiapibuy.com/product/265140715/12811394184","汽车零部件","电子","IVCN2026071013118","192694071339","相似款：https://detail.1688.com/offer/641291269284.html?spm=a261y.7663282.3002526303362591.2.4dfd10cdtEcmBa&sk=order&fromkv=cbuPcPlugin%3AimageSearchDrawerCard","P1","07-17","192694071339","77.28","","20-40美金","20-40单","高价品"
"1","曲轴轴承拆卸器和曲轴对准工具。单价。高品质工具。现货供应。","曲轴轴承拆卸器和曲轴对准工具。单价。高品质工具。现货供应。","76.83","","https://TH.xiapibuy.com/product/151925416/24789172879","汽车工具","其他的","IVCN2025111464293","178586717111","无同款","P1","07-17","178586717111","76.83","","20-40美金","20-40单","高价品"
"1","MQQ 大灯投影透镜 LED 蓝色 3R G5 3 英寸 2 件装,适用于 H4 H7 H1 9005 9006 高低光束 28000lm","3英寸 - 2块","76.72","https://cf.shopee.co.th/file/sg-11134201-7rasy-mb6j3pdk9ks6c4","https://TH.xiapibuy.com/product/1256911053/43705188042","汽车零部件","电子","IVCN2026071010434","265437748453","https://detail.1688.com/offer/852186951338.html?kj_agent_plugin=aliprice&fromkv=xytTrace:210702e017840178700344893e0e06&token=bz6kN5WNtv5FRegjJZNgrcyWFbq6r%2BnXCqTavi1OEPEDz5ZhFUwYiYjDooPd34ef","P1","07-17","265437748453","76.72","","20-40美金","20-40单","高价品"
"1","适用于 Veloz、Avanza 2022、2023、2024 款的发动机保护罩。免费赠送不锈钢螺栓。","白色logo帽","76.69","https://cf.shopee.ph/file/vn-11134207-7ras8-m2m5j7km31ty23","https://PH.xiapibuy.com/product/586795209/23479979774","汽车零部件","其他的","IVCN202512228956","235876295166","无同款","P1","07-17","235876295166","76.69","","20-40美金","20-40单","高价品"
"1","JAECOO 5 汽车脚垫,适用于 Jaecoo J5 EV。采用塑料和橡胶混合材料制成,防水防污。","JAECOO 5 汽车脚垫,适用于 Jaecoo J5 EV。采用塑料和橡胶混合材料制成,防水防污。","76.67","","https://TH.xiapibuy.com/product/667843999/44852276413","汽车内饰配件","地毯和垫子","IVCN202512226034","325217994446","相似款：https://detail.1688.com/offer/860530643844.html?kj_agent_plugin=aliprice&fromkv=xytTrace:2132815517661115040693817e0ec9&token=IowaFrXhayX38yADE6RaiE5Y1BtGmJp%2BYSixX4PXrdMHIn2wbS7zsO3PZ270FaJs","P1","07-17","325217994446","76.67","","20-40美金","20-40单","高价品"
"1","适用于三菱 Triton 05-14、Pajero Sport 和 Triton 05-14 的正品 Valeo 蒸发器盘管。","空调","76.67","https://cf.shopee.co.th/file/th-11134207-7rasm-m589e30dtoyl36","https://TH.xiapibuy.com/product/831373146/19693252879","汽车零部件","其他的","IVCN202605135497","242504982135","相似款：https://detail.1688.com/offer/703243268275.html?kj_agent_plugin=aliprice&fromkv=xytTrace%3A0b0fdc4f17643162525821472e191f&token=jq6YrTsp%2BMSyjVtAOeDiEkC6hYgo1mrEMktlVzXUysqfyDBxW05OgTUGyFBph4%2F0&tracelog=cps&clickid=cc958d5be244e8e95a0ce520f9c6eb9e&targetUrl=https%3A%2F%2Fs.click.1688.com%2Ft%3Fe%3DD2DC7A927D55C03D6511A0CCA913FD65D6FA062685DFF8F7D920A558D1D5758C4B369BE324A83E744B8F19128B0D93E33FB8088B45F57B9E47F28FD2CC0E231B18AD4F779334558760FEF997084D4D5331EB6FC8DBCADED4C6C8CEEEE21320CC4BD39EA2FE12E3B146C8E8FAB9ED72FB1E354168A5D942064ECB0444020610CC1CDE1D79A9EB012F348394BC3CC3C62B9992F8828C4BE892FD12585443B978746A5D322F4BF3C257062A96A14AD394C59E8D07B9270C3201B4D053CC004149949DB3D1331DD2A4452E4FB92C4CB3A8702649830910EAA55CC80E384788AE1ED9406F8D98B55A302B96510FDA3BFF3E01%26cbu_cps_trace_flag%3Dwrite","P1","07-17","242504982135","76.67","","20-40美金","20-40单","高价品"
"1","四合一汽车应急启动电源 20000mAh 汽车应急启动电源 带气泵 应急启动电源 移动电源 汽车电瓶应急启动电源","普通夹子（黑色）","76.6","https://cf.shopee.ph/file/cn-11134207-820l4-mhloglbjdnnnfb","https://PH.xiapibuy.com/product/1452921434/26925468766","汽车零部件","电子","IVCN202509128028","215771215927","违禁品：移动电源","P1","07-17","215771215927","76.6","","300-500美金","20-40单","高价品"
"2","350W 12V 转 110V/220V 电​​源逆变器 – 3 个 USB 接口 + 1 个 Type-C 接口,适用于汽车和旅行的电源转换器","350瓦 12伏 220伏","76","https://cf.shopee.com.br/file/cn-11134207-820l4-mofnqu6alrf2eb","https://BR.xiapibuy.com/product/1748394079/56660798558","汽车内饰配件","USB充电器、FM和蓝牙发射器","IVCN202607108422","262630962618","相似款：https://detail.1688.com/offer/964867508943.html?kj_agent_plugin=aliprice&fromkv=xytTrace:0","P0","07-17","262630962618","76","","60-80美金","20-40单","高价品"
"2","350W 12V 转 110V/220V 电​​源逆变器 – 3 个 USB 接口 + 1 个 Type-C 接口,适用于汽车和旅行的电源转换器","350瓦 12伏 110伏 TIPO C USB Turbo","76","https://cf.shopee.com.br/file/cn-11134207-820l4-monhc7fwdukr5f","https://BR.xiapibuy.com/product/1748394079/56660798558","汽车内饰配件","USB充电器、FM和蓝牙发射器","IVCN202607108422","262630962617","https://detail.1688.com/offer/964867508943.html?kj_agent_plugin=aliprice&fromkv=xytTrace:0","P0","07-17","262630962617","76","","80-100美金","20-40单","高价品"
"3","【免运费】牧田智能双插头电源转换器 DC 12V 转 220V 正弦波混合逆变器通用插座 3 个 USB 接口 21V/48V 支持多种容量锂电池","（300W）6.0Ah电池*3","75.78","https://cf.shopee.co.th/file/cn-11134207-820l4-mkeqpacelyitf8","https://TH.xiapibuy.com/product/1679129443/48602042052","汽车零部件","电子","IVCN2026051318741","375413945529","相似款：https://detail.1688.com/offer/1060702879521.html?kj_agent_plugin=aliprice&fromkv=xytTrace:0bab14ad17840209856198333e0f05&token=%2BHFIYIUs725tuxYONFxZMRra10ev0AmeNqLP%2BKBMNKy%2BKNx%2FNoTzrdXA4Zt0UliM","P1","07-17","375413945529","75.78","","20-40美金","20-40单","高价品"
"4","汽车应急启动电源 4 合 1 10000mAh 带气泵移动电源应急灯 12V 汽车应急启动器","普通夹子（黑色）","75.39","https://cf.shopee.ph/file/cn-11134207-820l4-mgemylmngdn372","https://PH.xiapibuy.com/product/1452921434/55700338977","汽车零部件","电子","IVCN2026051314655","405032249562","相似款：https://detail.1688.com/offer/982178455985.html?fromkv=cbuPcPlugin:imageSearchDrawerCard&spm=a2639h.29135425.offerlist.i0&source=action%23offerItem%3Borigin%23cf.shopee.ph&amug_biz=oneself&amug_fl_src=awakeId_982","P1","07-17","405032249562","75.39","","40-60美金","20-40单","高价品"
"1","【5年质保】198000mAh 四合一便携式汽车应急启动电源,兼容所有车型,集汽车应急启动器、便携式气泵、便携式汽车应急启动器于一体","无线升级型号","75.38","https://cf.shopee.co.th/file/th-11134207-81ztl-mm37094xqux414","https://TH.xiapibuy.com/product/1682777693/53257500689","汽车工具","其他的","IVCN2026061518543","310668197405","相似款：https://detail.1688.com/offer/1029542458272.html?fromkv=cbuPcPlugin:imageSearchDrawerCard&spm=a2639h.29135425.offerlist.i0&source=action%23offerItem%3Borigin%23cf.shopee.co.th&amug_biz=oneself&amug_fl_src=awakeId_982","P1","07-17","310668197405","75.38","","20-40美金","20-40单","高价品"
"1","适用于2007-2012款马自达2的透明透镜大灯外壳。","左右","75.36","","https://TH.xiapibuy.com/product/322532416/45911541490","汽车零部件","电子","IVCN202607108370","376001652222","https://detail.1688.com/offer/630191225118.html?kj_agent_plugin=aliprice&fromkv=xytTrace%3A0&tracelog=cps&clickid=e974a18e5724d97350d6881bfe4911f0&targetUrl=https%3A%2F%2Fs.click.1688.com%2Ft%3Fe%3DD2DC7A927D55C03D6511A0CCA913FD65D6FA062685DFF8F7D920A558D1D5758C4B369BE324A83E744B8F19128B0D93E33FB8088B45F57B9E47F28FD2CC0E231B18AD4F779334558760FEF997084D4D5331EB6FC8DBCADED4C6C8CEEEE21320CC4BD39EA2FE12E3B179E2065BA50663327A351F689778E968411B8D79E7EE9F6DA832122EB603C66A348394BC3CC3C62B9992F8828C4BE89264BF7B0232B9AEE8892118B4D2788C5290F8C83AC4C21B59476736E1601E3046E2CF3BADEA55605F0EF9471354D9B018FDBAACE64174E6E8BEAD7214FFEC4C8418F36E2470FDE4A47FFF550960103E70DC41D15FC9BCB993%26cbu_cps_trace_flag%3Dwrite","P1","07-17","376001652222","75.36","","20-40美金","20-40单","高价品"
"1","拆卸部件：五十铃 D-MAX MU-7 02-11 DMAX MU7 的侧视镜折叠齿轮。","左侧,坐着的人。","75.18","","https://TH.xiapibuy.com/product/283721754/19987991738","汽车外饰配件","镜子及配件","IVCN202602118544","175853768774","相似款：https://detail.1688.com/offer/676365597413.html?fromkv=cbuPcPlugin:imageSearchDrawerCard&spm=a2639h.29135425.offerlist.i0&source=action%23offerItem%3Borigin%23shopee.co.th&amug_biz=oneself&amug_fl_src=awakeId_982","P1","07-17","175853768774","75.18","","20-40美金","20-40单","高价品"
"1","四合一汽车应急启动电源 99800mAh 带空气压缩机和气泵","智能夹","75.06","https://cf.shopee.com.my/file/cn-11134207-7ras8-ma2mwekgy4k2b7","https://MY.xiapibuy.com/product/1530170914/40801845191","汽车零部件","电子","IVCN2026071012546","260150208730","https://detail.1688.com/offer/909400364110.html?kj_agent_plugin=aliprice&fromkv=xytTrace:210702e017840175585796746e0eac&token=1IbLY9BfMR3U%2Fd2VIfCsziLU38PkWXYihYca9IhiUoA%2BNK8foW38%2BGxT4upg%2B%2BFc","P1","07-17","260150208730","75.06","","20-40美金","20-40单","高价品"
"1","紧急汽车车顶频闪信号灯闪光安全警示灯无线36LED磁吸式防水12V/24V","黄色,12-24V","75","https://cf.shopee.com.my/file/sg-11134201-7r98o-lkw7urajyd4g56","https://MY.xiapibuy.com/product/122173553/22652714836","汽车零部件","电子","IVCN2026071011528","88772810935","https://detail.1688.com/offer/1033054881281.html?fromkv=cbuPcPlugin:imageSearchDrawerCard&spm=a2639h.29135425.offerlist.i0&source=action%23offerItem%3Borigin%23cf.shopee.com.my&amug_biz=oneself&amug_fl_src=awakeId_982","P0","07-17","88772810935","75","","20-40美金","20-40单","高价品"
"1","适用于丰田威驰第三代（2014-2017款）的替换前大灯透镜/大灯罩,原装品质","左右","74.86","","https://PH.xiapibuy.com/product/417983780/9676670418","汽车零部件","电子","IVCN2026051316829","116140252084","https://detail.1688.com/offer/744018329442.html?fromkv=cbuPcPlugin:imageSearchDrawerCard&spm=a2639h.29135425.offerlist.i16&source=action%23offerItem%3Borigin%23shopee.ph&amug_biz=oneself&amug_fl_src=awakeId_982","P1","07-17","116140252084","74.86","","20-40美金","20-40单","高价品"
"1","【马尼拉现货】2个装 LED 汽车雾灯 DRL 日间行车灯转向灯 H11 适用于丰田海狮 2014-2018 ABS 汽车雾灯 DRL 日间行车灯","我们","74.82","https://cf.shopee.ph/file/cn-11134207-7r98o-lnmfb1n398jsa6","https://PH.xiapibuy.com/product/1101569799/24600011476","汽车零部件","电子","IVCN2026051310937","59369335678","","P1","07-17","59369335678","74.82","","40-60美金","20-40单","高价品"
"1","350W 12V 转 110V/220V 电​​源逆变器 – 3 个 USB 接口 + 1 个 Type-C 接口 – 车载及旅行电源转换器","12伏 — 350瓦 110伏","74.69","https://cf.shopee.com.br/file/cn-11134207-820l4-motkq35elhxecc","https://BR.xiapibuy.com/product/1738547171/57210798764","汽车内饰配件","其他的","IVCN2026071010608","390944514214","相似款：https://detail.1688.com/offer/963898366990.html?kj_agent_plugin=aliprice&fromkv=xytTrace:2108837b17840237345886393e0fa1&token=kuY2WKDKrLWdCNknf%2BzpPcb%2F9SXStfqQLysbF3%2BxysTjZLqUjiJ7bOIp0thmV%2F%2F2","P0","07-17","390944514214","74.69","","80-100美金","20-40单","高价品"
"1","NEVO Q05专用TPE后备箱地垫,汽车内饰配件,防水。","上层甲板[后垫]","74.64","https://cf.shopee.co.th/file/sg-11134201-820lb-mngsc7ia9gy020","https://TH.xiapibuy.com/product/1509548725/48959483514","汽车内饰配件","座椅及座椅套","IVCN2026071010342","315837125553","相似款：https://detail.1688.com/offer/971645683230.html?kj_agent_plugin=aliprice&fromkv=xytTrace:2146938717660454166048865e0fe0&token=fXt4tamG6WMOg9jl9Wey%2FQ2wmhZmLQb7L3aJMKcAI5rhgaRSDFYlrzXj%2B5gLfoIi","P1","07-17","315837125553","74.64","","20-40美金","20-40单","高价品"
"1","Nlpearl 2个超亮40000流明Canbus D1S D3S汽车LED大灯灯泡,160W 6500K D1R D3R HID涡轮增压灯,无故障,尺寸与原装相同,1:1一体式汽车灯,即插即用","D3S-2PCS","74.32","https://cf.shopee.com.my/file/cn-11134207-820l4-mk0txgg2a6870a","https://MY.xiapibuy.com/product/492742813/49201127082","汽车零部件","电子","IVCN2026051310127","262140593118","相似款：https://detail.1688.com/offer/775964695047.html?fromkv=cbuPcPlugin:imageSearchDrawerCard&spm=a2639h.29135425.offerlist.i2&source=action%23offerItem%3Borigin%23cf.shopee.com.my&amug_biz=oneself&amug_fl_src=awakeId_982","P1","07-17","262140593118","74.32","","20-40美金","20-40单","高价品"
"1","清仓大甩卖！五十铃 Mu-X 2021-2026 自动侧视镜折叠模块。ProTech 品牌,即插即用,无需剪线。","清仓大甩卖！五十铃 Mu-X 2021-2026 自动侧视镜折叠模块。ProTech 品牌,即插即用,无需剪线。","74.3","","https://TH.xiapibuy.com/product/5664831/3918525673","汽车外饰配件","镜子及配件","IVCN2026031322456","62149624475","相似款：https://detail.1688.com/offer/962875741875.html?fromkv=cbuPcPlugin:imageSearchDrawerCard&spm=a2639h.29135425.offerlist.i0&source=action%23offerItem%3Borigin%23down-ph.img.susercontent.com&amug_biz=oneself&amug_fl_src=awakeId_982","P1","07-17","62149624475","74.3","","20-40美金","20-40单","高价品"
"1","Belinda7 适用于 D-Max 2021-2023 的透明左侧大灯罩","左侧,透明","74.3","https://cf.shopee.co.th/file/sg-11134201-82287-mhh2k8uawao4a8","https://TH.xiapibuy.com/product/1594783613/43476746255","汽车零部件","电子","IVCN2026051313897","292199031758","相似款：https://detail.1688.com/offer/1038965433169.html?kj_agent_plugin=aliprice&fromkv=xytTrace:0","P1","07-17","292199031758","74.3","","20-40美金","20-40单","高价品"
"1","1-2个恶魔之眼LED汽车挡风玻璃灯屏,USB插入式,DIY APP控制,灵活滚动显示屏","2件 12x59厘米","74.18","https://cf.shopee.com.br/file/cn-11134207-7ras8-ma3m3w53lau5be","https://BR.xiapibuy.com/product/1139285351/27730990568","汽车零部件","电子","IVCN202605133383","224003329593","相似款：https://detail.1688.com/offer/845131287149.html?kj_agent_plugin=aliprice&fromkv=xytTrace:0","P1","07-17","224003329593","74.18","","100-300美金","20-40单","高价品"
"1","适用于苹果安卓车载镜像、iOS AirPlay屏幕镜像的四合一无线CarPlay适配器,智能加密狗","所以","74.08","https://cf.shopee.com.br/file/sg-11134201-8261r-mjghvrkzcbgl1e","https://BR.xiapibuy.com/product/1232450761/41128034591","汽车内饰配件","其他的","IVCN2026051317507","345436908629","https://detail.1688.com/offer/965112851421.html?kj_agent_plugin=aliprice&fromkv=xytTrace:210702e017739095219938464e1053&token=HMUEhKZ%2Bks4QJyyMwP4ir83SeH7oWj8Xh8B2owCHOwoqw%2BkcBjF0X96yyUKRn9cq","P1","07-17","345436908629","74.08","","20-40美金","20-40单","高价品"
"1","适用于 2016-2021 款本田思域的 2 件套汽车侧翼子板 LED 转向信号灯/示廓灯/LED 转向灯/闪光灯/琥珀色和白色日间行车灯/流水式转向灯","适用于 2016-2021 款本田思域的 2 件套汽车侧翼子板 LED 转向信号灯/示廓灯/LED 转向灯/闪光灯/琥珀色和白色日间行车灯/流水式转向灯","74.07","","https://TH.xiapibuy.com/product/171868326/21681289944","汽车零部件","电子","IVCN202605132989","221748733743","https://detail.1688.com/offer/728956705857.html?fromkv=cbuPcPlugin:imageSearchDrawerCard&spm=a2639h.29135425.offerlist.i0&source=action%23offerItem%3Borigin%23shopee.co.th&amug_biz=oneself&amug_fl_src=awakeId_982","P1","07-17","221748733743","74.07","","20-40美金","20-40单","高价品"
"1","四合一无线 CarPlay/Android Auto 适配器 — AirPlay + Android 镜像,YouTube/Netflix","P19T-4-黑色","74","https://cf.shopee.com.my/file/cn-11134207-820l4-mmvk55h7wjya96","https://MY.xiapibuy.com/product/1304121698/54157408744","汽车内饰配件","导航和AV接收器","IVCN2026071011924","400758319466","https://detail.1688.com/offer/1004489778548.html?kj_agent_plugin=aliprice&fromkv=xytTrace:0","P0","07-17","400758319466","74","","20-40美金","20-40单","高价品"
"1","适用于 Mirage Attrage 2013-2025 的汽车引擎盖隔热罩,前发动机罩隔热隔音棉衬里","适用于 Mirage Attrage 2013-2025 的汽车引擎盖隔热罩,前发动机罩隔热隔音棉衬里","73.96","","https://PH.xiapibuy.com/product/1618832872/53208682174","汽车外饰配件","封面","IVCN2026061518563","310770881181","相似款：https://detail.1688.com/offer/926008924732.html?spm=a26352.b28411319/2508.0.0","P1","07-17","310770881181","73.96","","20-40美金","20-40单","高价品"
"1","【快速发货】200W车载逆变器,将汽车电源（12V/24V）转换为220V家用电源。","7612S（12V/24V）","73.83","https://cf.shopee.co.th/file/th-11134207-7qul4-litnnlfu3gk182","https://TH.xiapibuy.com/product/915240209/23347237946","汽车零部件","电子","IVCN2026051322497","167736319020","https://detail.1688.com/offer/831184630200.html?fromkv=cbuPcPlugin:imageSearchDrawerCard&spm=a2639h.29135425.offerlist.i5&source=action%23offerItem%3Borigin%23cf.shopee.co.th&amug_biz=oneself&amug_fl_src=awakeId_982","P1","07-17","167736319020","73.83","","20-40美金","20-40单","高价品"
"1","通用叉车座椅,适用于挖掘装载机、推土机、小型挖掘机、叉车的拖拉机座椅。","黑色的","73.56","https://cf.shopee.co.th/file/th-11134207-81ztj-mgewkcujfkegb1","https://TH.xiapibuy.com/product/1413069339/51550363454","汽车内饰配件","其他的","IVCN2026041047153","320033904882","https://detail.1688.com/offer/624335052733.html?fromkv=cbuPcPlugin:imageSearchDrawerCard&spm=a2639h.29135425.offerlist.i4&source=action%23offerItem%3Borigin%23shopee.co.th&amug_biz=oneself&amug_fl_src=awakeId_982","P1","07-17","320033904882","73.56","","60-80美金","20-40单","高价品"
"1","Tolsen 重型液压千斤顶【线上专享】（2吨-20吨）带过载保护","10吨","73.32","","https://PH.xiapibuy.com/product/165664989/17229385701","汽车工具","测试、诊断和维修工具","IVCN2026061510205","171161985039","无同款","P1","07-17","171161985039","73.32","","20-40美金","20-40单","高价品"
"1","💥81a820901 汽车仪表盘空调通风口 B 适用于 A3 S3 RS3 Sportback 8V 2017 -","💥81a820901 汽车仪表盘空调通风口 B 适用于 A3 S3 RS3 Sportback 8V 2017 -","73.12","","https://BR.xiapibuy.com/product/1594817666/45352202265","汽车内饰配件","其他的","IVCN2026041040771","238211322356","https://detail.1688.com/offer/971144870023.html?fromkv=cbuPcPlugin:imageSearchDrawerCard&spm=a2639h.29135425.offerlist.i0&source=action%23offerItem%3Borigin%23shopee.com.br&amug_biz=oneself&amug_fl_src=awakeId_982","P1","07-17","238211322356","73.12","","40-60美金","20-40单","高价品"
"1","曼谷发货！径向轮胎撬棒套装,3 件套（GLP-003 轮胎撬棒）。钢制撬棒,用于撬开大型车辆、卡车等的轮胎。","🔥小型耙子套装 - 专业版","73","https://cf.shopee.co.th/file/th-11134207-81zto-mjnte85qvj0ke1","https://TH.xiapibuy.com/product/1430410240/43470499396","汽车零部件","其他的","IVCN2026051317729","350452344344","https://detail.1688.com/offer/907567351168.html?fromkv=cbuPcPlugin:imageSearchDrawerCard&spm=a2639h.29135425.offerlist.i1&source=action%23offerItem%3Borigin%23shopee.co.th&amug_biz=oneself&amug_fl_src=awakeId_982","P0","07-17","350452344344","73","","20-40美金","20-40单","高价品"
"1","包含图中所示的全套设备！SM2T 机油增压表（60-35 psi）,含图中所示配件。2 根长电缆,也可单独选择 SMT-01 手柄。","黑腿熊猫,拨号35磅","73","https://cf.shopee.ph/file/th-11134207-7ras9-m86ak2hyvszgae","https://PH.xiapibuy.com/product/750483667/14477557378","汽车内饰配件","抬头显示器、速度表和仪表","IVCN2026051321785","159110958814","https://detail.1688.com/offer/915142178274.html?kj_agent_plugin=aliprice&fromkv=xytTrace:0b52090217660288525243919e0c25&token=slRsTgqrhNnvmneb3Gaso8RqNyhUhmtjvFjsrJP32sp5Wc0ZKd3G8LBM%2FIxTrP9W","P0","07-17","159110958814","73","","20-40美金","20-40单","高价品"
"1","日产 Almera N17 2011 2012 2013 2014 2015 款大灯透镜罩更换。","左右","72.68","","https://TH.xiapibuy.com/product/674991695/29177689394","汽车零部件","其他的","IVCN2026041040601","237431787533","无同款","P1","07-17","237431787533","72.68","","20-40美金","20-40单","高价品"
"3","长安NEVO Q05 304不锈钢门槛条防水、防锈、耐刮擦,无需钻孔即可安装,并采用强力丙烯酸粘合剂。","【4 件,银色外壳】","72.43","https://cf.shopee.co.th/file/sg-11134201-81zvw-mn4ifbyg9fr90b","https://TH.xiapibuy.com/product/1738000430/55909010691","汽车外饰配件","门槛板","IVCN202607109674","310799348898","相似款：https://detail.1688.com/offer/1042350820080.html?kj_agent_plugin=aliprice&fromkv=xytTrace:213f867c17840226470045131e0c3b&token=YGed%2BhROUKQh%2FzxXDMymfSRfNsY1ePnD3uEs2wgEMlwerEcZWkLGqJEQNCsk5d%2Fr","P1","07-17","310799348898","72.43","","20-40美金","20-40单","高价品"
"1","透明大灯透镜罩,替换原装大灯灯罩,适用于本田CRV 2007 2008 2009 2010 2011款,有机玻璃材质,零件号2C676","一对","72.43","","https://TH.xiapibuy.com/product/322532416/41317685709","汽车零部件","电子","IVCN2026061517231","281456233320","相似款：https://detail.1688.com/offer/1037383598615.html?fromkv=cbuPcPlugin:imageSearchDrawerCard&spm=a2639h.29135425.offerlist.i2&source=action%23offerItem%3Borigin%23shopee.co.th&amug_biz=oneself&amug_fl_src=awakeId_982","P1","07-17","281456233320","72.43","","20-40美金","20-40单","高价品"
"1","（100% 正品）TH01 OBD2 故障码扫描仪,泰语菜单,可检查故障码、检查电气系统、检查电池,泰语菜单。","（100% 正品）TH01 OBD2 故障码扫描仪,泰语菜单,可检查故障码、检查电气系统、检查电池,泰语菜单。","72.25","","https://TH.xiapibuy.com/product/1079550280/24733175561","汽车工具","测试、诊断和维修工具","IVCN202605133681","226520239858","https://detail.1688.com/offer/616200042570.html?kj_agent_plugin=aliprice&fromkv=xytTrace:0","P1","07-17","226520239858","72.25","","100-300美金","20-40单","高价品"
"1","适用于 2006-2011 年款五十铃 D-Max 共轨发动机的空调冷凝器（散热器盘管）。[199167]","适用于 2006-2011 年款五十铃 D-Max 共轨发动机的空调冷凝器（散热器盘管）。[199167]","72.15","","https://TH.xiapibuy.com/product/7926325/5279029791","汽车零部件","散热器、发动机冷却和气候控制","IVCN202604230405","73659428967","相似款：https://detail.1688.com/offer/762172499908.html?kj_agent_plugin=aliprice&fromkv=xytTrace:213f867c17645825266018919e0d08&token=n%2BQ%2BTCcNTwB54l9mr0CRzhUtY9zz34bfXSjL6eXvao8Dhml787QYDy1g88CRs8n3","P1","07-17","73659428967","72.15","","40-60美金","20-40单","高价品"
"1","1-2个恶魔之眼LED汽车挡风玻璃灯屏,USB插入式,DIY APP控制,灵活滚动显示屏","2 件 10x35厘米","72.12","https://cf.shopee.com.br/file/cn-11134207-7ras8-ma3ltzql59ci63","https://BR.xiapibuy.com/product/1139285351/27730990568","汽车零部件","电子","IVCN2026061513289","224003329591","https://detail.1688.com/offer/993136307321.html?kj_agent_plugin=aliprice&fromkv=xytTrace:0bf89a7417840218140952423e0e23&token=Jj0gx1JjRGHSl0phDCwp%2Bjj0C17XI9gA4XlkNTHTE%2FVxwcNbu6yiC7bTKCVZyaJ4","P1","07-17","224003329591","72.12","","40-60美金","20-40单","高价品"
"1","36106887147 A0009052102 4个装 TPMS 胎压传感器,适用于奔驰 E 级 W213 CLS、宝马 X7 SUV、Alpina,433 MHz","36106887147 A0009052102 4个装 TPMS 胎压传感器,适用于奔驰 E 级 W213 CLS、宝马 X7 SUV、Alpina,433 MHz","72.03","","https://MY.xiapibuy.com/product/426927616/23633378830","汽车工具","轮胎压力检测器","IVCN202605132175","214080091036","https://detail.1688.com/offer/694121044919.html?spm=a26352.b28411319/2508.0.0","P1","07-17","214080091036","72.03","","20-40美金","20-40单","高价品"
"1","Carstorm 2 Din车载收音机,7英寸高清触摸屏,7023 MP5,支持Carplay、Mirrorlink、蓝牙、USB、TF卡、FM收音机、摄像头等多媒体播放器","7020+摄像头","71.75","https://cf.shopee.ph/file/cn-11134207-7r98o-lz73r87lqs8jca","https://PH.xiapibuy.com/product/991254198/29151436866","汽车内饰配件","导航和AV接收器","IVCN202606159011","157427830261","相似款：https://detail.1688.com/offer/833814282508.html?fromkv=cbuPcPlugin:imageSearchDrawerCard&spm=a2639h.29135425.offerlist.i3&source=action%23offerItem%3Borigin%23cf.shopee.com.my&amug_biz=oneself&amug_fl_src=awakeId_982","P1","07-17","157427830261","71.75","","80-100美金","20-40单","高价品"
"2","LONAISCI 99800mAh 二合一汽车应急启动电源,带电动气泵","99800mAh电池启动器+气泵","71.69","https://cf.shopee.co.th/file/cn-11134207-7ras8-m8jzg2jps4oi3e","https://TH.xiapibuy.com/product/1337988255/26433334258","汽车零部件","电子","IVCN2026051322427","167112251551","https://detail.1688.com/offer/670811027075.html?fromkv=cbuPcPlugin:imageSearchDrawerCard&spm=a2639h.29135425.offerlist.i3&source=action%23offerItem%3Borigin%23cf.shopee.co.th&amug_biz=oneself&amug_fl_src=awakeId_982","P1","07-17","167112251551","71.69","","100-300美金","20-40单","高价品"
"1","ZEN 6件套气动气门研磨套装。适用于汽车、卡车、摩托车和其他发动机的重型气动气门研磨。","ZEN 6件套气动气门研磨套装。适用于汽车、卡车、摩托车和其他发动机的重型气动气门研磨。","71.46","","https://TH.xiapibuy.com/product/58309193/40501564681","汽车工具","测试、诊断和维修工具","IVCN2026031330518","265128699216","https://detail.1688.com/offer/590980609511.html?kj_agent_plugin=aliprice&fromkv=xytTrace:2108837b17749439697825815e0ee7&token=9WvcjdNiDc4NOpff5R84zgfTocfqB4QlArhT4%2FFLkOyl%2Brxe9eyjSvFYyLfYrzOe","P1","07-17","265128699216","71.46","","20-40美金","20-40单","高价品"
"1","风扇电机（零件号 0Y040）,100% 优质,适用于 2013-2017 款 VIOS 和 2013-2017 款 Yaris 车型。","风扇电机（零件号 0Y040）,100% 优质,适用于 2013-2017 款 VIOS 和 2013-2017 款 Yaris 车型。","71.2","","https://TH.xiapibuy.com/product/226970846/8057994565","汽车零部件","散热器、发动机冷却和气候控制","IVCN2026031322226","55551584592","https://detail.1688.com/offer/737542539151.html?fromkv=cbuPcPlugin:imageSearchDrawerCard&spm=a2639h.29135425.offerlist.i2&source=action%23offerItem%3Borigin%23shopee.co.th&amug_biz=oneself&amug_fl_src=awakeId_982","P1","07-17","55551584592","71.2","","20-40美金","20-40单","高价品"
"1","（与图片完全一致）泰语菜单。TH02 OBD2故障码扫描仪,可读取故障码、诊断发动机故障、检查传感器。","（与图片完全一致）泰语菜单。TH02 OBD2故障码扫描仪,可读取故障码、诊断发动机故障、检查传感器。","71.2","","https://TH.xiapibuy.com/product/1079550280/29024915024","汽车工具","测试、诊断和维修工具","IVCN202605130503","195760215668","相似款：https://detail.1688.com/offer/810979379073.html?kj_agent_plugin=aliprice&fromkv=xytTrace%3A0&tracelog=cps&clickid=e001a63f0001d5541af8784aa5ad0df6&targetUrl=https%3A%2F%2Fs.click.1688.com%2Ft%3Fe%3DD2DC7A927D55C03D6511A0CCA913FD65D6FA062685DFF8F7D920A558D1D5758C4B369BE324A83E744B8F19128B0D93E33FB8088B45F57B9E47F28FD2CC0E231B18AD4F779334558760FEF997084D4D5331EB6FC8DBCADED4C6C8CEEEE21320CC4BD39EA2FE12E3B1D24E0CC14DD2AFC0983A5FA9A5C761CB1331DDC4753847ADEA5DD589B13E2FE9348394BC3CC3C62B9992F8828C4BE892ABE7386B5D33216D0EBC5AF28C3F38958A654C18BE9680E343C80B456E6197BCCC6660B10DEBB034B7581BA42080674E03935E62B1A8ADA18B2386FE51849CDEAED58F0D30486CA0441A85D1B5F0F9A45CE9E976BB26A1F1%26cbu_cps_trace_flag%3Dwrite","P0","07-17","195760215668","71.2","","20-40美金","20-40单","高价品"
"1","FNKvision 行车记录仪,全高清 WDR,4.0 英寸 IPS 屏幕,1296P 全高清双摄像头,WDR 动态范围（夜视清晰）,高清夜视功能","4英寸 2.5D+32GB","71.19","https://cf.shopee.co.th/file/th-11134207-7r98r-lxm4l7gek1io4e","https://TH.xiapibuy.com/product/204551805/9927469634","汽车内饰配件","摄像机和停车摄像头","IVCN2026071012166","102116644028","","P1","07-17","102116644028","71.19","","20-40美金","20-40单","高价品"
"1","Maruni MR14轮胎补胎套装,子午线轮胎补胎片,每盒10片。Maruni品牌,用于修补卡车和轿车轮胎。","Maruni MR14轮胎补胎套装,子午线轮胎补胎片,每盒10片。Maruni品牌,用于修补卡车和轿车轮胎。","71.13","","https://TH.xiapibuy.com/product/47515160/4016695917","汽车工具","测试、诊断和维修工具","IVCN202602112141","80084002518","https://detail.1688.com/offer/739300322779.html?fromkv=cbuPcPlugin:imageSearchDrawerCard&spm=a2639h.29135425.offerlist.i6&source=action%23offerItem%3Borigin%23shopee.co.th&amug_biz=oneself&amug_fl_src=awakeId_982","P1","07-17","80084002518","71.13","","40-60美金","20-40单","高价品"
"1","适用于2006-2013款丰田雅力士的前轮拱塑料件。包括塑料轮拱饰条、前轮拱塑料件和卡扣。","左+右,带夹子。","71.12","https://cf.shopee.co.th/file/sg-11134201-7r98o-lkkegx4206k9dc","https://TH.xiapibuy.com/product/283721754/23077192587","汽车外饰配件","挡泥板和防溅板","IVCN202607107478","88766613616","相似款：https://detail.1688.com/offer/745207603538.html?spm=a26352.b28411319/2508.0.0","P1","07-17","88766613616","71.12","","20-40美金","20-40单","高价品"
"1","260克斜纹碳纤维面料,意大利制造,200x50厘米","260克斜纹碳纤维面料,意大利制造,200x50厘米","71.07","","https://TH.xiapibuy.com/product/141953147/44462544347","汽车外饰配件","其他的","IVCN2026041042837","253733498128","无同款","P1","07-17","253733498128","71.07","","20-40美金","20-40单","高价品"
"3","GWM Ora 5 304 不锈钢门槛：防水、防锈、耐刮擦、无需钻孔、采用丙烯酸粘合剂固定、经久耐用、高品质配件。","内含4件 - 黑色","70.87","https://cf.shopee.co.th/file/sg-11134201-81zu4-mn1i4evofqioab","https://TH.xiapibuy.com/product/1738000430/42480057864","汽车外饰配件","门槛板","IVCN2026071011984","287537713964","相似款：https://detail.1688.com/offer/1001715291342.html?fromkv=cbuPcPlugin:imageSearchDrawerCard&spm=a2639h.29135425.offerlist.i0&source=action%23offerItem%3Borigin%23cf.shopee.co.th&amug_biz=oneself&amug_fl_src=awakeId_982","P0","07-17","287537713964","70.87","","40-60美金","20-40单","高价品"
"1","高压轮胎充气泵 6000 psi 手动 PCP 充气泵,充气枪,三级","30兆帕 4500磅/平方英寸-银","70.62","https://cf.shopee.ph/file/sg-11134201-22110-36fr1j27lyjvec","https://PH.xiapibuy.com/product/236437222/8246806263","汽车保养","轮胎及轮毂保养","IVCN2026061513677","230281554209","https://detail.1688.com/offer/651373307586.html?kj_agent_plugin=aliprice&fromkv=xytTrace:0","P1","07-17","230281554209","70.62","","20-40美金","20-40单","高价品"
"1","XPANDER 套件盖把手外侧和油箱盖运动黑色 DOFF","完整套餐","70.53","https://cf.shopee.ph/file/id-11134207-7r98u-lvwmp8gnyhf038","https://PH.xiapibuy.com/product/360933382/28402267976","汽车外饰配件","其他的","IVCN2026071013842","255987042310","相似款：https://detail.1688.com/offer/1042689013053.html?kj_agent_plugin=aliprice&fromkv=xytTrace:0","P1","07-17","255987042310","70.53","","20-40美金","20-40单","高价品"
"2","Carstorm 2 Din 7英寸车载立体声音响收音机蓝牙MP5播放器接收器Mirrorlink SD FM USB","7023+后置摄像头","70.34","https://cf.shopee.ph/file/cn-11134207-7r98o-lz7i170j4qk3c3","https://PH.xiapibuy.com/product/991254198/22440749474","汽车内饰配件","导航和AV接收器","IVCN2026061513023","233129051608","相似款：https://detail.1688.com/offer/973551388961.html?spm=a26352.b28411319.offerlist.202.51e61e629qPbsFhttps://detail.1688.com/offer/659291576626.html?fromkv=cbuPcPlugin:imageSearchDrawerCard&spm=a2639h.29135425.offerlist.i18&source=action%23offerItem%3Borigin%23cf.shopee.ph&amug_biz=oneself&amug_fl_src=awakeId_982","P1","07-17","233129051608","70.34","","20-40美金","20-40单","高价品"
"1","Suoer 12V3000VA (850W) รุ่น 3000va 12V 转 220V 修正正弦波 3000 功率逆变器 12V3000V/A","Suoer 12V3000VA (850W) รุ่น 3000va 12V 转 220V 修正正弦波 3000 功率逆变器 12V3000V/A","70.21","","https://TH.xiapibuy.com/product/62768111/7276765882","汽车零部件","电子","IVCN2026051311711","63424938393","相似款：https://detail.1688.com/offer/799127448152.html?spm=a261y.7663282.3002526303362591.2.73faca24KVSOL4&sk=order&fromkv=cbuPcPlugin%3AimageSearchDrawerCard","P1","07-17","63424938393","70.21","","20-40美金","20-40单","高价品"
"1","适用于2013-2016款丰田雅力士的雾灯。*TY028*","适用于2013-2016款丰田雅力士的雾灯。*TY028*","70.1","","https://TH.xiapibuy.com/product/19110542/8150734633","汽车零部件","电子","IVCN2026051314711","91758010955","相似款：https://detail.1688.com/offer/781988408946.html?kj_agent_plugin=aliprice&fromkv=xytTrace:0","P1","07-17","91758010955","70.1","","20-40美金","20-40单","高价品"
"2","四合一汽车应急启动电源 20000mAh 汽车应急启动电源 带气泵 应急启动电源 移动电源 汽车电瓶应急启动电源","智能夹（黑色）","70.1","https://cf.shopee.ph/file/cn-11134207-820l4-mhlogornnk0853","https://PH.xiapibuy.com/product/1452921434/26925468766","汽车零部件","电子","IVCN202606157189","89117817364","违禁品：移动电源","P1","07-17","89117817364","70.1","","500-1000美金","20-40单","高价品"
"1","F2C 坚固型汽车车轮升降架,适用于不平整地面。有两种款式可选：黑色。","90x33x22厘米","70","https://cf.shopee.co.th/file/th-11134207-7r98z-lvfipfiyi4e219","https://TH.xiapibuy.com/product/1034158666/25580931672","汽车零部件","轮胎及配件","IVCN202605139467","49424126654","https://detail.1688.com/offer/746429417092.html?kj_agent_plugin=aliprice&fromkv=xytTrace:0bb405a417840267453457858e0e43&token=qwSxqUl8p1s5uK6eUMygEAJLb0PX%2BGMzZMT8mO38w4O9Z0y2D0SuQCBzv8Uvn6ys","P0","07-17","49424126654","70","","20-40美金","20-40单","高价品"
"1","Zeekr x 防踢门保护器,门内侧保护,柔软皮革,配件。","绒面革 - 黑色门板 - 4 件套","70","https://cf.shopee.co.th/file/sg-11134201-7rdwi-m05sntyfcywjc7","https://TH.xiapibuy.com/product/1191016947/28961351203","汽车内饰配件","其他的","IVCN2026061515391","251597864250","https://detail.1688.com/offer/849733169408.html?kj_agent_plugin=aliprice&fromkv=xytTrace:0","P0","07-17","251597864250","70","","20-40美金","20-40单","高价品"
"1","马自达 Magnum、马自达 Thunder、福特 Marathon 大灯转向信号开关 UB95-66-120（台湾以外地区）。","马自达 Magnum、马自达 Thunder、福特 Marathon 大灯转向信号开关 UB95-66-120（台湾以外地区）。","70","","https://TH.xiapibuy.com/product/1636843562/27441940325","汽车零部件","电子","IVCN2026071012472","224523427652","https://detail.1688.com/offer/856782420207.html?kj_agent_plugin=aliprice&fromkv=xytTrace:21080f7717840212675648007e0d5e&token=3JfQtN%2Bxh%2FUz8C7Rk3RLohKJSO%2F%2Ft7s11Y90PSfN8WOEWBWMcSS6%2BsgKCKGZ1mIE","P0","07-17","224523427652","70","","20-40美金","20-40单","高价品"
"1","1个M45-18/20空气弹簧,适用于G1/8原装减震器,汽车改装配件。","M45-20","70","https://cf.shopee.com.my/file/cn-11134207-7ras8-m53s0udo3sty44","https://MY.xiapibuy.com/product/307970416/27373739130","汽车零部件","减震器、支柱和悬架","IVCN202509129814","205727885476","相似款：https://detail.1688.com/offer/898466320407.html?spm=a26352.b28411319.offerlist.295.358c1e62cj4TK9&cosite=-&tracelog=p4p&_p_isad=1&clickid=d4120cb7aa8d469f865361335484ca87&sessionid=f6baa8d3e748f5e3bc19aca3d90cf377","P0","07-17","205727885476","70","","100-300美金","20-40单","高价品"
"1","1个M45-18/20空气弹簧,适用于G1/8原装减震器,汽车改装配件。","M45-18","70","https://cf.shopee.com.my/file/cn-11134207-7ras8-m53s11b3yscxc1","https://MY.xiapibuy.com/product/307970416/27373739130","汽车零部件","减震器、支柱和悬架","IVCN202604231403","205727885475","相似款：https://detail.1688.com/offer/898466320407.html?spm=a26352.b28411319.offerlist.295.358c1e62cj4TK9&cosite=-&tracelog=p4p&_p_isad=1&clickid=d4120cb7aa8d469f865361335484ca87&sessionid=f6baa8d3e748f5e3bc19aca3d90cf377","P0","07-17","205727885475","70","","100-300美金","20-40单","高价品"
"1","即插即用 Alphard 20 30 Vellfire 20 30（2008--2022）agh30 anh20 AH30 触摸自动开启电动尾门继电器 电动尾门继电器 agh20 anh30","Alphard/Vellfire 30（2015-2022）","69.79","https://cf.shopee.com.my/file/cn-11134207-7r98o-lukfps1uzti68a","https://MY.xiapibuy.com/product/594940850/25652876465","汽车零部件","电子","IVCN202605130373","222345396791","https://detail.1688.com/offer/757627315785.html?kj_agent_plugin=aliprice&fromkv=xytTrace:0","P1","07-17","222345396791","69.79","","20-40美金","20-40单","高价品"
"1","吸顶阅读灯 吸顶灯 灯具套装 6Q0959613A","吸顶阅读灯 吸顶灯 灯具套装 6Q0959613A","69.71","","https://BR.xiapibuy.com/product/1594032498/42112901137","汽车零部件","电子","IVCN2026051320301","147912357925","https://detail.1688.com/offer/892106146290.html?kj_agent_plugin=aliprice&fromkv=xytTrace:0","P1","07-17","147912357925","69.71","","20-40美金","20-40单","高价品"
"1","适用于所有轿车（包括 CITY、G4、VIOS、ACCENT、ALMERA、ALTIS）的通用型带刹车灯扰流板","哑光黑","69.68","https://cf.shopee.ph/file/ph-11134207-7ras8-m0ze1029gl6bb0","https://PH.xiapibuy.com/product/155977260/2861211372","汽车零部件","车身、车架和保险杠","IVCN2026051316770","115416105347","无同款","P1","07-17","115416105347","69.68","","60-80美金","20-40单","高价品"
"1","【五年质保】12V 148000mAh 汽车应急启动电源。兼容所有车型和发动机排量。智能安全夹。便携式车载充电器。汽车启动辅助设备。汽车电瓶应急启动器。便携式应急启动器。汽车电瓶应急启动器。汽车启动装置。应急启动。","豪华款","69.27","https://cf.shopee.co.th/file/cn-11134207-820l4-mhbr0iav9u6k64","https://TH.xiapibuy.com/product/1521408327/47901911589","汽车零部件","电子","IVCN2026051318979","380182455377","相似款：https://detail.1688.com/offer/993025462104.html?kj_agent_plugin=aliprice&fromkv=xytTrace:0","P1","07-17","380182455377","69.27","","100-300美金","20-40单","高价品"
"1","Giorno钢管套管带盖。","Giorno钢管套管带盖。","69.08","","https://TH.xiapibuy.com/product/506262388/28729937849","汽车零部件","其他的","IVCN202602119192","185892069210","相似款：https://detail.1688.com/offer/725465542450.html?spm=a26352.b28411319/2508.0.0","P1","07-17","185892069210","69.08","","20-40美金","20-40单","高价品"
"1","2 个 1 英寸厚的钢制轮毂适配器（带肩）,适用于马自达 Familia,4x110 螺栓孔距转 4x100 螺栓孔距。包含螺母。","2 个 1 英寸厚的钢制轮毂适配器（带肩）,适用于马自达 Familia,4x110 螺栓孔距转 4x100 螺栓孔距。包含螺母。","69.03","","https://TH.xiapibuy.com/product/133375832/3667502766","汽车零部件","车轮、轮辋及配件","IVCN2026031321346","23030083634","相似款：https://detail.1688.com/offer/596012496924.html?fromkv=cbuPcPlugin:imageSearchDrawerCard&spm=a2639h.29135425.offerlist.i1&source=action%23offerItem%3Borigin%23shopee.co.th&amug_biz=oneself&amug_fl_src=awakeId_982","P1","07-17","23030083634","69.03","","20-40美金","20-40单","高价品"
"1","适用于 March、Almera 和 Note 的燃油喷射器。一套 3 个喷射器,配有全新喷射器滤网。已测试,可直接使用。日本原装二手零件。","适用于 March、Almera 和 Note 的燃油喷射器。一套 3 个喷射器,配有全新喷射器滤网。已测试,可直接使用。日本原装二手零件。","69","","https://TH.xiapibuy.com/product/443342380/14148802299","汽车零部件","燃油系统","IVCN2026041034813","124063724444","相似款：https://detail.1688.com/offer/583727025392.html?fromkv=cbuPcPlugin:imageSearchDrawerCard&spm=a2639h.29135425.offerlist.i10&source=action%23offerItem%3Borigin%23shopee.co.th&amug_biz=oneself&amug_fl_src=awakeId_982","P0","07-17","124063724444","69","","40-60美金","20-40单","高价品"
"1","适用于特斯拉 Model 3YSX 的全新原厂蓝牙胎压监测系统","1件","68.85","https://cf.shopee.co.th/file/cn-11134207-7ras8-mam4a06okh4c74","https://TH.xiapibuy.com/product/193479465/41903253163","汽车工具","轮胎压力检测器","IVCN202607108474","265270983544","https://detail.1688.com/offer/990934146126.html?kj_agent_plugin=aliprice&fromkv=xytTrace:2146938717840235821876574e0cc9&token=c6gIRZcxTVLuvPdLjLK8qsZ5G%2Fnq2LVRRqcumKrlTqyCbMzNMMCeKJYjDhS9vo9Q","P1","07-17","265270983544","68.85","","20-40美金","20-40单","高价品"
"1","适用于丰田海狮通勤车（2014-2018 年款）的尾灯。不含灯泡和线束。","一对灯（左+右）","68.59","https://cf.shopee.co.th/file/th-11134207-7qul6-levbgcx9sqa97f","https://TH.xiapibuy.com/product/599749946/20877163957","汽车零部件","电子","IVCN2026071012566","214120812926","https://detail.1688.com/offer/1000648024007.html?fromkv=cbuPcPlugin:imageSearchDrawerCard&spm=a2639h.29135425.offerlist.i0&source=action%23offerItem%3Borigin%23cf.shopee.co.th&amug_biz=oneself&amug_fl_src=awakeId_982","P1","07-17","214120812926","68.59","","20-40美金","20-40单","高价品"
"1","适用于 1998-2002 款 Lancer Adventure Edia Lancer 的质量空气流量传感器 (MAF) MD343605","适用于 1998-2002 款 Lancer Adventure Edia Lancer 的质量空气流量传感器 (MAF) MD343605","68.48","","https://PH.xiapibuy.com/product/869014615/23636590936","汽车零部件","电子","IVCN202605130221","194156327610","https://detail.1688.com/offer/767799872182.html?fromkv=cbuPcPlugin:imageSearchDrawerCard&spm=a2639h.29135425.offerlist.i1&source=action%23offerItem%3Borigin%23shopee.ph&amug_biz=oneself&amug_fl_src=awakeId_982","P1","07-17","194156327610","68.48","","40-60美金","20-40单","高价品"
"1","汽车整流模块超级电容器 Ferra 16V83F 2.7V500F 系列 6PCS","一个","68.48","https://cf.shopee.com.br/file/sg-11134201-23020-6f0sem8nw2mvdb","https://BR.xiapibuy.com/product/1005229596/18996970108","汽车零部件","电子","IVCN2026051324471","189138780415","https://detail.1688.com/offer/733850704396.html?fromkv=cbuPcPlugin:imageSearchDrawerCard&spm=a2639h.29135425.offerlist.i0&source=action%23offerItem%3Borigin%23cf.shopee.com.br&amug_biz=oneself&amug_fl_src=awakeId_982","P1","07-17","189138780415","68.48","","40-60美金","20-40单","高价品"
"1","前置拖车可折叠支腿船用旋转拖车千斤顶 1000kg (15英寸)","杰克 1000公斤","68.39","https://cf.shopee.co.th/file/th-11134207-7rask-m6xm1p5nhlo780","https://TH.xiapibuy.com/product/611189656/29413690005","汽车零部件","其他的","IVCN2025111464929","185450727787","相似款：https://detail.1688.com/offer/680476044537.html?spm=a26352.b28411319/2508.0.0","P1","07-17","185450727787","68.39","","60-80美金","20-40单","高价品"
"1","适用于丰田 Commuter 面包车的雾灯,2014、2016、2018 款车型。*TY063C*","适用于丰田 Commuter 面包车的雾灯,2014、2016、2018 款车型。*TY063C*","68.2","","https://TH.xiapibuy.com/product/991063848/27650350261","汽车零部件","电子","IVCN202606158941","138946641828","https://detail.1688.com/offer/824971228533.html?kj_agent_plugin=aliprice&fromkv=xytTrace:210702e017840215168556264e0eac&token=mEProjaQ%2BqXhXUDvIi7OVAQfE1vTChTZ%2BZarI4e2KXoV9d5VZ06PdQwvfAqo0EBZ","P1","07-17","138946641828","68.2","","20-40美金","20-40单","高价品"
"1","Deepal S05 2024-2026 汽车储物盒配件：中央扶手储物盒、杯架、无线充电板、手机充电器、内饰升级配件。","A：黑色 - 5 件,Deepal S05 2024-2026","68.03","https://cf.shopee.co.th/file/sg-11134201-81ztu-migv0usi88p00c","https://TH.xiapibuy.com/product/1417594307/29784158318","汽车内饰配件","收纳盒和隔层","IVCN2026041041320","243236682210","https://detail.1688.com/offer/955836501241.html?fromkv=cbuPcPlugin:imageSearchDrawerCard&spm=a2639h.29135425.offerlist.i4&source=action%23offerItem%3Borigin%23cf.shopee.co.th&amug_biz=oneself&amug_fl_src=awakeId_982","P1","07-17","243236682210","68.03","","20-40美金","20-40单","高价品"
"1","4 图案碳纤维织物（意大利）,50x200 厘米。","4 图案碳纤维织物（意大利）,50x200 厘米。","68","","https://TH.xiapibuy.com/product/141953147/51553052914","汽车外饰配件","其他的","IVCN2026051316791","330294386116","https://detail.1688.com/offer/677927373907.html?kj_agent_plugin=aliprice&fromkv=xytTrace:2132815517840244479994159e0ed8&token=jwXJJeyH9j%2FTYnBRu7K4WL2kOCS92HWXVEVkaKevn8LUzq%2Brg%2B5X89SAo%2FNfZGzR","P0","07-17","330294386116","68","","20-40美金","20-40单","高价品"
"1","适用于2014-2018款丰田海狮的LED转向灯、日间行车灯、雾灯、带ABS的日间行车灯。","适用于2014-2018款丰田海狮的LED转向灯、日间行车灯、雾灯、带ABS的日间行车灯。","67.99","","https://TH.xiapibuy.com/product/388496863/18295757615","汽车零部件","电子","IVCN2026051323295","177980659828","https://detail.1688.com/offer/629756582804.html?spm=a261y.7663282.3002526303362591.2.4990443ePAS7WB&sk=order&fromkv=cbuPcPlugin%3AimageSearchDrawerCard","P1","07-17","177980659828","67.99","","20-40美金","20-40单","高价品"
"1","三菱Triton大灯,投影式大灯,适用于2005-2014款三菱Triton的LED灯泡（不含灯泡和线束）","一对","67.96","https://cf.shopee.co.th/file/cn-11134207-7r98o-lr8pn856axm5e9","https://TH.xiapibuy.com/product/881956185/25562034135","汽车零部件","电子","IVCN2026051319287","138856883999","相似款：https://detail.1688.com/offer/758842971572.html?fromkv=cbuPcPlugin:imageSearchDrawerCard&spm=a2639h.29135425.offerlist.i4&source=action%23offerItem%3Borigin%23cf.shopee.co.th&amug_biz=oneself&amug_fl_src=awakeId_982","P1","07-17","138856883999","67.96","","60-80美金","20-40单","高价品"
"1","LED大灯投影透镜远近光灯 H4 H7 9005 HB3 9006 HB4 2.5英寸 3.0英寸 2个装（泰国卖家）6000K灯","3英寸 - B 2件","67.78","https://cf.shopee.co.th/file/th-11134207-81ztj-moytk2rqv7y8a0","https://TH.xiapibuy.com/product/388496863/25494750631","汽车零部件","电子","IVCN2026071013128","371000473845","https://detail.1688.com/offer/1003880563913.html?kj_agent_plugin=aliprice&fromkv=xytTrace%3A21080f7717840154015166424e0d7f&token=m%2Bfx4NPQWUckkQ8fwkX0tZCkXM2PVP1ZwG3EmpudWVtJ0IQ57fFQ2Xiw7PpZ0Xot&tracelog=cps&clickid=6abc26676273bee291f84f1417c23bc8&targetUrl=https%3A%2F%2Fs.click.1688.com%2Ft%3Fe%3DD2DC7A927D55C03D6511A0CCA913FD65D6FA062685DFF8F7D920A558D1D5758C4B369BE324A83E744B8F19128B0D93E33FB8088B45F57B9E47F28FD2CC0E231B18AD4F779334558760FEF997084D4D5331EB6FC8DBCADED4C6C8CEEEE21320CC4BD39EA2FE12E3B1E2A1C19FCEE6A3099926AD05A569821A63D3CF4DAB860A72727D18B5DF2E8F56348394BC3CC3C62B9992F8828C4BE892D18F7E651C74B9A8DAC6EA9BCEE513994321003F34BB10B25B1C52A783319A5639A35172F4CFA0E59B53AA59B9818CE125D89249C44C4A1A40D9899609AA33367DD6CCC794926F5EBB0DAFA06A272EEBA01D6A529453B80D%26cbu_cps_trace_flag%3Dwrite","P1","07-17","371000473845","67.78","","20-40美金","20-40单","高价品"
"1","80厘米LED聚光警示灯,12-24V,红蓝双色灯光带白色照明,铝制外壳,防水。附赠三路车载开关。","80厘米LED聚光警示灯,12-24V,红蓝双色灯光带白色照明,铝制外壳,防水。附赠三路车载开关。","67.72","","https://TH.xiapibuy.com/product/1291794095/42211155610","汽车零部件","电子","IVCN2026051310561","265936241153","相似款：https://detail.1688.com/offer/904782946724.html?kj_agent_plugin=aliprice&fromkv=xytTrace:0","P1","07-17","265936241153","67.72","","20-40美金","20-40单","高价品"
"1","适用于五十铃 700P FTR240/300、GXZ360、NPR150/175 的五十铃前大灯","一对灯","67.58","https://cf.shopee.co.th/file/cn-11134207-7r98o-luoxp4rblhcu18","https://TH.xiapibuy.com/product/881956185/25377357393","汽车零部件","电子","IVCN2026071010982","217472953621","https://detail.1688.com/offer/632166784165.html?kj_agent_plugin=aliprice&fromkv=xytTrace%3A2146938717840150812843214e0be3&token=9O2NgAQwW7e%2Bno%2F%2FbBPZEvZ21GtFLiDbQozHU7MUaPTTWvaaDcn6KufvuYpoyNch&tracelog=cps&clickid=68c062d66050655fe15be2a3824a411e&targetUrl=https%3A%2F%2Fs.click.1688.com%2Ft%3Fe%3DD2DC7A927D55C03D6511A0CCA913FD65D6FA062685DFF8F7D920A558D1D5758C4B369BE324A83E744B8F19128B0D93E33FB8088B45F57B9E47F28FD2CC0E231B18AD4F779334558760FEF997084D4D5331EB6FC8DBCADED4C6C8CEEEE21320CC4BD39EA2FE12E3B1E2A1C19FCEE6A3099926AD05A569821A63D3CF4DAB860A72727D18B5DF2E8F56348394BC3CC3C62B9992F8828C4BE89239A9025871C63E2E70076BB4333DB675EDC38837075A002F43AD74FA6423FF0FC1BEB310B04C32AB135193E2F9D9976D19EA8018E7D4BCFC6A1F71D7D5F084FFBEA24EC03130D576C9B6EA8B22B9EABE4278B8E2EFB59BA4%26cbu_cps_trace_flag%3Dwrite","P1","07-17","217472953621","67.58","","20-40美金","20-40单","高价品"
"1","适用于所有新款 D-MAX 1.9（Blue Power）2016-2022 的催化转换器更换管。","适用于所有新款 D-MAX 1.9（Blue Power）2016-2022 的催化转换器更换管。","67.48","","https://TH.xiapibuy.com/product/815718382/21428177501","汽车零部件","尾气和排放","IVCN2026041035641","155298706362","https://detail.1688.com/offer/941692772541.html?kj_agent_plugin=aliprice&fromkv=xytTrace:210702e017643189820562090e1730&token=2UJ%2Fy2ZuuPD4Z4iZ5qStSVYXZ3TPo1q7uEpq5Gpd8lyY959aBEeB8WfE5wBzpKQR","P1","07-17","155298706362","67.48","","20-40美金","20-40单","高价品"
"1","半光泽遮蔽纸。","50克,30英寸宽。","67.14","https://cf.shopee.co.th/file/e89b9c4c62db228c7ef0516672e606a9","https://TH.xiapibuy.com/product/85681411/5286609748","汽车保养","抛光剂、涂层和密封剂","IVCN2026051314681","91555421055","无同款","P1","07-17","91555421055","67.14","","20-40美金","20-40单","高价品"
"1","【2日送达】7010B 7英寸高清双DIN触控车载MP5播放器 蓝牙立体声FM收音机 USB/TF/GPS播放器 + 摄像头","7010B+摄像头","67.11","https://cf.shopee.co.th/file/b374fd5f40f3f8c9a1fb732d7a39b53e","https://TH.xiapibuy.com/product/426549836/14211470288","汽车内饰配件","导航和AV接收器","IVCN202602114882","132722849601","相似款：https://detail.1688.com/offer/768373140488.html?kj_agent_plugin=aliprice&fromkv=xytTrace:21080f7717640565422175435e170b&token=QkPORSMKVCFOre7CliLjDvgqFu4npr9qCFEacUsIZoCl9MDwxnD5E%2FOXnGxU38SY","P1","07-17","132722849601","67.11","","40-60美金","20-40单","高价品"
"1","Tosunra SW-15P 15英寸d15低音炮 3000瓦 4欧姆","Tosunra SW-15P 15英寸d15低音炮 3000瓦 4欧姆","67.05","","https://PH.xiapibuy.com/product/273210753/11950547587","汽车内饰配件","功放、扬声器和低音炮","IVCN202602112005","77334753212","相似款：https://detail.1688.com/offer/937026152874.html?kj_agent_plugin=aliprice&fromkv=xytTrace:2127a84b17708645861445531e1038&token=J2Jv7mGHOQmS6uuno%2BYdQeACa0RJFl7p4dCMGwBIOllzVJxsXMBxQK%2FqwMfpgUu5","P1","07-17","77334753212","67.05","","20-40美金","20-40单","高价品"
"2","多媒体中心,支持 CarPlay、单 DIN MP5、蓝牙、7 英寸 USB/AUX/TF 接口,带触摸屏和 Mirrorlink 功能","收音机","66.97","https://cf.shopee.com.br/file/cn-11134207-7r98o-louvt80a6z4s97","https://BR.xiapibuy.com/product/859241833/22462124414","汽车内饰配件","导航和AV接收器","IVCN2026061514831","245068890013","相似款：https://detail.1688.com/offer/799224155294.html?fromkv=cbuPcPlugin:imageSearchDrawerCard&spm=a2639h.29135425.offerlist.i2&source=action%23offerItem%3Borigin%23cf.shopee.com.br&amug_biz=oneself&amug_fl_src=awakeId_982","P1","07-17","245068890013","66.97","","60-80美金","20-40单","高价品"
"1","适用于汽车的太阳能轮胎压力监测系统（TPMS）,配备4个外部传感器","适用于汽车的太阳能轮胎压力监测系统（TPMS）,配备4个外部传感器","66.9","","https://BR.xiapibuy.com/product/1302998599/45761510560","汽车工具","轮胎压力检测器","IVCN2026071014090","310998748935","https://detail.1688.com/offer/1003590461756.html?spm=a26352.b28411319/2508.0.0","P1","07-17","310998748935","66.9","","100-300美金","20-40单","高价品"
"1","对于 Evercoat 4:1 系统漆,我们建议选择大尺寸的运输方式以防止损坏。","对于 Evercoat 4:1 系统漆,我们建议选择大尺寸的运输方式以防止损坏。","66.83","","https://TH.xiapibuy.com/product/1413903064/28871951120","汽车保养","抛光剂、涂层和密封剂","IVCN2026071010664","242356301454","无同款","P1","07-17","242356301454","66.83","","100-300美金","20-40单","高价品"
"1","12V 3000W 逆变器 12V 转 220V 电​​源逆变器 Suoer 12V 220V 修正正弦波 3000 瓦电源逆变器","SUOER 3000W","66.74","https://cf.shopee.co.th/file/sg-11134201-82632-mjxkn8557mrr81","https://TH.xiapibuy.com/product/301032844/24621483817","汽车零部件","电子","IVCN2026071012562","250555114720","https://detail.1688.com/offer/526141591765.html?kj_agent_plugin=aliprice&fromkv=xytTrace:0b52090217840125713916569e0f5f&token=y2dCDuSZY%2FXAoc6UoQS1MvlIfMkA70J8rOcxyvwHVUWvaghqvIGmJSqCQVj%2FKhRv","P1","07-17","250555114720","66.74","","20-40美金","20-40单","高价品"
"1","G牌多功能D/A万用表,7色显示屏,通用型+电池电压显示","水温","66.62","https://cf.shopee.com.my/file/7e7ef540522a41f3d1192d69093dca84","https://MY.xiapibuy.com/product/36592523/2638167620","汽车内饰配件","抬头显示器、速度表和仪表","IVCN2025111452931","6060421106","相似款：https://detail.1688.com/offer/989786641518.html?kj_agent_plugin=aliprice&fromkv=xytTrace:2127a84b17720010557536663e11b1&token=ZyA6SWobts%2FyFv%2F%2FbJfH6UNfXk5X2NmCFjB6yZtF29fCJupdl7SGtge%2FCW65hyf0","P1","07-17","6060421106","66.62","","60-80美金","20-40单","高价品"
"2","适用于特斯拉 2026 款 Model YL / 车门边缘保护垫 / 汽车座椅底部地毯保护垫底座座椅套防踢垫防刮角包套件 / 后备箱尾门保护垫 TPE 防刮垫汽车配件。","E：1 件（TPE 材质）,型号 YL","66.5","https://cf.shopee.co.th/file/cn-11134207-820l4-mninep7cqlmsf1","https://TH.xiapibuy.com/product/1079923138/52309525028","汽车外饰配件","门槛板","IVCN2026061518681","315841810795","https://detail.1688.com/offer/978501556103.html?kj_agent_plugin=aliprice&fromkv=xytTrace%3A2127a84b17840257147838458e0efd&token=LlDCsd0ivuCAQqqyjSYjoqkBDqj9oCXBYiTBNrtAgaFbefzS1gHmsBVaHKu%2FwXXq&tracelog=cps&clickid=c63488898c86faa6d836a6b9af39eeec&targetUrl=https%3A%2F%2Fs.click.1688.com%2Ft%3Fe%3DD2DC7A927D55C03D6511A0CCA913FD65D6FA062685DFF8F7D920A558D1D5758C4B369BE324A83E744B8F19128B0D93E33FB8088B45F57B9E47F28FD2CC0E231B18AD4F779334558760FEF997084D4D5331EB6FC8DBCADED4C6C8CEEEE21320CC4BD39EA2FE12E3B19E392492B33CC137D434DABDF5CCE2A0CA98B61C247FB08958472617B2255084348394BC3CC3C62B9992F8828C4BE892341F7000BD52172544F6A19327CEBF6D7852A69B5830A81E1A7DEEF5875AD3BDF1C25226A0023D85B59C6EFBF8461D3E3B11EB428D1516BEAB1C34E722F03BC34DB7F7BE09237694FEBB5483027922BA0519FCCE30E5A4B1%26cbu_cps_trace_flag%3Dwrite","P0","07-17","315841810795","66.5","","20-40美金","20-40单","高价品"
"1","排气传感器（本田原装）（O2）氧传感器 本田 36532-K93-T01 原装 O2 传感器,O2 电缆,S6,MSX,Grom。","正品 S3-4-5 K93","66.48","https://cf.shopee.co.th/file/f2e1388c5ee7ec6bcfba4b6abb643a0f","https://TH.xiapibuy.com/product/518872/12546319130","汽车零部件","电子","IVCN2026051322803","171738693741","相似款：https://detail.1688.com/offer/685182229418.html?spm=a261y.7663282.3002526303362591.2.38e83dba33c42F&sk=order&fromkv=cbuPcPlugin%3AimageSearchDrawerCard","P1","07-17","171738693741","66.48","","20-40美金","20-40单","高价品"
"1","GGK 地板垫 - 赛车风格驾驶舱垫 - 防滑、降噪、保护地板,适用于轮椅站立和整个驾驶舱应用。","GGK 地板垫 - 赛车风格驾驶舱垫 - 防滑、降噪、保护地板,适用于轮椅站立和整个驾驶舱应用。","66.3","","https://TH.xiapibuy.com/product/74620484/28838296541","汽车内饰配件","地毯和垫子","IVCN2026041044681","275603925473","无同款","P1","07-17","275603925473","66.3","","20-40美金","20-40单","高价品"
"1","70%硅乳液 1加仑","1加仑","66.27","https://cf.shopee.ph/file/1bae761778cd9c608bb9cbff11c019fe","https://PH.xiapibuy.com/product/532118767/13393729430","汽车保养","轮胎及轮毂保养","IVCN2025122216810","173162459355","无同款","P1","07-17","173162459355","66.27","","20-40美金","20-40单","高价品"
"1","液压瓶式千斤顶（32吨、50吨）","32吨","65.84","https://cf.shopee.ph/file/d51df7d362165162e84ac7a7b758ea18","https://PH.xiapibuy.com/product/341252330/3869265558","汽车工具","测试、诊断和维修工具","IVCN2025111456335","62423036964","https://detail.1688.com/offer/723841659609.html?kj_agent_plugin=aliprice&fromkv=xytTrace:210840cb17539330009667122e107a&token=MzXiKKyKAOhLQuJrOJeqnULWxlkCrJmAfon%2B8OF5lDZmtLfICueiKfDuazWMb3xo","P1","07-17","62423036964","65.84","","20-40美金","20-40单","高价品"
"1","双声道汽车音频功率放大器 - 稳定且易于安装","双声道汽车音频功率放大器 - 稳定且易于安装","65.84","","https://BR.xiapibuy.com/product/1615206365/49104963844","汽车内饰配件","功放、扬声器和低音炮","IVCN2026031332292","325457177697","https://detail.1688.com/offer/792944514963.html?spm=a26352.b28411319/2508.0.0","P1","07-17","325457177697","65.84","","40-60美金","20-40单","高价品"
"1","【真皮材质】通用汽车座椅套,透气、耐磨、吸汗","1 个座位（白色）","65.78","https://cf.shopee.ph/file/cn-11134207-820l4-mhvfbtnyd4w550","https://PH.xiapibuy.com/product/1241072866/45052027476","汽车内饰配件","座椅及座椅套","IVCN2026071012720","380253390646","相似款：https://detail.1688.com/offer/975993146462.html?fromkv=cbuPcPlugin:imageSearchDrawerCard&spm=a2639h.29135425.offerlist.i0&source=action%23offerItem%3Borigin%23cf.shopee.ph&amug_biz=oneself&amug_fl_src=awakeId_982","P1","07-17","380253390646","65.78","","20-40美金","20-40单","高价品"
"1","COOLMATEL多功能升降座椅,适用于挖掘机、装载机、反铲挖掘机和农用车辆。可折叠,倾斜角度可调,防水耐用。","黑色的","65.54","https://cf.shopee.co.th/file/th-11134207-81ztc-mkeyyzfd4zy8f0","https://TH.xiapibuy.com/product/1557267787/55852441367","汽车内饰配件","座椅及座椅套","IVCN2026031333434","430237327048","https://detail.1688.com/offer/857019713771.html?spm=a26352.b28411319/2508.0.0","P1","07-17","430237327048","65.54","","20-40美金","20-40单","高价品"
"1","1个三色遥控H11 H9 HB3 9005 HB4 9006 H1 H9 160W 6500K 4300K ​​3000K LED大灯 H4 H7 适用于汽车灯","1 个遥控器,H4/9003/HB2 高/低","65.52","https://cf.shopee.com.br/file/sg-11134201-8262d-mmclhog05m9sf9","https://BR.xiapibuy.com/product/324844994/55707823680","汽车零部件","电子","IVCN202607107684","315696067756","相似款：https://detail.1688.com/offer/994732186109.html?fromkv=cbuPcPlugin:imageSearchDrawerCard&spm=a2639h.29135425.offerlist.i0&source=action%23offerItem%3Borigin%23cf.shopee.com.br&amug_biz=oneself&amug_fl_src=awakeId_982","P1","07-17","315696067756","65.52","","20-40美金","20-40单","高价品"
"1","适用于2013、2014、2015、2016款丰田威驰的雾灯。*TY051*","适用于2013、2014、2015、2016款丰田威驰的雾灯。*TY051*","65.33","","https://TH.xiapibuy.com/product/19110542/10101361315","汽车零部件","电子","IVCN202607108972","35242909437","相似款：https://detail.1688.com/offer/689011792493.html?spm=a261y.7663282.3002526303362591.2.da1d15fd8OMFKH&sk=order&fromkv=cbuPcPlugin%3AimageSearchDrawerCard","P1","07-17","35242909437","65.33","","20-40美金","20-40单","高价品"
"1","汽车轮胎压力监测系统（TPMS）智能实时监测户外无线太阳能检测","汽车轮胎压力监测系统（TPMS）智能实时监测户外无线太阳能检测","65.27","","https://BR.xiapibuy.com/product/1171894916/46911497061","汽车工具","轮胎压力检测器","IVCN2026071012264","440998164454","https://detail.1688.com/offer/1003590461756.html?spm=a26352.b28411319/2508.0.0","P1","07-17","440998164454","65.27","","20-40美金","20-40单","高价品"
"1","促销套装！！32650电池负极母接头（12个装）,带双槽电池座和螺丝套装,适用于3.2V磷酸铁锂电池","促销套装！！32650电池负极母接头（12个装）,带双槽电池座和螺丝套装,适用于3.2V磷酸铁锂电池","65.1","","https://TH.xiapibuy.com/product/572505305/13136954855","汽车零部件","电子","IVCN2026071014078","37642658572","相似款：https://detail.1688.com/offer/609892758271.html?spm=a261y.7663282.3002526303362591.2.4d56336cZ3LJqO&sk=order&fromkv=cbuPcPlugin%3AimageSearchDrawerCard","P1","07-17","37642658572","65.1","","20-40美金","20-40单","高价品"
"1","GReddy 多功能 D/A LCD 数字显示涡轮增压表,带数字电压显示","转速表","65","","https://PH.xiapibuy.com/product/71202037/2686755567","汽车内饰配件","抬头显示器、速度表和仪表","IVCN202604230017","6304564045","https://detail.1688.com/offer/589030575091.html?spm=a26352.b28411319/2508.0.0","P1","07-17","6304564045","65","","20-40美金","20-40单","高价品"
"1","仅售 CJB 200W 警报器 12V 救援音箱,仅此而已。","Sound Box-CJB 200W","64.67","https://cf.shopee.ph/file/th-11134207-7qul5-lgq5hgz01vck03","https://PH.xiapibuy.com/product/804958481/22260031005","汽车外饰配件","喇叭和配件","IVCN2026071013424","214721380094","https://detail.1688.com/offer/747978084393.html?kj_agent_plugin=aliprice&fromkv=xytTrace:0","P1","07-17","214721380094","64.67","","20-40美金","20-40单","高价品"
"1","3A BCS稀释剂,9公斤装,790泰铢。价格包含运费。购买2瓶或以上可享折扣。***我们将通过DHL快递寄送到您在聊天中提供的地址。","3A BCS稀释剂,9公斤装,790泰铢。价格包含运费。购买2瓶或以上可享折扣。***我们将通过DHL快递寄送到您在聊天中提供的地址。","64.55","","https://TH.xiapibuy.com/product/219800016/29139584081","汽车保养","抛光剂、涂层和密封剂","IVCN2026071013792","149245689348","无同款","P1","07-17","149245689348","64.55","","20-40美金","20-40单","高价品"
"1","【现货】双摄像头行车记录仪（前置+后置）全高清 WDR 4.0 英寸 IPS 屏幕 1296P 夜视清晰","4英寸 2.5D+32GB","64.4","https://cf.shopee.co.th/file/th-11134207-7r98q-lr75z138mt31b8","https://TH.xiapibuy.com/product/325746875/21962552255","汽车内饰配件","摄像机和停车摄像头","IVCN2025111463057","166328828416","相似款：https://detail.1688.com/offer/625238893600.html?spm=a26352.b28411319.offerlist.215.6d9e1e62WaJZyUhttps://detail.1688.com/offer/901894672608.html?spm=a26352.b28411319.offerlist.10.6d9e1e62WaJZyU","P1","07-17","166328828416","64.4","","20-40美金","20-40单","高价品"
"1","通用型四轮胎压监测传感器 - 实时监测 + 无需拆卸轮胎即可轻松安装","一个","64.09","https://cf.shopee.com.br/file/cn-11134207-820l4-mp7gdnkfz7k1e0","https://BR.xiapibuy.com/product/1650771738/49861631506","汽车工具","轮胎压力检测器","IVCN2026071014014","311008601677","https://detail.1688.com/offer/828942163643.html?spm=a26352.b28411319/2508.0.0","P1","07-17","311008601677","64.09","","40-60美金","20-40单","高价品"
"1","（特价）适用于五十铃 D-MAX 2003-2006（第一代）、雪佛兰 COLORADO 2004-2007 的 RUNTO 品牌通风口/出风口。","整套","63.81","https://cf.shopee.co.th/file/sg-11134201-7rcf5-lqyct5a3h2bs59","https://TH.xiapibuy.com/product/213976004/23815554489","汽车零部件","其他的","IVCN202604230941","156509577534","相似款：https://detail.1688.com/offer/780748879217.html?fromkv=cbuPcPlugin:imageSearchDrawerCard&spm=a2639h.29135425.offerlist.i73&source=action%23offerItem%3Borigin%23cf.shopee.co.th&amug_biz=oneself&amug_fl_src=awakeId_982","P1","07-17","156509577534","63.81","","100-300美金","20-40单","高价品"
"1","适用于五十铃 D-max 全新 1.9/2.5/3.0、Mu-X、雪佛兰 Colorado、Trailblazer 的蒸发器盘管、空调盘管、空调装置。","管颈型","63.77","https://cf.shopee.co.th/file/th-11134207-7rash-m1at0ofqx2nj77","https://TH.xiapibuy.com/product/283698593/27102839431","汽车零部件","散热器、发动机冷却和气候控制","IVCN202512229504","241766762640","https://detail.1688.com/offer/980199823335.html?kj_agent_plugin=aliprice&fromkv=xytTrace:0","P1","07-17","241766762640","63.77","","20-40美金","20-40单","高价品"
"2","Carstorm 2 Din 7英寸车载立体声音响收音机蓝牙MP5播放器接收器Mirrorlink SD FM USB","7010B+后置摄像头","63.71","https://cf.shopee.ph/file/cn-11134207-7r98o-lz7i06r2754250","https://PH.xiapibuy.com/product/991254198/22440749474","汽车内饰配件","导航和AV接收器","IVCN2026061513023","221542572794","相似款：https://detail.1688.com/offer/681928948773.html?spm=a26352.b28411319/2508.0.0","P1","07-17","221542572794","63.71","","20-40美金","20-40单","高价品"
"1","汽车防盗报警枢轴一键启动按钮 汽车发动机启动报警系统 PKE 一键遥控启动停止报警遥控器 汽车无钥匙进入 自动 12V","9件","63.54","https://cf.shopee.com.my/file/sg-11134201-22100-cud737vtq2iv32","https://MY.xiapibuy.com/product/854420212/20357188939","汽车内饰配件","锁具与安防","IVCN2026021110160","202882026970","相似款：https://detail.1688.com/offer/963457548046.html?spm=a26352.b28411319/2508.0.0","P1","07-17","202882026970","63.54","","20-40美金","20-40单","高价品"
"1","Fabia 9N 6R 6q0959613um 汽车前部阅读灯顶灯开关","Fabia 9N 6R 6q0959613um 汽车前部阅读灯顶灯开关","63.53","","https://BR.xiapibuy.com/product/207148383/43309461080","汽车零部件","电子","IVCN202605133443","224365586289","https://detail.1688.com/offer/1042269551085.html?kj_agent_plugin=aliprice&fromkv=xytTrace:0","P1","07-17","224365586289","63.53","","60-80美金","20-40单","高价品"
"1","新型 LED 警示灯,适用于车顶安装,60-90 厘米,4-6 节,双面带侧灯,6 瓦 12 伏,带磁性底座,有黄色、红色、白色和蓝色可选。","90厘米 - 黄色","63.46","https://cf.shopee.co.th/file/th-11134207-81ztc-mknonbviy8zr28","https://TH.xiapibuy.com/product/1609440695/27840129324","汽车零部件","电子","IVCN2026071012852","276148914587","https://detail.1688.com/offer/712504885339.html?kj_agent_plugin=aliprice&fromkv=xytTrace:2132815517840218762487519e0d01&token=GZMd5nvTDECfioEaLs8QcuVNdqivSgtTivyplk2yrwL2lP1QAqAXyyeAsmNKxiOT","P1","07-17","276148914587","63.46","","20-40美金","20-40单","高价品"
"1","Carstorm 2 Din 7英寸车载立体声音响收音机蓝牙MP5播放器接收器Mirrorlink SD FM USB","7012B+后置摄像头","63.38","https://cf.shopee.ph/file/cn-11134207-7r98o-lz7i0jrp5ciq33","https://PH.xiapibuy.com/product/991254198/22440749474","汽车内饰配件","导航和AV接收器","IVCN2026071012018","221542572790","相似款：https://detail.1688.com/offer/973551388961.html?spm=a26352.b28411319.offerlist.202.51e61e629qPbsFhttps://detail.1688.com/offer/659291576626.html?fromkv=cbuPcPlugin:imageSearchDrawerCard&spm=a2639h.29135425.offerlist.i18&source=action%23offerItem%3Borigin%23cf.shopee.ph&amug_biz=oneself&amug_fl_src=awakeId_982","P1","07-17","221542572790","63.38","","20-40美金","20-40单","高价品"
"1","带充气软管喷嘴的汽车轮胎压力测试仪,测量范围0-255Psi/0-18Bar,适用于摩托车、自行车轮胎。","黑色的","63.33","https://cf.shopee.ph/file/cn-11134207-820l4-mlymrv9i0bgl39","https://PH.xiapibuy.com/product/1569615196/28994415137","汽车工具","轮胎压力检测器","IVCN2026061518465","307462584451","https://detail.1688.com/offer/705472092155.html?spm=a26352.b28411319/2508.0.0","P1","07-17","307462584451","63.33","","20-40美金","20-40单","高价品"
"1","2个5.3英寸12-24V圆形LED卡车拖车尾灯后灯刹车日间行车灯转向信号灯,适用于汽车、巴士、货车、船、房车、卡车","2个","63.3","https://cf.shopee.ph/file/sg-11134201-81zv5-mitniten0cug60","https://PH.xiapibuy.com/product/955835210/26911021519","汽车零部件","电子","IVCN202605134857","236763470142","https://detail.1688.com/offer/655306345171.html?kj_agent_plugin=aliprice&fromkv=xytTrace:0b0fdc4f17840190248021111e0dd1&token=aeYChRj4ywzGTIF6YX9bwDyYUCz3UG4sP7k3Mxk%2FTwbdsza3cG72%2FtoUPqEBo7LD","P1","07-17","236763470142","63.3","","20-40美金","20-40单","高价品"
"2","适用于 2012、2013、2014、2015、2016、2017、2018、2019 年款福特 Ranger 的尾灯。（仅灯壳）- Diamond 品牌。","右侧","63.23","https://cf.shopee.co.th/file/th-11134207-7rasa-m59tzyf7ct1344","https://TH.xiapibuy.com/product/1125609536/27424143299","汽车零部件","电子","IVCN202607108170","257516712848","相似款：https://detail.1688.com/offer/681246583159.html?kj_agent_plugin=aliprice&fromkv=xytTrace:0b5681be17840211660052061e0c19&token=47CoMqpmDb5Y4Z4xLCcWlfhOfHynX00MB5%2Fzwhcl%2FFJV%2BVQNqQBpcuEmbTJcCgWr","P1","07-17","257516712848","63.23","","40-60美金","20-40单","高价品"
"1","52mm双红蓝LED显示屏空气悬架压力表,带2个1/8NPT传感器、5米长电线和旋转安装支架","红色的","63.12","https://cf.shopee.com.my/file/cn-11134207-7qukw-lfq8vn9qvvso5e","https://MY.xiapibuy.com/product/307970416/23339645443","汽车内饰配件","抬头显示器、速度表和仪表","IVCN2025111457731","88690547054","无同款","P1","07-17","88690547054","63.12","","20-40美金","20-40单","高价品"
"1","长安NEVO Q05门槛条、汽车配件、车门防尘贴纸、皮革保护产品、汽车改装套件、汽车改色。","完整的10件套","63.12","https://cf.shopee.co.th/file/sg-11134201-82614-mm758yw8vdvl91","https://TH.xiapibuy.com/product/1509548725/57207599959","汽车外饰配件","门槛板","IVCN2026071014398","390677021238","相似款：https://detail.1688.com/offer/853170036208.html?spm=a26352.b28411319/2508.0.0","P1","07-17","390677021238","63.12","","20-40美金","20-40单","高价品"
"1","适用于2012-2025款铃木Ertiga的LED雾灯套装,黄色雾灯,含LED灯泡。","雾灯+H11黄色LED灯组","63","https://cf.shopee.ph/file/cn-11134207-820l4-mo41jyiliuiw8c","https://PH.xiapibuy.com/product/1520635712/44403053396","汽车零部件","电子","IVCN2026071010528","295253019575","相似款：https://detail.1688.com/offer/1014944680801.html?kj_agent_plugin=aliprice&fromkv=xytTrace:0bf8ca8917840190109432425e0d61&token=XX3LpIzoGj%2B1RYLEj7Yf4nV%2FUl3ruW1Ezn3%2F58MPMNrHlKsXNS6gqy7SLJxQ2jNfhttps://detail.1688.com/offer/1029357168833.html?kj_agent_plugin=aliprice&fromkv=xytTrace:0b52090217840190569063260e0fb5&token=eKFfhGbJ07EmdNyre%2FxzkBRPfvV53yeRRPNirQG9z%2FaqbAgzHe9F1S3Kmao0Umh%2F","P1","07-17","295253019575","63","","20-40美金","20-40单","高价品"
"1","适用于特斯拉 Model 3 Highland / Model Y Juniper 2025 的头枕腰部支撑颈枕座垫","黑色 - 头枕 + 腰部支撑","63","https://cf.shopee.co.th/file/sg-11134201-8262a-mjs29kkr57gn29","https://TH.xiapibuy.com/product/1195906533/44855078724","汽车内饰配件","座椅头枕和靠背","IVCN202607108664","244150048584","相似款：https://detail.1688.com/offer/1045731011881.html?fromkv=cbuPcPlugin:imageSearchDrawerCard&spm=a2639h.29135425.offerlist.i0&source=action%23offerItem%3Borigin%23cf.shopee.co.th&amug_biz=oneself&amug_fl_src=awakeId_982","P0","07-17","244150048584","63","","20-40美金","20-40单","高价品"
"1","适用于本田City（2008-2013）和本田Jazz（GE）（2009-2013）的挡风玻璃雨刮电机。","挡风玻璃雨刮电机","62.74","https://cf.shopee.co.th/file/sg-11134201-81zve-micoixtmz5dzc4","https://TH.xiapibuy.com/product/593690013/50653207261","汽车零部件","挡风玻璃雨刮器和清洗器","IVCN2026051319769","395308935845","https://detail.1688.com/offer/829308133159.html?kj_agent_plugin=aliprice&fromkv=xytTrace:0b0fdc4f17743192640302853e0e90&token=IaIrtNiQfSVvyzn49YGEGMtaCMKgn1foil3vEWHvdhT0AGoAfijyF95JJO4vY43s","P1","07-17","395308935845","62.74","","20-40美金","20-40单","高价品"
"1","5排多样式LED灯条,聚光泛光灯,适用于ATV、SUV、越野车LED工作灯","32英寸 5排","62.29","https://cf.shopee.com.my/file/sg-11134201-7rasm-mb407zd1zbdd40","https://MY.xiapibuy.com/product/1377806260/44204881803","汽车零部件","电子","IVCN2026071012760","260414250051","相似款：https://detail.1688.com/offer/1049026450188.html?kj_agent_plugin=aliprice&fromkv=xytTrace:0","P1","07-17","260414250051","62.29","","20-40美金","20-40单","高价品"
"1","适用于丰田海狮KDH200（2005-2018）海狮通勤车的汽车储物箱盖,乘客侧盖。","1 件","62.01","https://cf.shopee.co.th/file/cn-11134207-7ras8-mbxla0voan860b","https://TH.xiapibuy.com/product/1020455722/40257751330","汽车内饰配件","收纳盒和隔层","IVCN2026041045679","290657307103","无同款","P1","07-17","290657307103","62.01","","20-40美金","20-40单","高价品"
"1","乘用车用不锈钢排气管,直通式,阳极氧化处理,4.5 英寸 x 12 英寸,2 英寸入口。","偏移（倾斜）","61.86","","https://TH.xiapibuy.com/product/70084463/4262776733","汽车零部件","尾气和排放","IVCN202602275443","118961226540","https://detail.1688.com/offer/678282978845.html?fromkv=cbuPcPlugin:imageSearchDrawerCard&spm=a2639h.29135425.offerlist.i3&source=action%23offerItem%3Borigin%23shopee.co.th&amug_biz=oneself&amug_fl_src=awakeId_982","P1","07-17","118961226540","61.86","","20-40美金","20-40单","高价品"
"1","Deepal S05 2024-2026 汽车储物盒配件：中央扶手储物盒、杯架、无线充电板、手机充电器、内饰升级配件。","答：橙色 - 5 件,Deepal S05 2024-2026","61.84","https://cf.shopee.co.th/file/sg-11134201-81zwb-migv0wm1375ueb","https://TH.xiapibuy.com/product/1417594307/29784158318","汽车内饰配件","收纳盒和隔层","IVCN2026061514707","243236682212","https://detail.1688.com/offer/955836501241.html?fromkv=cbuPcPlugin:imageSearchDrawerCard&spm=a2639h.29135425.offerlist.i4&source=action%23offerItem%3Borigin%23cf.shopee.co.th&amug_biz=oneself&amug_fl_src=awakeId_982","P1","07-17","243236682212","61.84","","20-40美金","20-40单","高价品"
"1","适用于2005-2011款丰田Innova的Mika前大灯,以及老款D-mac前大灯。","左边","61.73","","https://PH.xiapibuy.com/product/345955484/23523503363","汽车零部件","电子","IVCN2026071014280","203832164687","无同款","P1","07-17","203832164687","61.73","","20-40美金","20-40单","高价品"
"1","【三年质保】WIFI 行车记录仪 4K 1296P 车载摄像头 T603 双摄像头,170° 广角 - 极致清晰度 - T 型","T603（wifi）+64GB","61.7","https://cf.shopee.co.th/file/sg-11134201-7rdvc-md5ue14khbo427","https://TH.xiapibuy.com/product/1556979448/41111983724","汽车内饰配件","摄像机和停车摄像头","IVCN2026021111307","218634006054","相似款：https://detail.1688.com/offer/736250821481.html?fromkv=cbuPcPlugin:imageSearchDrawerCard&spm=a2639h.29135425.offerlist.i0&source=action%23offerItem%3Borigin%23cf.shopee.co.th&amug_biz=oneself&amug_fl_src=awakeId_982https://detail.1688.com/offer/998837466185.html?spm=a26352.13672862.offerlist.1.4dcd7722c10Wad&cosite=-&tracelog=p4p&_p_isad=1&clickid=9b864146cb5e4c98a7ed517e5297f1e0&sessionid=2b7611d656d412a9b6bc37a5b025c8d5","P1","07-17","218634006054","61.7","","20-40美金","20-40单","高价品"
"1","适用于2009、2010、2011款本田飞度/爵士两厢车的替换前大灯透镜。","左右","61.65","","https://TH.xiapibuy.com/product/674991695/23867374212","汽车零部件","电子","IVCN2026051317263","118904815447","相似款：https://detail.1688.com/offer/644628605039.html?kj_agent_plugin=aliprice&fromkv=xytTrace%3A0bf89a7417840108336577636e0c76&token=%2F%2FcQh2LpB4kO4qQYeqZVpo39Gl9xjk1xRmX5tIAHD0NJTEc59Rt9xN%2F%2FxJKqvq2p&tracelog=cps&clickid=c08df0c2e206a288cc873a2acd65c1a8&targetUrl=https%3A%2F%2Fs.click.1688.com%2Ft%3Fe%3DD2DC7A927D55C03D6511A0CCA913FD65D6FA062685DFF8F7D920A558D1D5758C4B369BE324A83E744B8F19128B0D93E33FB8088B45F57B9E47F28FD2CC0E231B18AD4F779334558760FEF997084D4D5331EB6FC8DBCADED4C6C8CEEEE21320CC4BD39EA2FE12E3B1E2A1C19FCEE6A3099926AD05A569821A63D3CF4DAB860A72727D18B5DF2E8F56348394BC3CC3C62B9992F8828C4BE8926241F21AF61CEDB4A8F2F46F238110400C83FDD23999DD7204F2513974EFA254E2CF3BADEA55605F0EF9471354D9B01811B6C1CECF15F0CF2D4E211F3270C76F57ED28FD5B231E1EA0B55C649EAE79030F644D8164FA8FF8%26cbu_cps_trace_flag%3Dwrite","P1","07-17","118904815447","61.65","","20-40美金","20-40单","高价品"
"1","气动弹簧悬架 2E2300 2300磅双层波纹橡胶弹簧,单端口气动,1/2英寸NPT接口,适用于卡车车轴","气动弹簧悬架 2E2300 2300磅双层波纹橡胶弹簧,单端口气动,1/2英寸NPT接口,适用于卡车车轴","61.58","","https://MY.xiapibuy.com/product/307970416/13733984800","汽车零部件","减震器、支柱和悬架","IVCN202604230411","77601425392","https://detail.1688.com/offer/632053377431.html?fromkv=cbuPcPlugin:imageSearchDrawerCard&spm=a2639h.29135425.offerlist.i0&source=action%23offerItem%3Borigin%23shopee.com.my&amug_biz=oneself&amug_fl_src=awakeId_982","P1","07-17","77601425392","61.58","","80-100美金","20-40单","高价品"
"1","比亚迪 ATTO 2 门槛条、车门防尘贴纸、皮革保护产品、汽车改装套件、汽车改色。","完整的10件套","61.31","https://cf.shopee.co.th/file/sg-11134201-82608-mm76547jjrb78f","https://TH.xiapibuy.com/product/1509548725/57557611265","汽车外饰配件","门槛板","IVCN2026061510187","169144972287","相似款：https://detail.1688.com/offer/853170036208.html?spm=a26352.b28411319/2508.0.0","P1","07-17","169144972287","61.31","","20-40美金","20-40单","高价品"
"1","【五年质保】12V 148000mAh 汽车应急启动电源。兼容所有车型和发动机排量。智能安全夹。便携式车载充电器。汽车启动辅助设备。汽车电瓶应急启动器。便携式应急启动器。汽车电瓶应急启动器。汽车启动装置。应急启动。","标准版","61.12","https://cf.shopee.co.th/file/cn-11134207-820l4-mhbr0tpgv3m265","https://TH.xiapibuy.com/product/1521408327/47901911589","汽车零部件","电子","IVCN2026061520085","380182455376","相似款：https://detail.1688.com/offer/993025462104.html?kj_agent_plugin=aliprice&fromkv=xytTrace:0","P1","07-17","380182455376","61.12","","60-80美金","20-40单","高价品"
"1","日野 MEGA 500 电动车窗开关,驾驶员侧电动车窗开关,日野电动车窗升降开关,日野电动车窗开关。","日野 MEGA 500 电动车窗开关,驾驶员侧电动车窗开关,日野电动车窗升降开关,日野电动车窗开关。","61.09","","https://TH.xiapibuy.com/product/564723752/24321030004","汽车外饰配件","镜子及配件","IVCN2026031329800","250542544074","相似款：https://detail.1688.com/offer/689998682074.html?fromkv=cbuPcPlugin:imageSearchDrawerCard&spm=a2639h.29135425.offerlist.i0&source=action%23offerItem%3Borigin%23down-th.img.susercontent.com&amug_biz=oneself&amug_fl_src=awakeId_982","P1","07-17","250542544074","61.09","","20-40美金","20-40单","高价品"
"2","适用于 2012、2013、2014、2015、2016、2017、2018、2019 年款福特 Ranger 的尾灯。（仅灯壳）- Diamond 品牌。","左侧","60.8","https://cf.shopee.co.th/file/th-11134207-7rasm-m59tzxn6htb177","https://TH.xiapibuy.com/product/1125609536/27424143299","汽车零部件","电子","IVCN202607108170","257516712847","相似款：https://detail.1688.com/offer/681246583159.html?kj_agent_plugin=aliprice&fromkv=xytTrace:0b5681be17840211660052061e0c19&token=47CoMqpmDb5Y4Z4xLCcWlfhOfHynX00MB5%2Fzwhcl%2FFJV%2BVQNqQBpcuEmbTJcCgWr","P1","07-17","257516712847","60.8","","20-40美金","20-40单","高价品"
"1","适用于久保田L3408、L3608、L4508、L4708、L4018、L5018拖拉机的座椅/椅。厚实、柔软、舒适。","适用于久保田L3408、L3608、L4508、L4708、L4018、L5018拖拉机的座椅/椅。厚实、柔软、舒适。","60.76","","https://TH.xiapibuy.com/product/105680070/13504182455","汽车内饰配件","座椅及座椅套","IVCN2026051317525","120167599253","相似款：https://detail.1688.com/offer/884788889750.html?spm=a26352.b28411319/2508.0.0&cosite=-&tracelog=p4p&_p_isad=1&clickid=1702306956d74531beb79c7213c29cc7&sessionid=06c9df554fc7c7ec9ad4b53851cb135e","P1","07-17","120167599253","60.76","","20-40美金","20-40单","高价品"
"1","260克斜纹碳纤维面料,意大利制造,1米×1米。","260克斜纹碳纤维面料,意大利制造,1米×1米。","60.74","","https://TH.xiapibuy.com/product/141953147/28139776099","汽车外饰配件","其他的","IVCN2025111478247","301051369677","无同款","P1","07-17","301051369677","60.74","","20-40美金","20-40单","高价品"
"1","⚡泰国24小时⚡ 可折叠汽车座椅靠背餐盘。小巧便携,可折叠收纳于座椅后方。方便实用,是车内用餐的理想之选。","黑色 - 1 件","60.63","https://cf.shopee.co.th/file/th-11134207-81ztl-mhhdedw3mwaq38","https://TH.xiapibuy.com/product/1413842881/45902086067","汽车内饰配件","收纳盒和隔层","IVCN2026071010722","410201557106","相似款：https://detail.1688.com/offer/657569264503.html?fromkv=cbuPcPlugin:imageSearchDrawerCard&spm=a2639h.29135425.offerlist.i0&source=action%23offerItem%3Borigin%23cf.shopee.co.th&amug_biz=oneself&amug_fl_src=awakeId_982","P1","07-17","410201557106","60.63","","20-40美金","20-40单","高价品"
"1","正品100%全金属机身行车记录仪。全高清1080P,4.0英寸屏幕。前置摄像头配备170度广角镜头/后置摄像头配备120度镜头。","正品100%全金属机身行车记录仪。全高清1080P,4.0英寸屏幕。前置摄像头配备170度广角镜头/后置摄像头配备120度镜头。","60.57","","https://TH.xiapibuy.com/product/238823117/9642034669","汽车内饰配件","摄像机和停车摄像头","IVCN2026071012786","91474516558","相似款：https://detail.1688.com/offer/1003857054458.html?fromkv=cbuPcPlugin:imageSearchDrawerCard&spm=a2639h.29135425.offerlist.i14&source=action%23offerItem%3Borigin%23shopee.co.th&amug_biz=oneself&amug_fl_src=awakeId_982","P1","07-17","91474516558","60.57","","20-40美金","20-40单","高价品"
"1","适用于 Vinn 空调系统、五十铃 D-Max、Mu-Max MU7 共轨、雪佛兰 Colorado 2006-2011 的蒸发器盘管。","适用于 Vinn 空调系统、五十铃 D-Max、Mu-Max MU7 共轨、雪佛兰 Colorado 2006-2011 的蒸发器盘管。","60.52","","https://TH.xiapibuy.com/product/831373146/24369767240","汽车零部件","发动机零件","IVCN2026031328316","226149057559","相似款：https://detail.1688.com/offer/755966167085.html?spm=a26352.b28411319.offerlist.1.33f11e62rQdYwV","P1","07-17","226149057559","60.52","","20-40美金","20-40单","高价品"
"1","适用于丰田威驰G1（第一代）2005-2006款的尾灯。*TYC品牌。","左侧 11-B082-A1-8B","60.19","https://cf.shopee.co.th/file/th-11134207-7r98x-lv4064egcyr7e0","https://TH.xiapibuy.com/product/991063848/24679613873","汽车零部件","电子","IVCN2026071010314","226316990560","相似款：https://detail.1688.com/offer/643567344117.html?kj_agent_plugin=aliprice&fromkv=xytTrace:0b0fdc4f17840126938238120e0bd6&token=9epGvSHztqixUE7O0RXLYNAGoGUxmXNvgIkpbEP94tFfE5vEwlO%2FpnkpkprKkk0e","P1","07-17","226316990560","60.19","","20-40美金","20-40单","高价品"
"1","适用于福特蒙迪欧/Fusion 2013-2015款的一对动态LED转向灯侧后视镜指示灯（流水式）。","动态烟熏","60","https://cf.shopee.com.br/file/sg-11134201-8225n-mhu81wc90kck2e","https://BR.xiapibuy.com/product/1251043237/52652573350","汽车零部件","电子","IVCN2026071013360","400248992251","相似款：https://detail.1688.com/offer/752778583870.html?fromkv=cbuPcPlugin:imageSearchDrawerCard&spm=a2639h.29135425.offerlist.i0&source=action%23offerItem%3Borigin%23cf.shopee.com.br&amug_biz=oneself&amug_fl_src=awakeId_982","P0","07-17","400248992251","60","","20-40美金","20-40单","高价品"
"1","适用于日野MEGA、五十铃DECA 24的8490型风扇电机。100%原装正品。三个月保修。","适用于日野MEGA、五十铃DECA 24的8490型风扇电机。100%原装正品。三个月保修。","60","","https://TH.xiapibuy.com/product/722671968/15592221714","汽车零部件","散热器、发动机冷却和气候控制","IVCN2026041032869","39049452945","https://detail.1688.com/offer/712428509348.html?kj_agent_plugin=aliprice&fromkv=xytTrace:0b52090217666535148476063e104b&token=3DiB6l8n3GGdsMX5UJkcIcSxuXfv2wmjwCYdZkdnyMvhC8StUHAzzxminVW%2BNdQY","P0","07-17","39049452945","60","","20-40美金","20-40单","高价品"
"1","MLHY 12V 6英寸 440W 汽车抛光机。附赠羊毛抛光垫和海绵抛光垫！","12V 2节电池","60","https://cf.shopee.co.th/file/th-11134207-81ztm-mdwu7ec9qrr690","https://TH.xiapibuy.com/product/1235400565/41365258086","汽车保养","抛光剂、涂层和密封剂","IVCN202607107510","271261418591","相似款：https://detail.1688.com/offer/1028438729181.html?spm=a26352.b28411319/2508.0.0&cosite=-&tracelog=p4p&_p_isad=1&clickid=5c4464a1aca340ad851470f46230ad1a&sessionid=7fc1e3ef33f048e184aa62013cf693ac","P0","07-17","271261418591","60","","20-40美金","20-40单","高价品"
"1","三菱 L200 Strada Triton 前大灯 2005–2014","左右配对","60","https://cf.shopee.ph/file/cn-11134207-7r98o-ls2gmro984pp8d","https://PH.xiapibuy.com/product/881956431/25114826138","汽车零部件","电子","IVCN2026071011680","250364009811","https://detail.1688.com/offer/1055467956837.html?spm=a26352.b28411319/2508.0.0","P0","07-17","250364009811","60","","20-40美金","20-40单","高价品"
"1","适用于2008-2011款本田City（GM2/GM3）的尾灯总成。尾灯总成,汽车替换件,带自动后刹车警示灯（用于保险杠）。","右侧","60","","https://TH.xiapibuy.com/product/674991695/48860220490","汽车零部件","电子","IVCN2026071014328","249230264637","https://detail.1688.com/offer/1001596715272.html?kj_agent_plugin=aliprice&fromkv=xytTrace:0bab14ad17840215530514875e0f9a&token=PbjCRodKw2yQ%2FlKMR6tFx2%2BFv9IYd1ZxaaZvb7yW36ymTlceTjxiQQy9iT2g3a%2B6","P0","07-17","249230264637","60","","20-40美金","20-40单","高价品"
"1","适用于大众高尔夫4的汽车手套箱盖ABS中控台改装件1J1857121A","黑色的","60","https://cf.shopee.com.br/file/sg-11134201-7rbmg-lqscd2zw5qmw53","https://BR.xiapibuy.com/product/191748330/24609783347","汽车内饰配件","收纳盒和隔层","IVCN2026071012724","214883906645","https://detail.1688.com/offer/541778035125.html?kj_agent_plugin=aliprice&fromkv=xytTrace:0","P0","07-17","214883906645","60","","20-40美金","20-40单","高价品"
"1","Super Connext 是一种可以显示发动机运行状态的设备。","HO1,汽车模型","60","https://cf.shopee.co.th/file/th-11134207-7ra0p-mdjz5ku7dxmab4","https://TH.xiapibuy.com/product/89760693/4915482469","汽车内饰配件","抬头显示器、速度表和仪表","IVCN202512226170","16990083012","https://detail.1688.com/offer/918309731068.html?spm=a26352.13672862.offerlist.1.51a51e62b9jWkQ&cosite=-&tracelog=p4p&_p_isad=1&clickid=9588e184a0cb4f21ae0efe96ff9797e2&sessionid=ff003f0b77fbdd880f4feed7314066ae","P0","07-17","16990083012","60","","60-80美金","20-40单","高价品"
"1","papan bonet vios Ncp42/Ncp93/Ncp150/ncp151/vios pari","黑色,NCP93","60","","https://MY.xiapibuy.com/product/59234720/11738887493","汽车零部件","电子","IVCN202607109688","137488406244","相似款：https://detail.1688.com/offer/1014008565062.html?fromkv=cbuPcPlugin:imageSearchDrawerCard&spm=a2639h.29135425.offerlist.i35&source=action%23offerItem%3Borigin%23shopee.com.my&amug_biz=oneself&amug_fl_src=awakeId_982","P0","07-17","137488406244","60","","20-40美金","20-40单","高价品"
"1","papan bonet vios Ncp42/Ncp93/Ncp150/ncp151/vios pari","黑色,NCP42","60","","https://MY.xiapibuy.com/product/59234720/11738887493","汽车零部件","电子","IVCN2026051316592","111946306670","相似款：https://detail.1688.com/offer/1014008565062.html?fromkv=cbuPcPlugin:imageSearchDrawerCard&spm=a2639h.29135425.offerlist.i35&source=action%23offerItem%3Borigin%23shopee.com.my&amug_biz=oneself&amug_fl_src=awakeId_982","P0","07-17","111946306670","60","","20-40美金","20-40单","高价品"
"1","（货到付款）35件套1/2英寸驱动冲击套筒组 - 8-32毫米深六角公制工具,适用于车间","35件","59.99","https://cf.shopee.ph/file/sg-11134201-7rdy9-mdmwk1p2m29of2","https://PH.xiapibuy.com/product/1578988770/41914100655","汽车工具","测试、诊断和维修工具","IVCN202512091541","216214832317","https://detail.1688.com/offer/883923305877.html?kj_agent_plugin=aliprice&fromkv=xytTrace%3A210702e017655100161395726e1606&token=aj3%2By69phZO%2BoBRoZml2RuD7BFJnmACAP3BBfQnsrnaqMScMOQekhLpMbGJpCmcj","P1","07-17","216214832317","59.99","","40-60美金","20-40单","高价品"
"1","双单元矩阵投影透镜,1.5英寸双LED前大灯透镜,辅助,双","2个","59.8","https://cf.shopee.com.br/file/cn-11134207-820l4-mi71fpnm76rsf1","https://BR.xiapibuy.com/product/1566562646/46703042647","汽车零部件","电子","IVCN202607108850","400291980304","https://detail.1688.com/offer/1040079356882.html?kj_agent_plugin=aliprice&fromkv=xytTrace:0bab14ad17840199580076053e0e4f&token=%2BXMRzSskDWqE07gyfdpp9ftgfUIPj1NCXrh7EHzf%2B%2B%2BjTdD9h4RxfVhgr1l7g4Lw","P0","07-17","400291980304","59.8","","20-40美金","20-40单","高价品"
"1","TAKE.ONE.S.EASE 车载储物箱,大容量,防水,可折叠/可拆卸,72/112升","112升 90*35*30厘米","59.8","https://cf.shopee.co.th/file/th-11134207-81ztm-mo94e6ovv9c243","https://TH.xiapibuy.com/product/1409448302/46002147699","汽车内饰配件","收纳盒和隔层","IVCN2026061520089","380207392487","相似款：https://detail.1688.com/offer/1063735865070.html?fromkv=cbuPcPlugin:imageSearchDrawerCard&spm=a2639h.29135425.offerlist.i0&source=action%23offerItem%3Borigin%23cf.shopee.co.th&amug_biz=oneself&amug_fl_src=awakeId_982","P0","07-17","380207392487","59.8","","20-40美金","20-40单","高价品"
"1","适用于五十铃 D-Max、D-Max 全新车型（2014-2019）的 LED 尾灯。","左侧 + TW 连接器","59.6","https://cf.shopee.co.th/file/sg-11134201-22090-9ymdtizqlxhv2e","https://TH.xiapibuy.com/product/19110542/4920051601","汽车零部件","电子","IVCN2026051314021","182500568367","相似款：https://detail.1688.com/offer/854794117381.html?spm=a261y.7663282.3002526303362591.2.574314b00HaUVQ&sk=order&fromkv=cbuPcPlugin%3AimageSearchDrawerCard","P1","07-17","182500568367","59.6","","20-40美金","20-40单","高价品"
"1","适用于五十铃 TFR 2500 4JA1 4JA D-Max 的完整垫片组。","适用于五十铃 TFR 2500 4JA1 4JA D-Max 的完整垫片组。","59.6","","https://TH.xiapibuy.com/product/283721754/16656896589","汽车零部件","发动机零件","IVCN2026041035619","154053730308","相似款：https://detail.1688.com/offer/903551208539.html?kj_agent_plugin=aliprice&fromkv=xytTrace:212b5ecd17640634175947397e0ef4&token=vubCCDYrQb6clFVq5G8IKcYAwLjqRLHvQ5iS7B3Cdbkdt7vdzjo9fbNBRYNxNnT2","P1","07-17","154053730308","59.6","","20-40美金","20-40单","高价品"
"1","LJYZ [A级] 3K 200gsm 表面对角线/98cm 100% 幅宽 真碳纤维布 汽车外观改装用碳纤维布","1米×1米","59.54","","https://PH.xiapibuy.com/product/151328493/16315154609","汽车外饰配件","其他的","IVCN202607107584","87033000662","无同款","P1","07-17","87033000662","59.54","","20-40美金","20-40单","高价品"
"2","30000流明 120瓦 H4 LED投影迷你透镜汽车H4大灯灯泡套件改装远近光 6000K 涡轮风扇","1对","59.46","https://cf.shopee.com.br/file/sg-11134201-7rdyh-lxgx0tbhoihr80","https://BR.xiapibuy.com/product/773673801/25170180820","汽车零部件","电子","IVCN202605133629","226156847823","https://detail.1688.com/offer/859859431075.html?kj_agent_plugin=aliprice&fromkv=xytTrace:0","P1","07-17","226156847823","59.46","","80-100美金","20-40单","高价品"
"1","MK6022 阿斯顿·马丁 F1 赛车专用定制贴纸,仅含贴纸。","MK6022 阿斯顿·马丁 F1 赛车专用定制贴纸,仅含贴纸。","59.14","","https://MY.xiapibuy.com/product/468196332/54500911192","汽车外饰配件","贴纸、标志和徽章","IVCN2026071013898","355082348387","https://detail.1688.com/offer/1051478885161.html?spm=a26352.b28411319/2508.0.0","P1","07-17","355082348387","59.14","","20-40美金","20-40单","高价品"
"1","LupuAuto 3.0英寸双LED透镜大灯投影仪 120W 40000LM 透镜远近光汽车灯套件改装 H4 H7 9005 HB3 9006 HB4 大灯总成","2个","59.06","https://cf.shopee.com.my/file/sg-11134201-7rdy4-mcg3km31floxa3","https://MY.xiapibuy.com/product/1377806260/41259292195","汽车零部件","电子","IVCN2026071013636","295778003121","https://detail.1688.com/offer/842160411472.html?kj_agent_plugin=aliprice&fromkv=xytTrace:2108837b17840187396964376e0c03&token=6KXWnTg8ZvsnJ9uYAbuR1BC5xJSHnvMq98YIaA1tiEqtSBHB9lotOuLw7YtKZaLl","P1","07-17","295778003121","59.06","","40-60美金","20-40单","高价品"
"1","SuperAuto 三菱汽车座椅套全套,轮胎花纹,保护座椅。","三菱红色五座","59","https://cf.shopee.ph/file/d25b118f0343cd339ee4451eb762aaf0","https://PH.xiapibuy.com/product/277005239/18006885484","汽车内饰配件","座椅及座椅套","IVCN202602116538","154664427110","https://detail.1688.com/offer/540731670849.html?kj_agent_plugin=aliprice&fromkv=xytTrace:21080f7717641255370067506e174e&token=8Pv2P8mbBmwriFcX8ORqS4X8JnXiny%2Bljf7pjujOXJnUzq%2Brg%2B5X89SAo%2FNfZGzR","P0","07-17","154664427110","59","","20-40美金","20-40单","高价品"
"1","四合一汽车应急启动器,998000mA 启动电流,带空气压缩机和气泵,适用于各种汽车。","普通剪辑","58.73","https://cf.shopee.ph/file/cn-11134207-820l4-mmfyt2bss1s4cb","https://PH.xiapibuy.com/product/1515534316/26583042002","汽车零部件","电子","IVCN2026061512159","205980808655","相似款：https://detail.1688.com/offer/809825806446.html?kj_agent_plugin=aliprice&fromkv=xytTrace:2104999217561897298488616e0cd0&token=BDd7%2FcnxVrNsr2L%2B%2FX6sL45u9sGg03WrXKsCYu%2BOGw6vXnk0PoyuNBVlmKtvukhT","P1","07-17","205980808655","58.73","","20-40美金","20-40单","高价品"
"1","【3年保修】T603 WIFI 4K双摄像头行车记录仪,可通过手机App查看,全高清1296P,出色的夜视功能,泰语菜单。","T603（Wifi）+32GB","58.5","","https://TH.xiapibuy.com/product/264453854/43504778557","汽车内饰配件","摄像机和停车摄像头","IVCN202509129736","270405835078","https://detail.1688.com/offer/711207476171.html?kj_agent_plugin=aliprice&fromkv=xytTrace:0","P1","07-17","270405835078","58.5","","100-300美金","20-40单","高价品"
"2","Monqiqi 为其 WIFI 行车记录仪提供 3 年保修,这是一款 4K 1296P 车载摄像头（2023 款）,配备双摄像头和 170° 广角镜头,可实现极致清晰度。","T603(Wifi)+64G","58.4","https://cf.shopee.co.th/file/sg-11134201-7rdvm-md30rqcbpd6od0","https://TH.xiapibuy.com/product/1179482720/41661724020","汽车内饰配件","摄像机和停车摄像头","IVCN2026071011566","224399720804","相似款：https://detail.1688.com/offer/956401940447.html?kj_agent_plugin=aliprice&fromkv=xytTrace:0b0fdc4f17841119095708187e0f20&token=I5jlrBMi%2FFgKsPi6nXsMRwI5veWkl1jlBWedkx3qP3vDe3hAlevpFRbw1IhHsA7U","P1","07-17","224399720804","58.4","","80-100美金","20-40单","高价品"
"1","【FRONTIERACE】K3 U型管高功率汽车前大灯（240W）H7 H4 H11 H1 9005 9006 白光 48000流明","H11","58.38","https://cf.shopee.ph/file/cn-11134207-820l4-mh1sh72y7z7t81","https://PH.xiapibuy.com/product/756736309/52751393437","汽车零部件","电子","IVCN2026071013458","440128692819","相似款：https://detail.1688.com/offer/969336444838.html?fromkv=cbuPcPlugin:imageSearchDrawerCard&spm=a2639h.29135425.offerlist.i2&source=action%23offerItem%3Borigin%23cf.shopee.ph&amug_biz=oneself&amug_fl_src=awakeId_982","P1","07-17","440128692819","58.38","","20-40美金","20-40单","高价品"
"1","TURBO 为喷枪提供 3 个月的保修期,包含公司保修和泰语使用手册。产品包含大灯抛光套装、锥形罩和 A 级 Turbo 喷枪。","黑猫套装 840克（锥形设计）","58.21","https://cf.shopee.co.th/file/th-11134207-7rasi-m3takg85oyco4b","https://TH.xiapibuy.com/product/8006630/789325390","汽车保养","抛光剂、涂层和密封剂","IVCN202605137101","127489609356","无同款","P1","07-17","127489609356","58.21","","20-40美金","20-40单","高价品"
"1","【马尼拉现货】适用于丰田海狮（Hiace）的LED 12V雾灯,带日间行车灯和转向灯功能,型号H11,适用于2014-2018款丰田海狮GL/Commuter/Super Grandia车型。","我们","58.06","https://cf.shopee.ph/file/cn-11134207-7r98o-lu05r6pzuovn42","https://PH.xiapibuy.com/product/1008515294/22155482249","汽车零部件","电子","IVCN2026051319985","147025437992","相似款：https://detail.1688.com/offer/683792637736.html?kj_agent_plugin=aliprice&fromkv=xytTrace:0","P1","07-17","147025437992","58.06","","20-40美金","20-40单","高价品"
"1","【赠送64GB存储卡】3通道行车记录仪 1080P 全高清+ HDR 24小时停车监控 170°广角 G-Sensor 64GB 前后双录行车记录仪","【赠送64GB存储卡】3通道行车记录仪 1080P 全高清+ HDR 24小时停车监控 170°广角 G-Sensor 64GB 前后双录行车记录仪","58","","https://MY.xiapibuy.com/product/1482483695/28534849289","汽车内饰配件","摄像机和停车摄像头","IVCN202602275801","248291553016","https://detail.1688.com/offer/741833625674.html?fromkv=cbuPcPlugin:imageSearchDrawerCard&spm=a2639h.29135425.offerlist.i0&source=action%23offerItem%3Borigin%23down-my.img.susercontent.com&amug_biz=oneself&amug_fl_src=awakeId_982","P0","07-17","248291553016","58","","20-40美金","20-40单","高价品"
"1","适用于2014-2024款丰田海狮通勤车的LED雾灯。黑色外壳。（不含线束）","适用于2014-2024款丰田海狮通勤车的LED雾灯。黑色外壳。（不含线束）","57.88","","https://TH.xiapibuy.com/product/1019963234/24287735722","汽车零部件","电子","IVCN202605137871","251902826855","https://detail.1688.com/offer/843254209631.html?kj_agent_plugin=aliprice&fromkv=xytTrace:212b5ecd17840117293358313e0f85&token=D7pewnctVy2ru9guzfD3m96ArfeiUWORkKwAXLFZsfM2Zi%2BssK7pg2WbzLAGSvdJ","P1","07-17","251902826855","57.88","","20-40美金","20-40单","高价品"
"1","2 个 7X6 5X7 英寸 LED 大灯转向灯,白色日间行车灯琥珀色转向灯,适用于 Jeep Wrangler YJ Cherokee XJ 卡车 H4 Qua","2个","57.87","https://cf.shopee.com.br/file/cn-11134207-7r98o-luxzsvasuza6ac","https://BR.xiapibuy.com/product/468803753/25528619727","汽车零部件","电子","IVCN2026071011780","39420239905","https://detail.1688.com/offer/887693495410.html?kj_agent_plugin=aliprice&fromkv=xytTrace:210702e017840155561955314e0bfe&token=t6CXh4OR67lC6UkTipni5tcYsaP3%2Baay5JRXnEc7oJv9qRbm1iZ2a0rdEeLc6kRr","P1","07-17","39420239905","57.87","","40-60美金","20-40单","高价品"
"3","磷酸铁锂电池充电器,3.2V-3.65V 10Ah-30Ah 电池充电器","3.2伏 10安时","57.7","https://cf.shopee.co.th/file/cn-11134207-820l4-mjgqo6qi0ydc86","https://TH.xiapibuy.com/product/1718931859/57804714780","汽车零部件","电子","IVCN2026051321955","445437828405","相似款：https://detail.1688.com/offer/884854265989.html?fromkv=cbuPcPlugin:imageSearchDrawerCard&spm=a2639h.29135425.offerlist.i1&source=action%23offerItem%3Borigin%23cf.shopee.co.th&amug_biz=oneself&amug_fl_src=awakeId_982","P1","07-17","445437828405","57.7","","20-40美金","20-40单","高价品"
"2","Monqiqi 为其 WIFI 行车记录仪提供 3 年保修,这是一款 4K 1296P 车载摄像头（2023 款）,配备双摄像头和 170° 广角镜头,可实现极致清晰度。","T603（Wifi）+32G","57.67","https://cf.shopee.co.th/file/sg-11134201-7rdvq-md30rq0y60d0ec","https://TH.xiapibuy.com/product/1179482720/41661724020","汽车内饰配件","摄像机和停车摄像头","IVCN2026071011566","224399720806","相似款：https://detail.1688.com/offer/885847622281.html?kj_agent_plugin=aliprice&fromkv=xytTrace:212b9de517841120672534093e0d08&token=T1HR7vEcjR2nWzOHB8zC2AO8dpZiAF1Rx82Bi7AxQBPVTB2H2a6e3zgC4gEPSp9%2B","P1","07-17","224399720806","57.67","","20-40美金","20-40单","高价品"
"1","原装KOBY轮胎密封剂 1盒24支 500毫升/380毫升 防爆胎 无内胎轮胎适用 适用于汽车摩托车","380毫升","57.6","https://cf.shopee.ph/file/sg-11134201-8259h-mq3rvsabjyfj29","https://PH.xiapibuy.com/product/38599861/19627398427","汽车保养","轮胎及轮毂保养","IVCN202507295970","58963914334","相似款：https://detail.1688.com/offer/787203831268.html?kj_agent_plugin=aliprice&fromkv=xytTrace:0","P0","07-17","58963914334","57.6","","20-40美金","20-40单","高价品"
"1","适用于2026款特斯拉Model YL六座车型。TPE材质后排座椅扶手保护套/汽车内饰改装件。","C：白色 - 3 件（TPE 材质）,YL 型号（6 座型号）","57.55","https://cf.shopee.co.th/file/cn-11134207-820l4-mn5uztuq9ouaa6","https://TH.xiapibuy.com/product/1079923138/48609032308","汽车内饰配件","其他的","IVCN2026061514825","244212254970","相似款：https://detail.1688.com/offer/986496939618.html?spm=a26352.b28411319/2508.0.0https://detail.1688.com/offer/988386324999.html?spm=a26352.b28411319/2508.0.0","P1","07-17","244212254970","57.55","","20-40美金","20-40单","高价品"
"1","2个12V/24V RGB APP控制六边形天使眼光环改装大灯汽车摩托车白色日间行车灯+琥珀色","90毫米","57.54","","https://BR.xiapibuy.com/product/839352728/27351072723","汽车零部件","电子","IVCN2026051320109","147318779483","https://detail.1688.com/offer/961248405090.html?kj_agent_plugin=aliprice&fromkv=xytTrace:213f867c17840203923974697e0ca0&token=v92CCY4bawvTKONvQfvVwVA1SszyN71yR2N47V5MdLVBOxdqMIR8uI9YD2o3l5QK","P1","07-17","147318779483","57.54","","20-40美金","20-40单","高价品"
"1","适用于 PLX AEM LSU4.9 O2 Uego 宽带氧传感器 30-2004 0258017025","适用于 PLX AEM LSU4.9 O2 Uego 宽带氧传感器 30-2004 0258017025","57.4","","https://TH.xiapibuy.com/product/817430232/24629500774","汽车零部件","电子","IVCN202607108034","88919737449","https://detail.1688.com/offer/674506287407.html?kj_agent_plugin=aliprice&fromkv=xytTrace:210702e017840126227774721e0c8d&token=YpS3MLS8gG%2B8MlNqC8hzDxqT4AEYtSa9ZubAN8g0hemLM%2B61R09qlOYp8EQapGRa","P1","07-17","88919737449","57.4","","20-40美金","20-40单","高价品"
"1","马自达主电动车窗开关,适用于马自达2 2010（可折叠）。","马自达主电动车窗开关,适用于马自达2 2010（可折叠）。","57.35","","https://TH.xiapibuy.com/product/747415741/21593392750","汽车零部件","其他的","IVCN202604230675","118190317090","相似款：https://detail.1688.com/offer/659525868024.html?kj_agent_plugin=aliprice&fromkv=xytTrace:212b9de517665629178264223e0dd6&token=dBNSPlJsYmVL7uq6x7tL5h%2B2VYp8KxmfNv%2FgqVUYEmOhcZV%2FoFLpO55s8gmqTfiS","P1","07-17","118190317090","57.35","","20-40美金","20-40单","高价品"
"1","适用于丰田 Revo 2.4/2.8 和丰田 Fortuner 2.4/2.8（2015-2022 款）的替换催化转化器。","替代 Caterpillar/Fortune,按此订购。","57.21","https://cf.shopee.co.th/file/a7c0b4c4336a41fd313b7351af392da0","https://TH.xiapibuy.com/product/25871039/17015231871","汽车零部件","尾气和排放","IVCN202602112017","78428026815","相似款：https://detail.1688.com/offer/646823163714.html?spm=a26352.b28411319/2508.0.0","P1","07-17","78428026815","57.21","","20-40美金","20-40单","高价品"
"3","车载逆变器 12V/24V 转 220V 500W 1000W 12V 直流转 220-230V 交流车载太阳能电源逆变器","9000瓦","57.14","https://cf.shopee.ph/file/ph-11134207-81ztd-micg8m25xzpf16","https://PH.xiapibuy.com/product/951744141/20189604993","汽车零部件","电子","IVCN2026061510791","282261122518","相似款：https://detail.1688.com/offer/649646147155.html?fromkv=cbuPcPlugin:imageSearchDrawerCard&spm=a2639h.29135425.offerlist.i0&source=action%23offerItem%3Borigin%23cf.shopee.ph&amug_biz=oneself&amug_fl_src=awakeId_982","P1","07-17","282261122518","57.14","","20-40美金","20-40单","高价品"
"1","4 图案碳纤维织物（意大利）,150 x 50 厘米。","4 图案碳纤维织物（意大利）,150 x 50 厘米。","57","","https://TH.xiapibuy.com/product/141953147/28171979005","汽车外饰配件","其他的","IVCN2025091210888","242359584873","无同款","P0","07-17","242359584873","57","","60-80美金","20-40单","高价品"
"1","数字式自动胎压计 – 无线胎压监测系统诊断工具,实时汽车胎压监测系统,配备精确压力表。","黑色的","56.81","https://cf.shopee.vn/file/sg-11134201-7ravj-mb809naqn9lcf7","https://VN.xiapibuy.com/product/1320891341/40355303755","汽车工具","轮胎压力检测器","IVCN2026041037215","196128295976","https://detail.1688.com/offer/667033029751.html?spm=a26352.b28411319/2508.0.0https://detail.1688.com/offer/838503844908.html?spm=a26352.b28411319/2508.0.0","P1","07-17","196128295976","56.81","","20-40美金","20-40单","高价品"
"1","Unisen 二合一安卓车载适配器支持有线/无线连接,即插即用,采用 USB 连接。","Carplay + Android Auto-B5","56.31","https://cf.shopee.vn/file/cn-11134207-820l4-mnb758y30v0ief","https://VN.xiapibuy.com/product/1355652802/55203108490","汽车内饰配件","导航和AV接收器","IVCN2026061518657","315740598006","相似款：https://detail.1688.com/offer/1056719891086.html?fromkv=cbuPcPlugin:imageSearchDrawerCard&spm=a2639h.29135425.offerlist.i4&source=action%23offerItem%3Borigin%23cf.shopee.vn&amug_biz=oneself&amug_fl_src=awakeId_982","P1","07-17","315740598006","56.31","","60-80美金","20-40单","高价品"
"1","适用于所有新款 D-Max、Mu-X、Colorado、Trailblazer、Navara NP300、Blue Power 1.9 的原装鼓风机。","正品鼓风机","56.26","https://cf.shopee.co.th/file/th-11134207-7r98q-lqu6u99m63jic0","https://TH.xiapibuy.com/product/831373146/22128850069","汽车零部件","散热器、发动机冷却和气候控制","IVCN2026021111373","221120220351","相似款：https://detail.1688.com/offer/624633001598.html?kj_agent_plugin=aliprice&fromkv=xytTrace%3A0&tracelog=cps&clickid=c2ddee639708f3768f1db75b842a2b5c&targetUrl=https%3A%2F%2Fs.click.1688.com%2Ft%3Fe%3DD2DC7A927D55C03D6511A0CCA913FD65D6FA062685DFF8F7D920A558D1D5758C4B369BE324A83E744B8F19128B0D93E33FB8088B45F57B9E47F28FD2CC0E231B18AD4F779334558760FEF997084D4D5331EB6FC8DBCADED4C6C8CEEEE21320CC4BD39EA2FE12E3B1D4A17A95BCB27E38A1DD58DCDC13907258398D824A27B15C2DE6CC53D0E9BCC7348394BC3CC3C62B9992F8828C4BE892900E9B1279C4F1FF0222BE785368930EB085E9BD3447C0DC8BA057EF67C88200C1BEB310B04C32AB135193E2F9D9976D6D83D6CF197B1D38BA31588E4E96DE64051BC6B2709AF5319308FBBD0908D52A615544C677C4F949%26cbu_cps_trace_flag%3Dwrite","P1","07-17","221120220351","56.26","","100-300美金","20-40单","高价品"
"1","适用于吉利 Zeekr 7X/009/X/001/007/007GT/9X 汽车配件,启动贴纸智能蓝牙连接无线控制按钮。","入门智慧 2 件装","56","https://cf.shopee.co.th/file/cn-11134207-820l4-mgaomfbx5a88cf","https://TH.xiapibuy.com/product/1125322332/54600205871","汽车内饰配件","其他的","IVCN2026031332236","325018157056","无同款","P0","07-17","325018157056","56","","40-60美金","20-40单","高价品"
"1","2个50W 3英寸LED射灯,黄色雾灯白色射灯,适用于卡车、吉普车、越野车、SUV、ATV,12V/24V,IP67防护等级","黄色 2 件","56","https://cf.shopee.ph/file/sg-11134201-7rd6b-lu4q6caf1ah221","https://PH.xiapibuy.com/product/955835210/25174151068","汽车零部件","电子","IVCN2026051319071","137892718634","https://detail.1688.com/offer/634038260433.html?kj_agent_plugin=aliprice&fromkv=xytTrace:0bf89a7417840145046448924e0de1&token=uxzE8p3hsrCp%2F%2BTKHo4GrsH57BJSh%2FLfL98OHMBIgo%2B%2BwMlzDgHF7xY9sLzL6Bx4","P0","07-17","137892718634","56","","20-40美金","20-40单","高价品"
"1","Carstorm 2 Din 7英寸车载立体声音响收音机蓝牙MP5播放器接收器Mirrorlink SD FM USB","7018B+后置摄像头","55.7","https://cf.shopee.ph/file/cn-11134207-7r98o-lz7i0nxj236qe8","https://PH.xiapibuy.com/product/991254198/22440749474","汽车内饰配件","导航和AV接收器","IVCN2026021112323","233129051604","相似款：https://detail.1688.com/offer/735144464275.html?kj_agent_plugin=aliprice&fromkv=xytTrace%3A2132815517725092332857927e1091&token=cP5qcnik2nWCHok0WvdbRnOjguph0cJTI%2BgYnpP2V3SUCuZLqsbZiqCdupO2fI%2BF&tracelog=cps&clickid=c6d54482f0c9316ab5d975a6053ac791&targetUrl=https%3A%2F%2Fs.click.1688.com%2Ft%3Fe%3DD2DC7A927D55C03D6511A0CCA913FD65D6FA062685DFF8F7D920A558D1D5758C4B369BE324A83E744B8F19128B0D93E33FB8088B45F57B9E47F28FD2CC0E231B18AD4F779334558760FEF997084D4D5331EB6FC8DBCADED4C6C8CEEEE21320CC4BD39EA2FE12E3B1C9184BB35A613B0514DF9ACAFE256B1B8EEDF8E7CB86AA18CF3A1ACDD3190576348394BC3CC3C62B9992F8828C4BE892BC7EBD9B5DF081068FDFA2948A39742B13B97DE04412DA797FAEB798213AE805F76600D3CB67D5719279BE5AA7A4BC5B3E9BD45EF2393679608449749543D92B3329A395D1F9A6840A3500EED309C3034CCA8F2D9A88CCC9%26cbu_cps_trace_flag%3Dwrite","P1","07-17","233129051604","55.7","","20-40美金","20-40单","高价品"
"1","AUTOOL BT360 12V汽车电池测试仪、电池分析仪、汽车电池检测器、电池电压检测仪、电池诊断扫描仪,可检测AGM电池的冷启动电流（CCA）和荷电状态（SOC）。","AUTOOL BT360 12V汽车电池测试仪、电池分析仪、汽车电池检测器、电池电压检测仪、电池诊断扫描仪,可检测AGM电池的冷启动电流（CCA）和荷电状态（SOC）。","55.39","","https://MY.xiapibuy.com/product/322612508/6959397855","汽车工具","测试、诊断和维修工具","IVCN202606156087","51547401431","https://detail.1688.com/offer/983502859564.html?kj_agent_plugin=aliprice&fromkv=xytTrace:0b51056217745781762133340e0f8e&token=bfY8VptehubcseOL1Sc%2BVjW4UVvsnghy6W133hOsQdoDoRa58fst8tQSvDf4wgAf","P1","07-17","51547401431","55.39","","20-40美金","20-40单","高价品"
"1","丰田威驰超人第三代（2014-2018款）尾灯","右侧（乘客侧）","55.35","","https://PH.xiapibuy.com/product/980092176/24684337522","汽车零部件","电子","IVCN202607109296","251316301498","相似款：https://detail.1688.com/offer/643567344117.html?kj_agent_plugin=aliprice&fromkv=xytTrace:0b0fdc4f17840126938238120e0bd6&token=9epGvSHztqixUE7O0RXLYNAGoGUxmXNvgIkpbEP94tFfE5vEwlO%2FpnkpkprKkk0e","P1","07-17","251316301498","55.35","","20-40美金","20-40单","高价品"
"1","适用于比亚迪 Atto 3 Yuan Plus 2022-2026 的硅胶门把手套、换挡杆套、扶手箱套、汽车内饰保护套。","6个黑色方块","55.31","https://cf.shopee.co.th/file/cn-11134207-820l4-mjwy26p3h62r29","https://TH.xiapibuy.com/product/1125322332/56905295076","汽车内饰配件","其他的","IVCN2026061519015","330483786628","无同款","P1","07-17","330483786628","55.31","","20-40美金","20-40单","高价品"
"1","Cloudshop1 重型 12V 500A 电磁触点继电器绞盘结构,适用于 8000 至 15000 磅千斤顶","Cloudshop1 重型 12V 500A 电磁触点继电器绞盘结构,适用于 8000 至 15000 磅千斤顶","55.22","","https://TH.xiapibuy.com/product/310023649/24911887216","汽车外饰配件","其他的","IVCN2025111470905","236032959731","https://detail.1688.com/offer/520247125424.html?spm=a26352.b28411319/2508.0.0","P1","07-17","236032959731","55.22","","20-40美金","20-40单","高价品"
"1","适用于 JETOUR T1 2025 2026 的后备箱隐私遮物帘,碳纤维框架,黑色帆布材质,可伸缩后置物架配件","皮革 - 翻盖手柄","55.17","https://cf.shopee.ph/file/sg-11134201-8262w-mm65sfk8qzuo16","https://PH.xiapibuy.com/product/1764574672/55857578054","汽车内饰配件","收纳盒和隔层","IVCN2026071010184","380674608588","相似款：https://detail.1688.com/offer/865126895918.html?fromkv=cbuPcPlugin:imageSearchDrawerCard&spm=a2639h.29135425.offerlist.i0&source=action%23offerItem%3Borigin%23cf.shopee.ph&amug_biz=oneself&amug_fl_src=awakeId_982","P1","07-17","380674608588","55.17","","20-40美金","20-40单","高价品"
"1","适用于燃油喷射/化油器车辆的高压燃油软管。耐高压,适用于E85、E20、95和91号辛烷值燃油。以8x5毫米规格、100米长的卷装出售。多种颜色可选。","透明色,每卷100米。","55.12","https://cf.shopee.co.th/file/sg-11134201-7rdvq-m14dt76zg3gg81","https://TH.xiapibuy.com/product/411012749/28513519430","汽车零部件","发动机零件","IVCN202602114674","129091896698","相似款：https://detail.1688.com/offer/567432398019.html?fromkv=cbuPcPlugin:imageSearchDrawerCard&spm=a2639h.29135425.offerlist.i7&source=action%23offerItem%3Borigin%23shopee.co.th&amug_biz=oneself&amug_fl_src=awakeId_982","P1","07-17","129091896698","55.12","","20-40美金","20-40单","高价品"
"1","丰田原厂零件,全套：气门室盖垫、喷油器座密封圈、O型圈、喷油器垫片,适用于VIGO、COMMUTER、TIGER D4D车型。（详情请见图片。）","丰田原厂零件,全套：气门室盖垫、喷油器座密封圈、O型圈、喷油器垫片,适用于VIGO、COMMUTER、TIGER D4D车型。（详情请见图片。）","55.06","","https://TH.xiapibuy.com/product/6871922/24463614685","汽车零部件","其他的","IVCN2026041037279","197317957006","无同款","P1","07-17","197317957006","55.06","","40-60美金","20-40单","高价品"
"1","【泰国发货】特斯拉 2026 款 Model Y L 后备箱储物盒、后引擎盖储物盒、TPE 储物盒","Y型L","55","https://cf.shopee.co.th/file/th-11134207-81zti-mofbodwk76drbc","https://TH.xiapibuy.com/product/203256219/51810792795","汽车内饰配件","收纳盒和隔层","IVCN2026071013388","400943455115","https://detail.1688.com/offer/905813112005.html?kj_agent_plugin=aliprice&fromkv=xytTrace:0bf8ca8917840247093715401e0c20&token=2%2Bgg78PlyLZ5Nl34tj5SnJ8xGKmeZ%2B4qbmEK%2FRe7tRjLRnUI3bxScpHHvfmy%2Br5K","P0","07-17","400943455115","55","","20-40美金","20-40单","高价品"
"1","Primera 96​​00 漆,售价 2000 泰铢,数量有限。立即订购,售完即止！","立即发送","55","","https://TH.xiapibuy.com/product/219800016/8983899008","汽车保养","抛光剂、涂层和密封剂","IVCN2026051319821","395559723358","相似款：https://detail.1688.com/offer/665593590014.html?spm=a26352.13672862.offerlist.25.18a76c6anuCGE8&offerId=665593590014&sortType=&pageId=&abBizDataType=cbuOffer&trace_log=normal&uuid=299dddd9a17644a38fc3dcf5b2e666f1&skuId=4792284964425&forcePC=1782198265494","P0","07-17","395559723358","55","","80-100美金","20-40单","高价品"
"1","A2122770295 自动变速箱油滤清器 2122770295 适用于奔驰 W205 W212 W222 V222","A2122770295 自动变速箱油滤清器 2122770295 适用于奔驰 W205 W212 W222 V222","55","","https://TH.xiapibuy.com/product/817430232/28736426377","汽车零部件","发动机零件","IVCN202602275803","248406056912","相似款：https://detail.1688.com/offer/660831514733.html?spm=a26352.b28411319/2508.0.0.5a6c1e62VzHEGa","P0","07-17","248406056912","55","","20-40美金","20-40单","高价品"
"1","适用于 Veloz、Avanza 2022、2023、2024 款的发动机罩。包含不锈钢螺栓。","白色logo帽","55","https://cf.shopee.vn/file/vn-11134207-7ras8-m2m5j7km31ty23","https://VN.xiapibuy.com/product/518980373/22979980860","汽车零部件","其他的","IVCN2026041037745","207197214891","相似款：https://detail.1688.com/offer/958114984236.html?fromkv=cbuPcPlugin:imageSearchDrawerCard&spm=a2639h.29135425.offerlist.i3&source=action%23offerItem%3Borigin%23shopee.vn&amug_biz=oneself&amug_fl_src=awakeId_982","P1","07-17","207197214891","55","","20-40美金","20-40单","高价品"
"1","适用于丰田海狮通勤面包车的尾灯,车型包括2005、2007、2009、2011、2013、2014、2016和2018款。设计基于2014款车型。品质优良。*TW-2014*","右侧 TW-2014","54.44","https://cf.shopee.co.th/file/th-11134207-7r98o-lv2l1pk5zgfnd1","https://TH.xiapibuy.com/product/991063848/25279124903","汽车零部件","电子","IVCN2026051317347","119158594672","https://detail.1688.com/offer/1000648024007.html?kj_agent_plugin=aliprice&fromkv=xytTrace:2132815517840149366286875e0d85&token=mTtSbtK3OiuiPPIu7fqeE4PPX7nC2E43%2B33HuaGaDqs%2FcsUWm6fKH6SfuN6CwV89","P1","07-17","119158594672","54.44","","20-40美金","20-40单","高价品"
"1","机械车间汽车维修车 40 带工具托盘小车机械维修床维修车","40英寸带灯","54.37","","https://PH.xiapibuy.com/product/545478718/24171693195","汽车工具","测试、诊断和维修工具","IVCN2026051321643","158570521303","相似款：https://detail.1688.com/offer/626640521527.html?","P1","07-17","158570521303","54.37","","20-40美金","20-40单","高价品"
"2","Nakoya工业涂料,3.2​​升装。（可提供咨询服务。）","915 哑光白","54.26","https://cf.shopee.co.th/file/74e411b17b9c448f3f2c4962fcf8195a","https://TH.xiapibuy.com/product/86437142/4562588514","汽车保养","抛光剂、涂层和密封剂","IVCN202607109116","93145112958","相似款：https://detail.1688.com/offer/990067970570.html?spm=a26352.13672862.offerlist.299.3d6853e8vvGss3&offerId=990067970570&sortType=&pageId=&abBizDataType=cbuOffer&trace_log=normal&uuid=e24fbfe327e5424daa5214f145357092&skuId=6125098795518&forcePC=1784020334502","P1","07-17","93145112958","54.26","","20-40美金","20-40单","高价品"
"2","Nakoya工业涂料,3.2​​升装。（可提供咨询服务。）","914 哑光黑","54.26","https://cf.shopee.co.th/file/c4bb0431c8cacc14d636a76595e90ee0","https://TH.xiapibuy.com/product/86437142/4562588514","汽车保养","抛光剂、涂层和密封剂","IVCN202607109116","65141077114","相似款：https://detail.1688.com/offer/990067970570.html?spm=a26352.13672862.offerlist.299.3d6853e8vvGss3&offerId=990067970570&sortType=&pageId=&abBizDataType=cbuOffer&trace_log=normal&uuid=e24fbfe327e5424daa5214f145357092&skuId=6125098795518&forcePC=1784020334502","P1","07-17","65141077114","54.26","","20-40美金","20-40单","高价品"
"1","真皮纳帕汽车座椅套,防水透气,全套座椅套,极致舒适。特价优惠。","黑色 1 套*3 件","54.1","https://cf.shopee.co.th/file/th-11134207-7ra0t-mc1w8z4tz51vdf","https://TH.xiapibuy.com/product/309627813/44203439237","汽车内饰配件","座椅及座椅套","IVCN2026061517377","285688445955","https://detail.1688.com/offer/924036632878.html?spm=a26352.b28411319/2508.0.0","P1","07-17","285688445955","54.1","","40-60美金","20-40单","高价品"
"1","A10 前后双摄行车记录仪 - 全高清 1080P,清晰的日夜视野","A11+32G","54.06","https://cf.shopee.co.th/file/th-11134207-7ra0q-mcmc7vnozumd51","https://TH.xiapibuy.com/product/352800887/9062284418","汽车内饰配件","摄像机和停车摄像头","IVCN2026041039475","227789168111","https://detail.1688.com/offer/956401940447.html?kj_agent_plugin=aliprice&fromkv=xytTrace:0b0fdc4f17841119095708187e0f20&token=I5jlrBMi%2FFgKsPi6nXsMRwI5veWkl1jlBWedkx3qP3vDe3hAlevpFRbw1IhHsA7U","P1","07-17","227789168111","54.06","","20-40美金","20-40单","高价品"
"1","适用于日野Mega 500/700的HINO Mega 500前大灯（带线束,不含灯泡）","一对","54","https://cf.shopee.co.th/file/th-11134207-7r98z-lr8pdq7gswvia0","https://TH.xiapibuy.com/product/599749946/24612037666","汽车零部件","电子","IVCN202605137287","250304145124","https://detail.1688.com/offer/661150263892.html?kj_agent_plugin=aliprice&fromkv=xytTrace:212b5ecd17840124952944774e0e18&token=qjc8mZITpP0Yz%2B2vbKQ5KMfmMOOdOi5kJRjxw3MCXSdSe4V%2BaYjT1HMpMjaXGbPB","P0","07-17","250304145124","54","","40-60美金","20-40单","高价品"
"1","适用于久保田L3408/L3608/L4508/L4708、M5000（久保田拖拉机水泵）的水泵。包含水泵垫片。售后配件。","适用于久保田L3408/L3608/L4508/L4708、M5000（久保田拖拉机水泵）的水泵。包含水泵垫片。售后配件。","53.96","","https://TH.xiapibuy.com/product/255178350/22976417002","汽车零部件","发动机零件","IVCN202605139547","49687026517","https://detail.1688.com/offer/912464187542.html?kj_agent_plugin=aliprice&fromkv=xytTrace:21360a2e17661184393798797e10e2&token=hD9F9G2Th%2BWpbZedwIfcdRpN%2Bw94YecXBK0g5ZU%2FIpKbaRmGDD9tay0Sr%2FdPgysk","P1","07-17","49687026517","53.96","","20-40美金","20-40单","高价品"
"1","【快速发货】拉断电机、拉断电磁阀、五十铃 NPR 24V 挖掘机配件、铃木三通熄火开关、发动机电磁阀","【快速发货】拉断电机、拉断电磁阀、五十铃 NPR 24V 挖掘机配件、铃木三通熄火开关、发动机电磁阀","53.79","","https://TH.xiapibuy.com/product/1526533159/45509472329","汽车零部件","电子","IVCN2026071011814","405835655293","无同款","P1","07-17","405835655293","53.79","","20-40美金","20-40单","高价品"
"1","【三年质保】XUDA 二合一有线转无线 CarPlay 安卓车载适配器,适用于原厂车载音响,带 USB 加密狗智能迷你盒,即插即用蓝牙","旭大银（升级版）","53.78","https://cf.shopee.ph/file/cn-11134207-820l4-mn5dhlbsaz2a70","https://PH.xiapibuy.com/product/1456807584/50856083278","汽车内饰配件","其他的","IVCN2026071013612","345796979699","https://detail.1688.com/offer/1054335618444.html?fromkv=cbuPcPlugin:imageSearchDrawerCard&spm=a2639h.29135425.offerlist.i2&source=action%23offerItem%3Borigin%23cf.shopee.ph&amug_biz=oneself&amug_fl_src=awakeId_982","P1","07-17","345796979699","53.78","","20-40美金","20-40单","高价品"
"1","新款 A6T+32GB 行车记录仪：前后均可录制全高清 1080P 视频,配备 4 英寸触摸屏和停车模式。","A6T【1080P】","53.67","https://cf.shopee.co.th/file/sg-11134201-82620-mjz2pwnutr0iad","https://TH.xiapibuy.com/product/1658899283/50605378020","汽车内饰配件","摄像机和停车摄像头","IVCN202607109174","430490864649","https://detail.1688.com/offer/967345883509.html?fromkv=cbuPcPlugin:imageSearchDrawerCard&spm=a2639h.29135425.offerlist.i0&source=action%23offerItem%3Borigin%23cf.shopee.co.th&amug_biz=oneself&amug_fl_src=awakeId_982https://detail.1688.com/offer/1016118558877.html?fromkv=cbuPcPlugin:imageSearchDrawerCard&spm=a2639h.29135425.offerlist.i1&source=action%23offerItem%3Borigin%23cf.shopee.co.th&amug_biz=oneself&amug_fl_src=awakeId_982","P1","07-17","430490864649","53.67","","20-40美金","20-40单","高价品"
"1","C-236 大功率汽车功放 3200W 改装双通道 2通道","C-236 大功率汽车功放 3200W 改装双通道 2通道","53.48","","https://BR.xiapibuy.com/product/1432047236/54852765079","汽车内饰配件","功放、扬声器和低音炮","IVCN2026061520917","415266285349","https://detail.1688.com/offer/669604576369.html?fromkv=cbuPcPlugin:imageSearchDrawerCard&spm=a2639h.29135425.offerlist.i0&source=action%23offerItem%3Borigin%23shopee.com.br&amug_biz=oneself&amug_fl_src=awakeId_982","P1","07-17","415266285349","53.48","","80-100美金","20-40单","高价品"
"1","改装版 3200W 大功率双声道汽车功放。","改装版 3200W 大功率双声道汽车功放。","53.48","","https://BR.xiapibuy.com/product/1171894916/43977044769","汽车内饰配件","功放、扬声器和低音炮","IVCN2026051319973","400259577726","相似款：https://detail.1688.com/offer/672142981551.html?kj_agent_plugin=aliprice&fromkv=xytTrace:0","P1","07-17","400259577726","53.48","","100-300美金","20-40单","高价品"
"1","TEXY🔥【现货】SUV充气床垫套装。将您的后座变成一张床。包含电动气泵。适用于所有SUV车型。","灰色与99%的汽车都很搭。","53.45","https://cf.shopee.co.th/file/th-11134207-81ztm-mfxvy9iygxl510","https://TH.xiapibuy.com/product/1639378918/40874743175","汽车内饰配件","汽车床垫","IVCN202604232141","272005638869","https://detail.1688.com/offer/935486481382.html?fromkv=cbuPcPlugin:imageSearchDrawerCard&spm=a2639h.29135425.offerlist.i0&source=action%23offerItem%3Borigin%23shopee.co.th&amug_biz=oneself&amug_fl_src=awakeId_982","P1","07-17","272005638869","53.45","","20-40美金","20-40单","高价品"
"1","适用于 2002-2006 款 DMAX 的 DMAX 大灯,也适用于 D-MAX/MU7（不含灯泡或线束）。","一对灯（右+左）","53.35","https://cf.shopee.co.th/file/sg-11134201-7rdvg-m1dvo12jhuvr78","https://TH.xiapibuy.com/product/264453854/29914067216","汽车零部件","电子","IVCN202605130457","195460607949","https://detail.1688.com/offer/867047258511.html?kj_agent_plugin=aliprice&fromkv=xytTrace:2132815517840165781543656e0ce0&token=LYcVk%2BDgXp%2BHXBMKDHP57Dk8m%2BDAKX%2B4gwCGehXuTSrOsA89G0g9pxY0vNZSsJt2","P1","07-17","195460607949","53.35","","40-60美金","20-40单","高价品"
"1","ANTETSI 电动气泵,双缸,200W,36升/分钟,便携式压缩气泵","指针 + 收纳袋","53.32","https://cf.shopee.co.th/file/th-11134207-7rasj-mauywcacfxbof5","https://TH.xiapibuy.com/product/471694642/28687483517","汽车工具","轮胎压力检测器","IVCN2026071012934","234286727298","https://detail.1688.com/offer/996017811836.html?spm=a26352.b28411319/2508.0.0","P1","07-17","234286727298","53.32","","20-40美金","20-40单","高价品"
"1","【三年质保】XUDA 二合一有线转无线 CarPlay 安卓车载适配器,适用于原厂车载音响,带 USB 加密狗智能迷你盒,即插即用蓝牙","XUDA 枪灰色（升级版）","53.22","https://cf.shopee.ph/file/cn-11134207-820l4-mn5difzb8s8w1a","https://PH.xiapibuy.com/product/1456807584/50856083278","汽车内饰配件","其他的","IVCN2026061519379","345796979700","https://detail.1688.com/offer/1055323109194.html?fromkv=cbuPcPlugin:imageSearchDrawerCard&spm=a2639h.29135425.offerlist.i6&source=action%23offerItem%3Borigin%23cf.shopee.ph&amug_biz=oneself&amug_fl_src=awakeId_982","P1","07-17","345796979700","53.22","","100-300美金","20-40单","高价品"
"1","14件套散热器压力表组。用于检查散热器泄漏、测试散热器和检测水箱泄漏。","红色的","53.16","","https://TH.xiapibuy.com/product/426549836/42514075889","汽车零部件","散热器、发动机冷却和气候控制","IVCN2026031330438","261159865464","https://detail.1688.com/offer/653797405856.html?spm=a26352.b28411319/2508.0.0","P1","07-17","261159865464","53.16","","20-40美金","20-40单","高价品"
"1","电池断路开关,240A 12V 遥控电池切断开关,带遥控功能的汽车配件","2个遥控器","53.11","https://cf.shopee.com.my/file/sg-11134201-7rd68-m7lm0e4qjz253b","https://MY.xiapibuy.com/product/490091699/29480138709","汽车零部件","电子","IVCN202605134943","237540895755","https://detail.1688.com/offer/900159226229.html?kj_agent_plugin=aliprice&fromkv=xytTrace:0","P1","07-17","237540895755","53.11","","40-60美金","20-40单","高价品"
"1","Opcom V1.99 Pic18F458 / Ftdi CAN总线诊断工具芯片,适用于欧宝OBD2汽车扫描仪","Opcom V1.99 Pic18F458 / Ftdi CAN总线诊断工具芯片,适用于欧宝OBD2汽车扫描仪","53.1","","https://BR.xiapibuy.com/product/446013155/10340387860","汽车工具","测试、诊断和维修工具","IVCN2026031321724","37134086715","相似款：https://detail.1688.com/offer/726256508586.html?spm=a26352.b28411319/2508.0.0","P1","07-17","37134086715","53.1","","20-40美金","20-40单","高价品"
"1","BYGD 智能电池充电器 6V-12V 5000mA 6857L","BYGD 智能电池充电器 6V-12V 5000mA 6857L","52.94","","https://TH.xiapibuy.com/product/3311469/8840595903","汽车零部件","电子","IVCN202605139149","44791704229","https://detail.1688.com/offer/642342163099.html?spm=a261y.7663282.3002526303362591.2.148e711eFkICET&sk=order&fromkv=cbuPcPlugin%3AimageSearchDrawerCard","P1","07-17","44791704229","52.94","","20-40美金","20-40单","高价品"
"1","7英寸高清无线CarPlay多媒体车载收音机触摸屏车载音响导航多功能蓝牙MP5 USB TF FM","MP5-7018","52.79","https://cf.shopee.co.th/file/cn-11134207-7ras8-m1wec53y65nx13","https://TH.xiapibuy.com/product/924461057/27365756662","汽车内饰配件","导航和AV接收器","IVCN202607108900","99030701844","相似款：https://detail.1688.com/offer/735144464275.html?fromkv=cbuPcPlugin:imageSearchDrawerCard&spm=a2639h.29135425.offerlist.i0&source=action%23offerItem%3Borigin%23cf.shopee.co.th&amug_biz=oneself&amug_fl_src=awakeId_982","P1","07-17","99030701844","52.79","","100-300美金","20-40单","高价品"
"1","3.5英寸LED工作灯 白色雾灯 LED行驶灯 适用于越野车 4x4 SUV 卡车辅助灯 摩托车辅助驾驶灯","白色（2件）","52.79","https://cf.shopee.com.my/file/sg-11134201-7rdx4-mcvyjk0nc053d1","https://MY.xiapibuy.com/product/293207013/42711170615","汽车零部件","电子","IVCN2026071014168","260937528436","https://detail.1688.com/offer/1011172419251.html?kj_agent_plugin=aliprice&fromkv=xytTrace:0","P1","07-17","260937528436","52.79","","20-40美金","20-40单","高价品"
"1","7英寸单DIN MP5多媒体播放器触摸屏显示器车载MP5播放器USB镜像链接通用","7012（带摄像头）","52.74","https://cf.shopee.ph/file/cn-11134207-7ras8-mbdku8zrgb3l8d","https://PH.xiapibuy.com/product/886143812/28919881035","汽车内饰配件","导航和AV接收器","IVCN2026071011192","285489443960","相似款：https://detail.1688.com/offer/735144464275.html?fromkv=cbuPcPlugin:imageSearchDrawerCard&spm=a2639h.29135425.offerlist.i0&source=action%23offerItem%3Borigin%23cf.shopee.ph&amug_biz=oneself&amug_fl_src=awakeId_982","P1","07-17","285489443960","52.74","","20-40美金","20-40单","高价品"
"4","✅包含图中所示的所有配件‼️ SM2T 油浸式增压表 60-35 psi,带图中所示的安装套件和 2 米软管。（仅选择 SMT-01 安装支架）。","白色表圈,黑色钛金属饰面,F 型表盘,35 磅重的表盘。","52.73","https://cf.shopee.co.th/file/th-11134207-7r990-lty5ksl9e8qpf0","https://TH.xiapibuy.com/product/90697320/3718266813","汽车内饰配件","抬头显示器、速度表和仪表","IVCN2026061511433","240614579645","无同款","P1","07-17","240614579645","52.73","","20-40美金","20-40单","高价品"
"1","10 年保修 全高清 4K 行车记录仪 + WIFI + 3 个摄像头 支持 24 小时停车录像,可通过手机 WiFi 查看,包含 32/64/128GB 存储卡。","3个摄像头,没有内存。","52.47","https://cf.shopee.co.th/file/th-11134207-81ztn-meff0kbtep6tb7","https://TH.xiapibuy.com/product/1474191266/41468186797","汽车内饰配件","摄像机和停车摄像头","IVCN202604232197","281495177905","https://detail.1688.com/offer/974344802631.html?kj_agent_plugin=aliprice&fromkv=xytTrace:0","P1","07-17","281495177905","52.47","","60-80美金","20-40单","高价品"
"2","磷酸铁锂电池充电器,14.6V 30Ah 和 29.2V 20Ah 型号。","14.6V 30Ah 型号","52.18","https://cf.shopee.co.th/file/th-11134207-7r98o-lwh913cb8drk8c","https://TH.xiapibuy.com/product/131816137/28452779944","汽车零部件","电子","IVCN2026051323917","185172540572","相似款：https://detail.1688.com/offer/961792158335.html?kj_agent_plugin=aliprice&fromkv=xytTrace:2132815517840239751493803e0da6&token=DICb43Ll4WN6VjOFRWZTO6p5MVcWbA2Gt6NegETGMNQBXDLrxQEe%2By6H9MYn%2BJ8p","P1","07-17","185172540572","52.18","","60-80美金","20-40单","高价品"
"2","磷酸铁锂电池充电器,14.6V 30Ah 和 29.2V 20Ah 型号。","29.2V 20Ah 型号","52.16","https://cf.shopee.co.th/file/th-11134207-7r98q-lwh913cb9sc0d3","https://TH.xiapibuy.com/product/131816137/28452779944","汽车零部件","电子","IVCN2026051323917","185172540573","相似款：https://detail.1688.com/offer/961792158335.html?kj_agent_plugin=aliprice&fromkv=xytTrace:2132815517840239751493803e0da6&token=DICb43Ll4WN6VjOFRWZTO6p5MVcWbA2Gt6NegETGMNQBXDLrxQEe%2By6H9MYn%2BJ8p","P1","07-17","185172540573","52.16","","60-80美金","20-40单","高价品"
"1","DESSINO 免费赠送 64GB 存储卡 4合1 三镜头高清行车记录仪 DVR 行车记录仪","四合一行车记录仪 + 64GB","52","https://cf.shopee.com.my/file/my-11134207-820la-mnmicch6evb423","https://MY.xiapibuy.com/product/330473539/20272179016","汽车内饰配件","摄像机和停车摄像头","IVCN202507295293","220898030274","链接无对应model","P0","07-17","220898030274","52","","20-40美金","20-40单","高价品"
"1","🔥190安培改装开关电源,适用于汽车音响系统,静音风扇款,14.0-14.5伏","460W + 4米连接线","51.94","https://cf.shopee.co.th/file/sg-11134201-824is-mpytejr6pmgwd6","https://TH.xiapibuy.com/product/1810877727/42032075698","汽车零部件","电子","IVCN2026071012640","196405798817","相似款：https://detail.1688.com/offer/1061920746981.html?kj_agent_plugin=aliprice&fromkv=xytTrace:0https://detail.1688.com/offer/1037575232456.html?kj_agent_plugin=aliprice&fromkv=xytTrace:0","P1","07-17","196405798817","51.94","","20-40美金","20-40单","高价品"
"1","液压压力表挖掘机液压压力测试套件,带测试软管接头和压力表","白色的","51.83","https://cf.shopee.ph/file/843f0512a474b9689f5e9d8a33ea64c9","https://PH.xiapibuy.com/product/360983503/14677387259","汽车工具","测试、诊断和维修工具","IVCN2026031325658","172090755764","相似款：https://detail.1688.com/offer/962682321979.html?kj_agent_plugin=aliprice&fromkv=xytTrace:0b51056217749423846722141e0f6d&token=xBwIobAgJ%2BEqC%2BGbxG9Q6TB%2FJ7XJ7u0mqyMMkzEt8ErTt0xV4Xn508x3xHx%2FSXXX","P1","07-17","172090755764","51.83","","20-40美金","20-40单","高价品"
"1","适用于长安迪帕S05车身防虫网、进气口防尘网,改装车配件。","UP - 亮黑色","51.74","https://cf.shopee.co.th/file/th-11134207-81ztl-mn5kfzcvdvk5a0","https://TH.xiapibuy.com/product/1307663892/49351786448","汽车内饰配件","遮阳罩和仪表盘罩","IVCN2026041049435","400163374858","https://detail.1688.com/offer/857755456891.html?kj_agent_plugin=aliprice&fromkv=xytTrace:0b0fdc4f17725953754055920e0e6f&token=EcAeo4V%2BYDItrEr5kJEoMO8nrfaOE0xwxVrqwL%2B8O7%2Fxl2XaflXXhuxp%2B3Gpn9PQ","P1","07-17","400163374858","51.74","","40-60美金","20-40单","高价品"
"1","怠速空气控制阀（IACV）适用于思域（1.6升,1996-1999年）和HR-V（1.6升,1999年及之后车型）,零件号：16022-P2E-A51","怠速空气控制阀（IACV）适用于思域（1.6升,1996-1999年）和HR-V（1.6升,1999年及之后车型）,零件号：16022-P2E-A51","51.61","","https://PH.xiapibuy.com/product/869014615/21284562877","汽车零部件","发动机零件","IVCN2026061513095","222065412721","https://detail.1688.com/offer/650370294353.html?kj_agent_plugin=aliprice&fromkv=xytTrace:0","P1","07-17","222065412721","51.61","","20-40美金","20-40单","高价品"
"1","【现货速发】30ml纳米陶瓷涂层专业疏水漆面保护剂,耐高温","【现货速发】30ml纳米陶瓷涂层专业疏水漆面保护剂,耐高温","51.54","","https://MY.xiapibuy.com/product/98789337/1639567683","汽车保养","抛光剂、涂层和密封剂","IVCN2026041033633","70274049906","https://detail.1688.com/offer/576522674368.html?spm=a26352.b28411319.offerlist.5.1bee1e62QMZopr","P1","07-17","70274049906","51.54","","40-60美金","20-40单","高价品"
"1","Maruni MR12轮胎补片套装。一盒包含10片子午线轮胎补片。适用于修补卡车和轿车轮胎。","Maruni MR12轮胎补片套装。一盒包含10片子午线轮胎补片。适用于修补卡车和轿车轮胎。","51.52","","https://TH.xiapibuy.com/product/47515160/4415488367","汽车工具","测试、诊断和维修工具","IVCN2026051312901","72159476787","https://detail.1688.com/offer/739300322779.html?kj_agent_plugin=aliprice&fromkv=xytTrace:0","P1","07-17","72159476787","51.52","","80-100美金","20-40单","高价品"
"1","通用汽车三点式自动回缩安全带,适用于公共汽车、卡车、高尔夫球车的改装安全带","红色,2件","51.42","https://cf.shopee.ph/file/sg-11134201-7rd61-luhl0ta4o93aa8","https://PH.xiapibuy.com/product/322937636/25276317950","汽车内饰配件","座椅及座椅套","IVCN202607107406","240705080517","https://detail.1688.com/offer/722069420996.html?fromkv=cbuPcPlugin:imageSearchDrawerCard&spm=a2639h.29135425.offerlist.i0&source=action%23offerItem%3Borigin%23cf.shopee.ph&amug_biz=oneself&amug_fl_src=awakeId_982","P1","07-17","240705080517","51.42","","20-40美金","20-40单","高价品"
"1","汽车应急启动电源 99800mAh 12V 汽车启动电源 带气泵 可充电应急电源 带气泵启动装置 电池充电器","红色+气泵","51.38","https://cf.shopee.ph/file/sg-11134201-7rdvl-md37y622vqnrb4","https://PH.xiapibuy.com/product/1597067482/40561760289","汽车零部件","电子","IVCN2026061518087","300985252488","https://detail.1688.com/offer/670811027075.html?kj_agent_plugin=aliprice&fromkv=xytTrace:0bf89a7417840166347396342e0f8f&token=MxJqcEM4e4mMfTecTinmdivUOFvNcitKDLFp2SVhoIK1KMtX9Xw2s6%2FSPJEXvgDn","P1","07-17","300985252488","51.38","","20-40美金","20-40单","高价品"
"1","（2爪）自动变速器离合器弹簧压缩器拆装工具","2个颚","51.2","https://cf.shopee.com.my/file/my-11134207-7r98y-lv02n67gbpmb7a","https://MY.xiapibuy.com/product/41530361/20996520417","汽车工具","测试、诊断和维修工具","IVCN202605138671","255779778624","相似款：https://detail.1688.com/offer/754895861371.html?kj_agent_plugin=aliprice&fromkv=xytTrace%3A0&tracelog=cps&clickid=5716239ac5476b23ccef2a2c72083c76&targetUrl=https%3A%2F%2Fs.click.1688.com%2Ft%3Fe%3DA6FEAF87A2FCFBDD05C1BD6ABB449CE46147FC88EA630CBAC31FEFBD3966EDE4DF88C915D5486E33D1003E749B3EAAA5861098A75E16F4D226600F2847DABD1A5F0FFA4FF39BCCC35D4A0294209373FA2CFF9D55E8CA7ECE822085797F22497C11AFC4E72AD5DEAC90C3C2AE4A47823CCE76E09E9764D16F8FEDB54E28BB16514C91761A381F62ED929D04AFE7C43261C670F1D7AE0CE9DC15AE6EE177123D161B66CC4BCA21E1FF7991234137A8D45349FBAFDCB2E7A79B94A8A71C11D17A9F9FFD3EE48F301BCEBB785DF7D4A8CFB258B65C0956D7AF1DDA973C4402CDCCDAA76AD6CDBC3A21C6BBE297F230BD66868507641A27992FA35DD1EE45C663D3EE%26cbu_cps_trace_flag%3Dwrite","P1","07-17","255779778624","51.2","","20-40美金","20-40单","高价品"
"1","Aion Y Plus 磁吸式遮阳帘可吸收热量并提供隐私。","6个侧窗","51.09","https://cf.shopee.co.th/file/cn-11134207-7ras8-m1v4af15t6wk61","https://TH.xiapibuy.com/product/992185921/25285565487","汽车内饰配件","遮阳罩和仪表盘罩","IVCN2026041037335","197920928682","相似款：https://detail.1688.com/offer/986581569139.html?spm=a26352.b28411319/2508.0.0","P1","07-17","197920928682","51.09","","20-40美金","20-40单","高价品"
"1","FNKvision 行车记录仪,全高清 WDR,4.0 英寸 IPS 屏幕,1296P 全高清双摄像头,WDR 动态范围（夜视清晰）,高清夜视功能","V1","50.97","https://cf.shopee.co.th/file/sg-11134201-22100-29whcblinoive3","https://TH.xiapibuy.com/product/204551805/9927469634","汽车内饰配件","摄像机和停车摄像头","IVCN202602112023","78728954169","https://detail.1688.com/offer/669917466631.html?kj_agent_plugin=aliprice&fromkv=xytTrace:0","P1","07-17","78728954169","50.97","","20-40美金","20-40单","高价品"
"1","Lambda 探针 Pre Fiat Uno Mille Fire Flex 2005 至 2008","Lambda 探针 Pre Fiat Uno Mille Fire Flex 2005 至 2008","50.91","","https://BR.xiapibuy.com/product/1423755191/42806508097","汽车零部件","电子","IVCN2026071012752","253572413953","https://detail.1688.com/offer/851901383209.html?kj_agent_plugin=aliprice&fromkv=xytTrace:0","P1","07-17","253572413953","50.91","","20-40美金","20-40单","高价品"
"2","适用于雷诺 Clio II 98-05 和 Clio Mk III 两厢/厢式货车 05 年及以后车型的 1 个后高位第三刹车灯 LED 3A。","1片红色镜片","50.91","https://cf.shopee.com.br/file/cn-11134207-7ras8-m4lehbahb8zt4b","https://BR.xiapibuy.com/product/1025629375/28172737412","汽车零部件","电子","IVCN202605136731","247413058672","https://detail.1688.com/offer/627423687854.html?kj_agent_plugin=aliprice&fromkv=xytTrace:2108837b17840229105886536e0e77&token=O7XvqVm4zInWZzEibdflgAR6sTTmjsJnJCJC2sJdm38uKM5sENDXuJOPdiUS1IxI","P1","07-17","247413058672","50.91","","20-40美金","20-40单","高价品"
"1","超值套装！Maruni 胶水 + MU-00 补胎片。Maruni 绿色补胎胶水（200ml）搭配 Maruni MU-00 补胎片。","超值套装！Maruni 胶水 + MU-00 补胎片。Maruni 绿色补胎胶水（200ml）搭配 Maruni MU-00 补胎片。","50.65","","https://TH.xiapibuy.com/product/47515160/23179674330","汽车零部件","轮胎及配件","IVCN2026021112185","232005095199","无同款","P1","07-17","232005095199","50.65","","60-80美金","20-40单","高价品"
"1","6800W 12V 大功率汽车四路功放 – 高保真音响立体声,适用于低音炮","带标志","50.6","https://cf.shopee.ph/file/cn-11134207-820l4-mhln047i5l3444","https://PH.xiapibuy.com/product/1536785633/41976846470","汽车内饰配件","功放、扬声器和低音炮","IVCN202607108492","254104083616","https://detail.1688.com/offer/1052638438229.html?fromkv=cbuPcPlugin:imageSearchDrawerCard&spm=a2639h.29135425.offerlist.i1&source=action%23offerItem%3Borigin%23cf.shopee.ph&amug_biz=oneself&amug_fl_src=awakeId_982","P1","07-17","254104083616","50.6","","20-40美金","20-40单","高价品"
"1","DA逆变器,1000瓦,12伏转220伏型号。真正的纯正弦波逆变器,将直流电转换为交流电,适用于汽车。","DA逆变器,1000瓦,12伏转220伏型号。真正的纯正弦波逆变器,将直流电转换为交流电,适用于汽车。","50.58","","https://TH.xiapibuy.com/product/475525996/19583875080","汽车零部件","电子","IVCN202605130283","194562507754","https://detail.1688.com/offer/990430973135.html?fromkv=cbuPcPlugin:imageSearchDrawerCard&spm=a2639h.29135425.offerlist.i5&source=action%23offerItem%3Borigin%23shopee.co.th&amug_biz=oneself&amug_fl_src=awakeId_982","P1","07-17","194562507754","50.58","","20-40美金","20-40单","高价品"
"1","6-6英寸​​轮毂适配器,直径18毫米,轮毂中心孔径106毫米,6x139.7螺栓孔距,厚度18毫米,黑色。为您的爱车增添运动、时尚和独特的外观。","2 面（1 对）","50.51","https://cf.shopee.co.th/file/th-11134207-7ra0h-mbc7r9vemkae86","https://TH.xiapibuy.com/product/338359576/25745663113","汽车零部件","电子","IVCN2026071010818","270471863223","https://detail.1688.com/offer/1040525412836.html?spm=a26352.b28411319/2508.0.0","P1","07-17","270471863223","50.51","","20-40美金","20-40单","高价品"
"1","【新品！】V2 WiFi行车记录仪,1080p高清,App可查看,150度广角,DVR行车记录仪视频录制","Wi-Fi V2. 摄像头 + 存储卡","50.49","https://cf.shopee.co.th/file/th-11134207-7rasf-m0pojl2p44hm92","https://TH.xiapibuy.com/product/176071463/25136554747","汽车内饰配件","摄像机和停车摄像头","IVCN202604231985","251685479954","https://detail.1688.com/offer/684478773875.html?kj_agent_plugin=aliprice&fromkv=xytTrace%3A0&tracelog=cps&clickid=b422d99b234699d85a7778a61c87ed06https://detail.1688.com/offer/38371661317.html?spm=a26352.13672862.offerlist.15.6cc21e62SwFMMr&cosite=-&tracelog=p4p&_p_isad=1&clickid=80e96f8b3b044bf2bfec30af75d9d0ce&sessionid=61ed850555d997e6a01e0854f209ebf3","P1","07-17","251685479954","50.49","","60-80美金","20-40单","高价品"
"1","ND方向盘。红色缝线刺绣,轻质铝合金辐条,2.5英寸中心偏移,13.5英寸周长,柔软打孔皮革,通风良好。","黑色的","50.44","https://cf.shopee.co.th/file/th-11134207-7rase-m9k1v3jwds6m57","https://TH.xiapibuy.com/product/381358041/41250318822","汽车内饰配件","方向盘及方向盘套","IVCN202604232183","280026091884","https://detail.1688.com/offer/981751203431.html?fromkv=cbuPcPlugin:imageSearchDrawerCard&spm=a2639h.29135425.offerlist.i7&source=action%23offerItem%3Borigin%23shopee.co.th&amug_biz=oneself&amug_fl_src=awakeId_982","P1","07-17","280026091884","50.44","","20-40美金","20-40单","高价品"
"1","适用于五十铃D-Max共轨、Mu-7、雪佛兰Colorado的蒸发器盘管、空调蒸发器、空调面板。","适用于五十铃D-Max共轨、Mu-7、雪佛兰Colorado的蒸发器盘管、空调蒸发器、空调面板。","50.44","","https://TH.xiapibuy.com/product/283698593/27152727812","汽车零部件","散热器、发动机冷却和气候控制","IVCN202604231503","215171368555","相似款：https://detail.1688.com/offer/900110555297.html?kj_agent_plugin=aliprice&fromkv=xytTrace:0bab14ad17646584368665130e0da2&token=qjwUpSq7ru99EVhqKDCKm3Zqz7San%2BhERpjqE9ybjK4ObmVMwVQh4vuGuiAOeIPh","P1","07-17","215171368555","50.44","","20-40美金","20-40单","高价品"
"1","轮胎修理机、定时轮胎修理机、轮胎修理设备、汽车轮胎修理工具,泰国制造。","轮胎修理炉","50.34","https://cf.shopee.co.th/file/sg-11134201-81zwn-mioblqw9gt1kd7","https://TH.xiapibuy.com/product/593690013/40777540808","汽车工具","其他的","IVCN2026051320605","415351350256","https://detail.1688.com/offer/540855542617.html?kj_agent_plugin=aliprice&fromkv=xytTrace:21080f7717744935976753936e0eb4&token=As5IK6KBDs%2BttduGL5%2FVoooyplI2SlZa6KyEQ5wKbCJ5MeKDI0TVCVV%2BOZKEPPyV","P1","07-17","415351350256","50.34","","20-40美金","20-40单","高价品"
"1","适用于70迈D02/D05/D08/PRO/Lite行车记录仪底座破损的支架,包括70迈底座外壳、支架和后盖。","封底","50.12","https://cf.shopee.com.my/file/cn-11134207-7ras8-ma6i3xcjrgxted","https://MY.xiapibuy.com/product/897845051/23262384701","汽车内饰配件","其他的","IVCN2026041039137","225877441388","无同款","P1","07-17","225877441388","50.12","","20-40美金","20-40单","高价品"
"1","适用于三菱 Triton、Pajero Sport 2005-2014 的蒸发器盘管、空调机组、空调冷凝器。","适用于三菱 Triton、Pajero Sport 2005-2014 的蒸发器盘管、空调机组、空调冷凝器。","50.1","","https://TH.xiapibuy.com/product/283698593/29964256658","汽车零部件","散热器、发动机冷却和气候控制","IVCN2026031329550","246790775046","相似款：https://detail.1688.com/offer/694016517584.html?spm=a26352.b28411319/2508.0.0","P1","07-17","246790775046","50.1","","20-40美金","20-40单","高价品"
"1","AEROPRO A612 数字充气枪","AEROPRO A612 数字充气枪","50","","https://TH.xiapibuy.com/product/125057402/9663216549","汽车工具","测试、诊断和维修工具","IVCN202606157367","92527885240","相似款：https://detail.1688.com/offer/564197738255.html?kj_agent_plugin=aliprice&fromkv=xytTrace%3A2154647417749420445167540e101e&token=Nyc3WFa1YJ1Bip60yaTjP4Cb6RBkNqNCGzXOLbz8ri3NxnGt7Y57hGSDVEB%2Bc5gG&tracelog=cps&clickid=a7221d7a90c09e19a53feeeaf643de96&targetUrl=https%3A%2F%2Fs.click.1688.com%2Ft%3Fe%3DD2DC7A927D55C03D6511A0CCA913FD65D6FA062685DFF8F7D920A558D1D5758C4B369BE324A83E744B8F19128B0D93E33FB8088B45F57B9E47F28FD2CC0E231B18AD4F779334558760FEF997084D4D5331EB6FC8DBCADED4C6C8CEEEE21320CC4BD39EA2FE12E3B10C8F8B604B36B14B898A857D4DBC5009617703ACA70A0FB9599FB13A791FCCFB348394BC3CC3C62B9992F8828C4BE892C435F2B1528158F5FDD52ED9B8F9C7D9142C72C77D26468AFCC563D7AC956025FF234C334786D14B19AB683A08E00B6503EF1CAEBAFCB782572BF7F9B2A228A978AF4FE32CC0C91D8BABCD28D2F303B9A304490902106900%26cbu_cps_trace_flag%3Dwrite","P0","07-17","92527885240","50","","20-40美金","20-40单","高价品"
"1","船用配电盘,带2个USB接口、5个开关和电压表","1套","50","https://cf.shopee.com.br/file/cn-11134207-820l4-mlcybukkpb0vca","https://BR.xiapibuy.com/product/1738554348/52056671325","汽车内饰配件","其他的","IVCN2026071010082","310600355387","https://detail.1688.com/offer/919743670199.html?kj_agent_plugin=aliprice&fromkv=xytTrace:0b0fdc4f17840251133024785e0dd1&token=cGH5QihNep9YW38eKtBuJEwBKChfV4ZDKfW9xXNOYdvimL1gYX8GBlDyEKbfPob7","P0","07-17","310600355387","50","","40-60美金","20-40单","高价品"
"1","Agya Ayla Accessories JSL 侧门车身饰条镀铬","Agya Ayla Accessories JSL 侧门车身饰条镀铬","50","","https://MY.xiapibuy.com/product/264645588/28506281911","汽车外饰配件","装饰","IVCN2026031329500","246265621204","相似款：https://detail.1688.com/offer/897315955148.html?kj_agent_plugin=aliprice&fromkv=xytTrace:212b5ecd17738241896801298e0e55&token=QcmftyNZCjxqxRLX4JwE6oR7qjrCEdb7Tsm7fsqizg2FdRg42IdDt8F0E26PSrDO","P0","07-17","246265621204","50","","20-40美金","20-40单","高价品"
"1","制动电阻器（铝制制动器）","1000W / 20 欧姆。","50","","https://TH.xiapibuy.com/product/3336772/41758654060","汽车零部件","电子","IVCN2026071011472","243630643453","相似款：https://detail.1688.com/offer/977516839305.html?kj_agent_plugin=aliprice&fromkv=xytTrace:0","P0","07-17","243630643453","50","","40-60美金","20-40单","高价品"
"1","12V汽车造型LED灯条格栅警示灯警示灯消防救护车汽车卡车车顶信号指示灯频闪安全灯条","16颗LED灯条,1条,红蓝光","50","https://cf.shopee.ph/file/sg-11134201-7rbk0-lkw10taukya530","https://PH.xiapibuy.com/product/804022868/23255649670","汽车零部件","电子","IVCN2026071011218","225660242724","https://detail.1688.com/offer/686476020781.html?fromkv=cbuPcPlugin:imageSearchDrawerCard&spm=a2639h.29135425.offerlist.i2&source=action%23offerItem%3Borigin%23cf.shopee.ph&amug_biz=oneself&amug_fl_src=awakeId_982","P0","07-17","225660242724","50","","20-40美金","20-40单","高价品"
"1","适用于本田锋范 TM0 2009~2014 GM2 GM3 的前大灯透镜罩","左 + 右","50","","https://TH.xiapibuy.com/product/674991695/17293162646","汽车零部件","电子","IVCN2026061512999","221096746565","相似款：https://detail.1688.com/offer/644233804009.html?fromkv=cbuPcPlugin:imageSearchDrawerCard&spm=a2639h.29135425.offerlist.i4&source=action%23offerItem%3Borigin%23shopee.co.th&amug_biz=oneself&amug_fl_src=awakeId_982","P0","07-17","221096746565","50","","20-40美金","20-40单","高价品"
"4","✅包含图中所示的所有配件‼️ SM2T 油浸式增压表 60-35 psi,带图中所示的安装套件和 2 米软管。（仅选择 SMT-01 安装支架）。","黑色叶状腿,黑色,35磅重的拨盘。","50","https://cf.shopee.co.th/file/th-11134207-7r98r-loe5uobe4fkvbb","https://TH.xiapibuy.com/product/90697320/3718266813","汽车内饰配件","抬头显示器、速度表和仪表","IVCN2026061511433","194765986881","无同款","P1","07-17","194765986881","50","","20-40美金","20-40单","高价品"
"1","适用于三菱 Mirage Attrage（2013-2019）的特惠*全新氧传感器。后（下）氧传感器,长线（1588A276）","适用于三菱 Mirage Attrage（2013-2019）的特惠*全新氧传感器。后（下）氧传感器,长线（1588A276）","50","","https://TH.xiapibuy.com/product/84629241/13204027436","汽车零部件","电子","IVCN2026071011164","130158540424","相似款：https://detail.1688.com/offer/761685711340.html?spm=a261y.7663282.3002526303362591.2.527d25d2Q2AV0Q&sk=order&fromkv=cbuPcPlugin%3AimageSearchDrawerCard","P0","07-17","130158540424","50","","20-40美金","20-40单","高价品"
"1","【3年保修】T603 WIFI 4K双摄像头行车记录仪,可通过手机App查看,全高清1296P,出色的夜视功能,泰语菜单。","T603（Wifi）","49.86","","https://TH.xiapibuy.com/product/264453854/43504778557","汽车内饰配件","摄像机和停车摄像头","IVCN2026021114903","270405835079","https://detail.1688.com/offer/740660503426.html?kj_agent_plugin=aliprice&fromkv=xytTrace:0b52090217660492081408934e0f01&token=jadvtmZuDVjZEoQJUo58qX2RozSIKuGw5sFGuYnNxKzhGCh94Jc%2FcFX%2FPS6RJ3eX","P1","07-17","270405835079","49.86","","20-40美金","20-40单","高价品"
"1","228W 9合1车载充电器适配器,带独立开关、直流输出口、PD快充、3个点烟器插座、电源分配器。","228W 9合1车载充电器适配器,带独立开关、直流输出口、PD快充、3个点烟器插座、电源分配器。","49.85","","https://TH.xiapibuy.com/product/904285680/40158251793","汽车内饰配件","USB充电器、FM和蓝牙发射器","IVCN202607109726","253619796763","https://detail.1688.com/offer/998660981160.html?spm=a26352.b28411319/2508.0.0","P1","07-17","253619796763","49.85","","20-40美金","20-40单","高价品"
"1","适用于各种电动自行车的1200W多用途注塑IC,48V-72V VC K1 V1速度控制器IC,适用于电动汽车","有线模塑集成电路","49.84","https://cf.shopee.vn/file/vn-11134207-81ztc-mlj049tpqxan3f","https://VN.xiapibuy.com/product/997865150/25197723572","汽车零部件","电子","IVCN202607107694","390111738275","https://detail.1688.com/offer/965623753190.html?kj_agent_plugin=aliprice&fromkv=xytTrace:2146938717840146238632941e0dd0&token=YpkiyaF%2Fye6vG2cbpzDgrUl11YYuyC4ZocEUbnNC4%2BXQL2HuDYOOMsjlFQe6i7QT","P1","07-17","390111738275","49.84","","20-40美金","20-40单","高价品"
"2","适用于雷诺 Clio II 98-05 和 Clio Mk III 两厢/厢式货车 05 年及以后车型的 1 个后高位第三刹车灯 LED 3A。","1片烟灰色镜片","49.73","https://cf.shopee.com.br/file/cn-11134207-7ras8-m4lehlqq0nhza3","https://BR.xiapibuy.com/product/1025629375/28172737412","汽车零部件","电子","IVCN202605136731","247413058673","https://detail.1688.com/offer/627423687854.html?kj_agent_plugin=aliprice&fromkv=xytTrace:2108837b17840229105886536e0e77&token=O7XvqVm4zInWZzEibdflgAR6sTTmjsJnJCJC2sJdm38uKM5sENDXuJOPdiUS1IxI","P1","07-17","247413058673","49.73","","20-40美金","20-40单","高价品"
"1","Harman 无源 12cm 双振膜低音炮 2.1 功率放大器带座椅","1","49.67","https://cf.shopee.vn/file/cn-11134207-820l4-mnwlyi0oa9s3b6","https://VN.xiapibuy.com/product/1702940537/51760005780","汽车内饰配件","功放、扬声器和低音炮","IVCN202607109626","325882700809","无同款","P1","07-17","325882700809","49.67","","20-40美金","20-40单","高价品"
"1","迷你 7 英寸高清电视显示器 800x480 便携式液晶屏幕,适用于汽车,带 DVD/CMMB,两个乘客输入。","迷你 7 英寸高清电视显示器 800x480 便携式液晶屏幕,适用于汽车,带 DVD/CMMB,两个乘客输入。","49.44","","https://BR.xiapibuy.com/product/243567764/26206197323","汽车内饰配件","导航和AV接收器","IVCN2026031324498","139012977900","https://detail.1688.com/offer/594566681296.html?kj_agent_plugin=aliprice&fromkv=xytTrace:210702e017641257400947165e17dc&token=u6Ffjc7YILE9Mdg0lAynPLujH30KJl%2FIVZaVchPt6k9byj0GKfy7%2BDtwR1Pyzyni","P1","07-17","139012977900","49.44","","300-500美金","20-40单","高价品"
"2","2 个动态 LED 转向灯,适用于大众 GOL、Saveiro、Voyage、FOX 和 UP 车型。","吸烟","49.39","https://cf.shopee.com.br/file/sg-11134201-7rff7-m35tzw63luwr1d","https://BR.xiapibuy.com/product/1251043237/27419131882","汽车零部件","电子","IVCN2026051316161","108525614918","相似款：https://detail.1688.com/offer/659949646140.html?kj_agent_plugin=aliprice&fromkv=xytTrace:212b9de517840210945023551e0ca4&token=gCzLtwDDRElOf8rOOA1YupdrmPKWG%2Be0at7ZYRjxxQxjKfrww1eshxClO1jsHqOg","P1","07-17","108525614918","49.39","","60-80美金","20-40单","高价品"
"1","曼谷发货。6000W纯正弦波逆变器,12V转220V汽车电源转换器/变压器。","12伏 6000瓦","49.38","https://cf.shopee.co.th/file/th-11134207-81ztp-mjaqlsbggqv6db","https://TH.xiapibuy.com/product/388496863/27064082578","汽车零部件","电子","IVCN202607107738","29527985574","https://detail.1688.com/offer/578231582731.html?kj_agent_plugin=aliprice&fromkv=xytTrace:0","P1","07-17","29527985574","49.38","","20-40美金","20-40单","高价品"
"1","适用于丰田 Vigo Champ 2011、2012、2013、2014 款的雾灯。全套配件,质量优良。","雾灯","49.19","https://cf.shopee.co.th/file/th-11134207-81ztm-mp50a0b6j7ri02","https://TH.xiapibuy.com/product/809677542/54461759449","汽车零部件","电子","IVCN2026071012770","416021784562","无同款","P1","07-17","416021784562","49.19","","20-40美金","20-40单","高价品"
"1","三菱原厂空气滤清器隔音储物盒 MIRAGE ATTRAGE 代码 1505a919","三菱原厂空气滤清器隔音储物盒 MIRAGE ATTRAGE 代码 1505a919","49.15","","https://PH.xiapibuy.com/product/750546764/21985439245","汽车零部件","其他的","IVCN2026031328620","232148485782","无同款","P1","07-17","232148485782","49.15","","20-40美金","20-40单","高价品"
"1","RIM SURAT BERANAK COMPLETE SET #RAYS #VOLK #CE28 #TE37 #RE30 #ZE40 #SPEC2 替换贴纸","RIM SURAT BERANAK COMPLETE SET #RAYS #VOLK #CE28 #TE37 #RE30 #ZE40 #SPEC2 替换贴纸","49.01","","https://MY.xiapibuy.com/product/31996520/6700004886","汽车零部件","车轮、轮辋及配件","IVCN202605137345","31054784750","无同款","P1","07-17","31054784750","49.01","","20-40美金","20-40单","高价品"
"2","用于车轮平衡的不锈钢铅块,黑色和灰色涂层,5/10克（60克）,100块装。蓝色胶带,黑色和灰色铅块,粘性型。","100根灰色涂层钢丝","49","https://cf.shopee.co.th/file/th-11134207-81zth-mgeuc6b6f6drd1","https://TH.xiapibuy.com/product/47515160/25060900335","汽车零部件","轮胎及配件","IVCN202605134253","232485522062","无同款","P1","07-17","232485522062","49","","20-40美金","20-40单","高价品"
"1","全新 ZOONDY 前大灯,双色 LED 系统,带投影透镜,S19Y / S11Y PRO,远近光,12V-80V。","S19Y-3 色平角短裤","49","https://cf.shopee.co.th/file/th-11134207-7rasd-m5wjk91brzjqe9","https://TH.xiapibuy.com/product/265140715/27175247741","汽车零部件","电子","IVCN2026071012884","223772716543","相似款：https://detail.1688.com/offer/1003214360723.html?spm=a26352.b28411319/2508.0.0&cosite=-&tracelog=p4p&_p_isad=1&clickid=95777f03929f4d3982b08e88f7f2086f&sessionid=a740d389b96e5e4f40707026f59ab27c","P0","07-17","223772716543","49","","40-60美金","20-40单","高价品"
"1","即插即用 Alphard 20 30 Vellfire 20 30 (2008-2022) AH30 ANH20 AH30 触摸式自动电动尾门继电器 agh20 anh30","埃尔法/威尔法30","48.97","https://cf.shopee.co.th/file/cn-11134207-7r98o-lukfps1v182m55","https://TH.xiapibuy.com/product/627002759/18695756502","汽车零部件","电子","IVCN2026071012466","187466167652","https://detail.1688.com/offer/630116952934.html?spm=a261y.7663282.3002526303362591.2.5c2a7053TNwGOD&sk=order&fromkv=cbuPcPlugin%3AimageSearchDrawerCard","P1","07-17","187466167652","48.97","","60-80美金","20-40单","高价品"
"4","适用于特斯拉 Model 3 Y YL 的钢化玻璃屏幕保护膜（2021-2026 款）,中央后导航贴膜,3 秒轻松安装。","哑光版,2025-2026 款,前后轮均为 16 英寸","48.94","https://cf.shopee.ph/file/sg-11134201-820ls-mnvwkmvuurcweb","https://PH.xiapibuy.com/product/1654750683/52609969733","汽车内饰配件","其他的","IVCN202607107720","400880763646","相似款：https://detail.1688.com/offer/747363904818.html?fromkv=cbuPcPlugin:imageSearchDrawerCard&spm=a2639h.29135425.offerlist.i0&source=action%23offerItem%3Borigin%23cf.shopee.ph&amug_biz=oneself&amug_fl_src=awakeId_982","P1","07-17","400880763646","48.94","","20-40美金","20-40单","高价品"
"4","✅包含图中所示的所有配件‼️ SM2T 油浸式增压表 60-35 psi,带图中所示的安装套件和 2 米软管。（仅选择 SMT-01 安装支架）。","白色,黑色叶子图案,60磅拨盘。","48.89","https://cf.shopee.co.th/file/th-11134207-7r98y-loe5ycrc9pr80c","https://TH.xiapibuy.com/product/90697320/3718266813","汽车内饰配件","抬头显示器、速度表和仪表","IVCN2026061511433","194765986884","无同款","P1","07-17","194765986884","48.89","","20-40美金","20-40单","高价品"
"1","适用于24V车辆、卡车、巴士、船舶及其他24V应用的发动机过热报警装置。一年质保。","适用于24V车辆、卡车、巴士、船舶及其他24V应用的发动机过热报警装置。一年质保。","48.69","","https://TH.xiapibuy.com/product/113937659/3419607845","汽车零部件","电子","IVCN2026071014410","80073256363","无同款","P1","07-17","80073256363","48.69","","20-40美金","20-40单","高价品"
"1","丰田 Fortuner 2011-2015 款镀铬尾灯（驾驶员/乘客侧）","左侧（驾驶员）","48.69","https://cf.shopee.ph/file/sg-11134201-824ic-mfax8su04ave79","https://PH.xiapibuy.com/product/1256909457/42972533393","汽车零部件","电子","IVCN2026071013988","286833496091","相似款：https://detail.1688.com/offer/670429385265.html?kj_agent_plugin=aliprice&fromkv=xytTrace:212b5ecd17840172198995388e0be1&token=A0bNc%2FWNt1e4BnN2jCGdy2qJIktmP3RlyBjaAPykLgV1cazTXsnFxjI355fN0p6R","P1","07-17","286833496091","48.69","","20-40美金","20-40单","高价品"
"1","Hi Spec 空调盘管清洁剂（1 箱 12 瓶）1200 毫升。适用于汽车和家用空调。白色强效清洁剂。","HI-Spec 红色（夏普）","48.65","https://cf.shopee.co.th/file/th-11134207-7qula-ljv0gxjc8qp22d","https://TH.xiapibuy.com/product/155395522/5944320535","汽车零部件","散热器、发动机冷却和气候控制","IVCN2026021110246","204473115224","无同款","P1","07-17","204473115224","48.65","","40-60美金","20-40单","高价品"
"1","哈曼被动式OEM超薄双振膜低音炮DIY改装汽车座椅2.1低音炮","单扬声器,通用型","48.54","https://cf.shopee.vn/file/cn-11134207-820l4-mnjyufehkxkz94","https://VN.xiapibuy.com/product/1702940537/52709567427","汽车内饰配件","功放、扬声器和低音炮","IVCN2026071011912","425845550302","无同款","P1","07-17","425845550302","48.54","","20-40美金","20-40单","高价品"
"1","300W 12/24V 齿轮电机,带日常升降变速箱。配备9个大功率减速齿轮。","12伏300瓦","48.51","https://cf.shopee.co.th/file/sg-11134201-821d0-mh5umomb00zvee","https://TH.xiapibuy.com/product/526965324/26301582793","汽车工具","其他的","IVCN202508288290","207552413460","https://detail.1688.com/offer/670244600428.html?kj_agent_plugin=aliprice&fromkv=xytTrace:0","P1","07-17","207552413460","48.51","","20-40美金","20-40单","高价品"
"1","2.5/3.0英寸汽车LED投影透镜大灯LED远近光H4 H7 9005 HB3 9006 HB4 LED灯6000K大灯透镜","2.5英寸 2件","48.41","https://cf.shopee.co.th/file/sg-11134201-8261c-ml5sh6x8wlca9a","https://TH.xiapibuy.com/product/1673888146/49456487186","汽车零部件","电子","IVCN202607107558","405581857937","相似款：https://detail.1688.com/offer/981962616139.html?fromkv=cbuPcPlugin:imageSearchDrawerCard&spm=a2639h.29135425.offerlist.i1&source=action%23offerItem%3Borigin%23cf.shopee.co.th&amug_biz=oneself&amug_fl_src=awakeId_982","P1","07-17","405581857937","48.41","","20-40美金","20-40单","高价品"
"1","适用于五十铃D-Max 2012-2019的AM/FM收音机天线（黄色面板）","适用于五十铃D-Max 2012-2019的AM/FM收音机天线（黄色面板）","48.33","","https://TH.xiapibuy.com/product/481201645/20840038867","汽车外饰配件","天线","IVCN2026071013932","69037609258","无同款","P1","07-17","69037609258","48.33","","20-40美金","20-40单","高价品"
"1","适用于五十铃 Dmax 2012-2019 (SERA) 的 AM/FM 收音机天线 - 黄色面板。","适用于五十铃 Dmax 2012-2019 (SERA) 的 AM/FM 收音机天线 - 黄色面板。","48.33","","https://TH.xiapibuy.com/product/943551243/21774661700","汽车外饰配件","天线","IVCN2026071014180","137435294583","无同款","P1","07-17","137435294583","48.33","","20-40美金","20-40单","高价品"
"2","2 个动态 LED 转向灯,适用于大众 GOL、Saveiro、Voyage、FOX 和 UP 车型。","白色的","48.21","https://cf.shopee.com.br/file/sg-11134201-7rfhj-m35tzx34ay0r74","https://BR.xiapibuy.com/product/1251043237/27419131882","汽车零部件","电子","IVCN2026051316161","108525614919","相似款：https://detail.1688.com/offer/659949646140.html?kj_agent_plugin=aliprice&fromkv=xytTrace:212b9de517840210945023551e0ca4&token=gCzLtwDDRElOf8rOOA1YupdrmPKWG%2Be0at7ZYRjxxQxjKfrww1eshxClO1jsHqOg","P1","07-17","108525614919","48.21","","40-60美金","20-40单","高价品"
"1","通用型 OEM 摩纳哥五角变焦后视镜中央后视镜工程蓝镜防眩光广角","摩纳哥碳纤维外观","48.08","https://cf.shopee.com.my/file/my-11134207-7rasm-m27q4wx4zm4dfa","https://MY.xiapibuy.com/product/280183208/5643778546","汽车外饰配件","镜子及配件","IVCN2026031330204","256954156002","https://detail.1688.com/offer/689962324973.html?kj_agent_plugin=aliprice&fromkv=xytTrace:0bf8ca8917743432418197808e0dba&token=TFdi69ajsqH3sX6CMJ6SFzjB6742D8djDaEcW85eMjhz6iOVskn8YnYV9d3wA8bp","P1","07-17","256954156002","48.08","","20-40美金","20-40单","高价品"
"1","日产 March、Almera 2010-2014 的蒸发器盘管、空调蒸发器、空调面板 (1.2)。","日产 March、Almera 2010-2014 的蒸发器盘管、空调蒸发器、空调面板 (1.2)。","48.07","","https://TH.xiapibuy.com/product/283698593/28964259088","汽车零部件","散热器、发动机冷却和气候控制","IVCN2026031328376","226885810468","相似款：https://detail.1688.com/offer/694016517584.html?spm=a26352.b28411319/2508.0.0","P1","07-17","226885810468","48.07","","20-40美金","20-40单","高价品"
"1","隔音板,吸音板,汽车隔音板,1卷,3.2米长,隔音,防震,尺寸46厘米x320厘米,汽车隔音板。","黑色 3.2米","48.03","https://cf.shopee.co.th/file/th-11134207-23030-vc0p3w2vq6nv2b","https://TH.xiapibuy.com/product/793837520/22113077297","汽车内饰配件","其他的","IVCN202506120079","127288542622","https://detail.1688.com/offer/762962571637.html?kj_agent_plugin=aliprice&fromkv=xytTrace:0","P1","07-17","127288542622","48.03","","20-40美金","20-40单","高价品"
"1","GOOJODOQ 无线适配器,支持 CarPlay 和 Android Auto,零线缆束缚,稳定 5G,原厂控制,完全无线","黑色的","48","https://cf.shopee.vn/file/cn-11134207-820l4-moghcuvitgr321","https://VN.xiapibuy.com/product/1053077389/48059412386","汽车内饰配件","其他的","IVCN2026051321439","430830800943","相似款：https://detail.1688.com/offer/1036496060657.html?fromkv=cbuPcPlugin:imageSearchDrawerCard&spm=a2639h.29135425.offerlist.i0&source=action%23offerItem%3Borigin%23cf.shopee.co.th&amug_biz=oneself&amug_fl_src=awakeId_982","P0","07-17","430830800943","48","","100-300美金","20-40单","高价品"
"1","ESPOI电池开关,带锁定支架,12V-48V断路开关,重型300A通用电源切断隔离器,适用于船舶","#1","48","https://cf.shopee.co.th/file/sg-11134201-820nv-mnmwdorgz094b6","https://TH.xiapibuy.com/product/1618439095/41530698124","汽车零部件","电子","IVCN202607108290","350891663175","https://detail.1688.com/offer/882466919905.html?kj_agent_plugin=aliprice&fromkv=xytTrace:0","P0","07-17","350891663175","48","","20-40美金","20-40单","高价品"
"1","优质真牛皮方向盘套","黑线","48","https://cf.shopee.co.th/file/9b85cbf0d2fdea7b45777c378d30dca9","https://TH.xiapibuy.com/product/53079449/3179229486","汽车内饰配件","方向盘及方向盘套","IVCN2026031321668","33043841850","相似款：https://detail.1688.com/offer/976594289343.html?fromkv=cbuPcPlugin:imageSearchDrawerCard&sk=consign&spm=a2639h.29135442.offerlist.i6&source=action%23offerItem%3Borigin%23shopee.co.th&amug_biz=oneself&amug_fl_src=awakeId_982","P0","07-17","33043841850","48","","20-40美金","20-40单","高价品"
"4","✅包含图中所示的所有配件‼️ SM2T 油浸式增压表 60-35 psi,带图中所示的安装套件和 2 米软管。（仅选择 SMT-01 安装支架）。","全黑,黑色 F 型三通连接器,35 磅面板。","48","https://cf.shopee.co.th/file/th-11134207-7r991-lty5ksl9fnb5ba","https://TH.xiapibuy.com/product/90697320/3718266813","汽车内饰配件","抬头显示器、速度表和仪表","IVCN2026061511433","240614579647","相似款：https://detail.1688.com/offer/694462776174.html?kj_agent_plugin=aliprice&fromkv=xytTrace:0b51056217720016438405407e1033&token=%2FKWPSTC0%2Fyy9U%2B4xw3FyLUBxSOVqIra61biD94Xr6VGyEKdgVWZBuz6rccT5JBk0","P0","07-17","240614579647","48","","20-40美金","20-40单","高价品"
"1","适用于四门五十铃车型的原装电动车窗开关,包括2012-2019款D-MAX、全新D-MAX、MU-X、Colorado和Trailblazer。（不含外壳。）","自动升降","48","https://cf.shopee.co.th/file/sg-11134201-7rcdb-lsdmanq0bt9uf9","https://TH.xiapibuy.com/product/6871922/22648197626","汽车外饰配件","镜子及配件","IVCN2025111462441","158282636541","相似款：https://detail.1688.com/offer/857046317325.html?fromkv=cbuPcPlugin:imageSearchDrawerCard&spm=a2639h.29135425.offerlist.i7&source=action%23offerItem%3Borigin%23cf.shopee.co.th&amug_biz=oneself&amug_fl_src=awakeId_982","P0","07-17","158282636541","48","","20-40美金","20-40单","高价品"
"1","HOTOP 三合一通用亚麻汽车座椅垫套装（前后座均适用）3 件套 防滑可水洗透气保护垫","黑色全套","48","https://cf.shopee.com.my/file/cn-11134207-7r98o-lkqpzebkhxb5a2","https://MY.xiapibuy.com/product/1013658762/21183199699","汽车内饰配件","座椅及座椅套","IVCN2026051318013","127679876795","https://detail.1688.com/offer/582963077191.html?kj_agent_plugin=aliprice&fromkv=xytTrace:0","P0","07-17","127679876795","48","","20-40美金","20-40单","高价品"
"1","Millo 🚗 适用于所有车型。舒适的真皮材质 🚗 2026 年最新款 🚗 汽车座椅套、汽车座椅内饰、汽车座椅保护套、汽车座椅罩。","2 个座位（黑色）","47.97","https://cf.shopee.co.th/file/cn-11134207-7r98o-lwxygmhszb5xbc","https://TH.xiapibuy.com/product/1176288324/28303678165","汽车内饰配件","座椅及座椅套","IVCN2026031322040","49436560283","","P1","07-17","49436560283","47.97","","60-80美金","20-40单","高价品"
"1","适用于丰田海拉克斯、维戈、冠军KUN26 2011、2012、2013款的前保险杠雾灯","1 对（左和右）","47.92","","https://MY.xiapibuy.com/product/1268283208/29903029603","汽车零部件","电子","IVCN202605135213","241033288858","https://detail.1688.com/offer/674762559672.html?kj_agent_plugin=aliprice&fromkv=xytTrace:2146938717840165382984487e0d4c&token=Uk9WkaXXP12ZZBrpip7zZTDRly3RI8ZNNY7SW5cT8RO7Fh3TR%2BFCz5F62H2n89JB","P1","07-17","241033288858","47.92","","20-40美金","20-40单","高价品"
"1","久保田拖拉机座椅（加厚款）,适用于L3408-L3608-L4508、Iseki、Hinomoto等型号。运费极低。","久保田拖拉机座椅（加厚款）,适用于L3408-L3608-L4508、Iseki、Hinomoto等型号。运费极低。","47.84","","https://TH.xiapibuy.com/product/11297848/40000195726","汽车内饰配件","汽车床垫","IVCN2026051314691","300011841118","相似款：https://detail.1688.com/offer/912739649142.html?fromkv=cbuPcPlugin:imageSearchDrawerCard&spm=a2639h.29135425.offerlist.i0&source=action%23offerItem%3Borigin%23down-th.img.susercontent.com&amug_biz=oneself&amug_fl_src=awakeId_982","P1","07-17","300011841118","47.84","","20-40美金","20-40单","高价品"
"1","10 13 15 16 19 排 AN10 发动机变速箱 248mm 机油冷却器散热器 Mocal 款式 黑色","13 行黑色","47.84","https://cf.shopee.com.my/file/cn-11134207-7qukw-lhe7cmxbq31b01","https://MY.xiapibuy.com/product/307970416/22469429666","汽车零部件","散热器、发动机冷却和气候控制","IVCN202607107524","204328980040","https://detail.1688.com/offer/938596868200.html?kj_agent_plugin=aliprice&fromkv=xytTrace:2154647417645884250984084e166e&token=jRqF17mVuo9IJZEZ88CvRLsRDpjfoD3QAK7CrCVCY4HFBmpJ4DmORlxTKqCdKGMT","P1","07-17","204328980040","47.84","","20-40美金","20-40单","高价品"
"3","【免运费】牧田智能双插头电源转换器 DC 12V 转 220V 正弦波混合逆变器通用插座 3 个 USB 接口 21V/48V 支持多种容量锂电池","（300W）6.0Ah电池*1","47.77","https://cf.shopee.co.th/file/cn-11134207-820l4-mkeqozpmz28223","https://TH.xiapibuy.com/product/1679129443/48602042052","汽车零部件","电子","IVCN2026051318741","375413945527","相似款：https://detail.1688.com/offer/1060702879521.html?kj_agent_plugin=aliprice&fromkv=xytTrace:0bab14ad17840209856198333e0f05&token=%2BHFIYIUs725tuxYONFxZMRra10ev0AmeNqLP%2BKBMNKy%2BKNx%2FNoTzrdXA4Zt0UliM","P1","07-17","375413945527","47.77","","20-40美金","20-40单","高价品"
"1","适用于 Revo（2015-2022 年款）和 Fortuner（2.4/2.8 发动机）车型的催化转换器更换管。","适用于 Revo（2015-2022 年款）和 Fortuner（2.4/2.8 发动机）车型的催化转换器更换管。","47.75","","https://TH.xiapibuy.com/product/815718382/20731444445","汽车零部件","尾气和排放","IVCN2026041035917","163960398962","https://detail.1688.com/offer/656158602324.html?kj_agent_plugin=aliprice&fromkv=xytTrace%3A0&tracelog=cps&clickid=53032e010f33f26f1c03b596da4c684c&targetUrl=https%3A%2F%2Fs.click.1688.com%2Ft%3Fe%3DD2DC7A927D55C03D6511A0CCA913FD65D6FA062685DFF8F7D920A558D1D5758C4B369BE324A83E744B8F19128B0D93E33FB8088B45F57B9E47F28FD2CC0E231B18AD4F779334558760FEF997084D4D5331EB6FC8DBCADED4C6C8CEEEE21320CC4BD39EA2FE12E3B1D24E0CC14DD2AFC0983A5FA9A5C761CB1331DDC4753847ADEA5DD589B13E2FE9348394BC3CC3C62B9992F8828C4BE8925AAB9AF02DEF9693ED7D63F971016CF1E9813023B05681EBDAD3C3D6052A513EC6543F3C41F33051898DF2D033C34AB31029EFEB71A9C4C5A399F6B5E999EE03159E1737D69925D0C5446EDB05FE3D21F481D2C6D81DB40B%26cbu_cps_trace_flag%3Dwrite","P1","07-17","163960398962","47.75","","20-40美金","20-40单","高价品"
"1","德国进口 VOLTRONIC Ix69+Ix50（M50 陶瓷）链条清洁保养套装 + 大号刷子","IX69（800毫升）+ M50k,否","47.42","https://cf.shopee.vn/file/vn-11134207-820l4-mf98ci4x0s9759","https://VN.xiapibuy.com/product/700348922/22500209498","汽车保养","洗车和打蜡","IVCN202607108688","224550897147","无同款","P1","07-17","224550897147","47.42","","20-40美金","20-40单","高价品"
"2","EVA泡沫板,140x250厘米,厚度2-15毫米,价格实惠。","10毫米/橙色图案","47.42","https://cf.shopee.co.th/file/th-11134207-7r98q-lzki8mo364xt51","https://TH.xiapibuy.com/product/22094767/11255377259","汽车外饰配件","其他的","IVCN2026071012016","223166654965","无同款","P1","07-17","223166654965","47.42","","20-40美金","20-40单","高价品"
"1","2个LED大灯灯泡,H4/H7型号,带CAN总线系统,65000流明 200瓦（H1/H9/H11/9005/9006/HB3/HB4）,6000K白光,高功率芯片💡💡💡","飞利浦 H7","47.29","https://cf.shopee.co.th/file/th-11134207-81ztf-mi2h7ruwcy69d9","https://TH.xiapibuy.com/product/950996019/41054147117","汽车零部件","电子","IVCN202607108706","435274730539","无同款","P1","07-17","435274730539","47.29","","20-40美金","20-40单","高价品"
"1","适用于五十铃 D-Max 2012-2019 的鼓风机,D-Max 空调风扇 [鼓风机 40]。","适用于五十铃 D-Max 2012-2019 的鼓风机,D-Max 空调风扇 [鼓风机 40]。","47.25","","https://TH.xiapibuy.com/product/7926325/2208123449","汽车零部件","散热器、发动机冷却和气候控制","IVCN202508286192","80080837695","相似款：https://detail.1688.com/offer/610425267616.html?spm=a26352.b28411319.offerlist.11.3beb1e62wBMBqc","P1","07-17","80080837695","47.25","","80-100美金","20-40单","高价品"
"1","含羞草喷嘴 186FA 188F 190F 192F 195F 风冷柴油发动机 12马力 14马力 16马力 18马力 20马力","186FA【5件装】","47.16","https://cf.shopee.ph/file/cn-11134207-820l4-mjt7k56f7n5ub3","https://PH.xiapibuy.com/product/1081175261/20194218205","汽车零部件","燃油系统","IVCN2026021116551","325472664610","https://detail.1688.com/offer/708591020398.html?kj_agent_plugin=aliprice&fromkv=xytTrace:21080f7717725263314611879e0f7a&token=gBweOkrez3gY9H6VCbEqX%2BYAq8daTSu7nns088olTdYVire56%2FxoP3CNOXLZwc8A","P1","07-17","325472664610","47.16","","20-40美金","20-40单","高价品"
"1","🎥车载摄像头🎥 行车记录仪,车载摄像头,前后摄像头,3个镜头,全高清1080P","Y15,3个镜片+32G","46.88","https://cf.shopee.co.th/file/th-11134207-81ztq-mgoli3jjh4i77b","https://TH.xiapibuy.com/product/1074993447/19586694782","汽车内饰配件","摄像机和停车摄像头","IVCN202607107432","255793392866","https://detail.1688.com/offer/947488674992.html?fromkv=cbuPcPlugin:imageSearchDrawerCard&spm=a2639h.29135425.offerlist.i1&source=action%23offerItem%3Borigin%23cf.shopee.co.th&amug_biz=oneself&amug_fl_src=awakeId_982","P0","07-17","255793392866","46.88","","20-40美金","20-40单","高价品"
"1","长城坦克300中控硅胶垫收纳盒防滑汽车内饰改装配件","黑色的","46.85","https://cf.shopee.co.th/file/cn-11134207-7ras8-m61emdm3dngx39","https://TH.xiapibuy.com/product/1134564897/29375630870","汽车内饰配件","收纳盒和隔层","IVCN202512224300","205774630675","相似款：https://detail.1688.com/offer/859344374194.html?spm=a26352.b28411319.offerlist.5.3f411e62yMGtzJ","P1","07-17","205774630675","46.85","","20-40美金","20-40单","高价品"
"1","Perodua Axia 2023-2026 车门把手碗盖碳纤维镀铬黑色配件","全套,亮黑色","46.83","https://cf.shopee.com.my/file/sg-11134201-7rfgx-m9twlof5ajrj7b","https://MY.xiapibuy.com/product/1258224276/43801094398","汽车外饰配件","封面","IVCN2025111478415","305088593232","相似款：https://detail.1688.com/offer/916058980434.html?kj_agent_plugin=aliprice&fromkv=xytTrace:21080f7717652490674326375e1623&token=%2FoXzpiooeMo%2FfHjF03OZ1v2baHAe%2Fkvd9bUq4QSJB%2BkpqljifS96XmzoCrub46H0","P1","07-17","305088593232","46.83","","20-40美金","20-40单","高价品"
"1","汽车空调风扇电机,壁挂式/嵌入式,双叶片,6,000-5,000 RPM,12V,JC。","5000个短刀片,12伏","46.77","https://cf.shopee.co.th/file/th-11134207-7rasc-m92ttfvm5u1s72","https://TH.xiapibuy.com/product/831373146/27985164116","汽车零部件","散热器、发动机冷却和气候控制","IVCN2026031325174","159161515533","相似款：https://detail.1688.com/offer/1022094287515.html?spm=a26352.b28411319/2508.0.0","P1","07-17","159161515533","46.77","","20-40美金","20-40单","高价品"
"1","【ITSOK】柴油四驱车增压表（0-35/0-60 PSI）涡轮增压自动表壳,彩虹钛碳材质","A4-35psi","46.77","https://cf.shopee.com.my/file/cn-11134207-7r98o-lu0b3n0d9cas5d","https://MY.xiapibuy.com/product/981849346/23849369079","汽车内饰配件","抬头显示器、速度表和仪表","IVCN202512226246","109137634882","https://detail.1688.com/offer/899156481781.html?kj_agent_plugin=aliprice&fromkv=xytTrace:21080f7717660322167967663e0eb4&token=bsFvFN6BI9Uvii9j3aB%2FCIqdefof4r6P6VpQKubnKl5jQaAvyjyu13C4jSJMASXb","P1","07-17","109137634882","46.77","","20-40美金","20-40单","高价品"
"3","【免运费】牧田智能双插头电源转换器 DC 12V 转 220V 正弦波混合逆变器通用插座 3 个 USB 接口 21V/48V 支持多种容量锂电池","（300W）4.0Ah电池*2","46.43","https://cf.shopee.co.th/file/cn-11134207-820l4-mkeqmzelbh1kd0","https://TH.xiapibuy.com/product/1679129443/48602042052","汽车零部件","电子","IVCN2026051318741","375198091446","相似款：https://detail.1688.com/offer/1060702879521.html?kj_agent_plugin=aliprice&fromkv=xytTrace:0bab14ad17840209856198333e0f05&token=%2BHFIYIUs725tuxYONFxZMRra10ev0AmeNqLP%2BKBMNKy%2BKNx%2FNoTzrdXA4Zt0UliM","P1","07-17","375198091446","46.43","","20-40美金","20-40单","高价品"
"1","适用于吉利 Zeekr 7X/009/X/001/007/007GT/9X 汽车配件,启动贴纸智能蓝牙连接无线控制按钮。","两件式柔性支架","46.27","https://cf.shopee.co.th/file/cn-11134207-820l4-mgaouatepz4a32","https://TH.xiapibuy.com/product/1125322332/54600205871","汽车内饰配件","其他的","IVCN202607107562","325018157057","https://detail.1688.com/offer/887575258022.html?spm=a26352.b28411319/2508.0.0","P1","07-17","325018157057","46.27","","20-40美金","20-40单","高价品"
"1","适用于特斯拉 Model 3 Y YL 的磁吸式手机支架屏幕支架 2025 2026 仪表盘导航支架汽车内饰配件 零零","M3/Y/YL 25-26 侧装弹匣座","46.25","https://cf.shopee.com.my/file/sg-11134201-820oj-mnvsozk1u0p15b","https://MY.xiapibuy.com/product/1615799000/46209993494","汽车内饰配件","手机支架","IVCN2026071010228","390880651928","https://detail.1688.com/offer/912706014782.html?fromkv=cbuPcPlugin:imageSearchDrawerCard&spm=a2639h.29135425.offerlist.i0&source=action%23offerItem%3Borigin%23shopee.com.my&amug_biz=oneself&amug_fl_src=awakeId_982","P0","07-17","390880651928","46.25","","20-40美金","20-40单","高价品"
"1","适用于特斯拉 Model 3 Y YL 的磁吸式手机支架屏幕支架 2025 2026 仪表盘导航支架汽车内饰配件 零零","M3/Y/YL 25-26 中心弹匣座","46.25","https://cf.shopee.ph/file/sg-11134201-820o4-mnvsp0u3ey9u56","https://PH.xiapibuy.com/product/1654750683/53259973565","汽车内饰配件","手机支架","IVCN202607107430","320880661410","https://detail.1688.com/offer/912706014782.html?fromkv=cbuPcPlugin:imageSearchDrawerCard&spm=a2639h.29135425.offerlist.i0&source=action%23offerItem%3Borigin%23shopee.com.my&amug_biz=oneself&amug_fl_src=awakeId_982","P0","07-17","320880661410","46.25","","20-40美金","20-40单","高价品"
"1","RATBUSTERS 汽车灭鼠剂","RATBUSTERS 汽车灭鼠剂","46.08","","https://TH.xiapibuy.com/product/122389862/6743565677","汽车内饰配件","导航和AV接收器","IVCN2026071012256","40395729636","无同款","P1","07-17","40395729636","46.08","","20-40美金","20-40单","高价品"
"1","Mugen 350mm 赛车方向盘 Alcantara 绒面革 14 英寸,带红色缝线,通用型","一个","46","https://cf.shopee.com.my/file/cn-11134207-7ras8-m29hkxl15ez8ad","https://MY.xiapibuy.com/product/740294426/26466857931","汽车内饰配件","方向盘及方向盘套","IVCN2026051314267","89038972460","相似款：https://detail.1688.com/offer/600417581526.html?fromkv=cbuPcPlugin:imageSearchDrawerCard&spm=a2639h.29135425.offerlist.i1&source=action%23offerItem%3Borigin%23shopee.com.my&amug_biz=oneself&amug_fl_src=awakeId_982","P0","07-17","89038972460","46","","20-40美金","20-40单","高价品"
"1","CkeyiN Wi-Fi Dashcam 3 Lenses Car Camera HD 1080P Includes 64GB TF Card DVR DashCam 170 Wide Angle G-Sensor Recorder Rear View Car Perakam Perjalanan 行车记录仪 QC023","黑色的","46","https://cf.shopee.com.my/file/cn-11134207-820l4-mlpqu1m6lwxta4","https://MY.xiapibuy.com/product/43706140/41979207652","汽车内饰配件","摄像机和停车摄像头","IVCN2026071011324","425632628493","无同款","P0","07-17","425632628493","46","","20-40美金","20-40单","高价品"
"1","【三年质保】XUDA 二合一有线转无线 CarPlay 安卓车载适配器,适用于原厂车载音响,带 USB 加密狗智能迷你盒,即插即用蓝牙","L9 枪灰色","46","https://cf.shopee.ph/file/sg-11134201-8260r-mkkr8rpl8lj9b9","https://PH.xiapibuy.com/product/1456807584/50856083278","汽车内饰配件","其他的","IVCN2026041048351","360553907794","相似款：https://detail.1688.com/offer/1038197360227.html?fromkv=cbuPcPlugin:imageSearchDrawerCard&spm=a2639h.29135425.offerlist.i0&source=action%23offerItem%3Borigin%23cf.shopee.ph&amug_biz=oneself&amug_fl_src=awakeId_982","P0","07-17","360553907794","46","","40-60美金","20-40单","高价品"
"1","4 图案碳纤维织物（意大利）,150 x 65 厘米。","4 图案碳纤维织物（意大利）,150 x 65 厘米。","46","","https://TH.xiapibuy.com/product/141953147/42979676956","汽车外饰配件","其他的","IVCN2026051317151","335714826479","相似款：https://detail.1688.com/offer/970851013031.html?spm=a26352.b28411319/2508.0.0","P0","07-17","335714826479","46","","20-40美金","20-40单","高价品"
"1","4个BKR6EIX-11 4272铱金火花塞,适用于丰田、雷克萨斯、本田、铃木、雪佛兰、马自达1.5L 2.0L 2009-2017款车型。","1 套（4 件）","45.92","https://cf.shopee.co.th/file/cn-11134207-820l4-mmei2e71yfi81f","https://TH.xiapibuy.com/product/1653720704/52007910472","汽车零部件","电子","IVCN2026051317597","345702719506","相似款：https://detail.1688.com/offer/829039982748.html?fromkv=cbuPcPlugin:imageSearchDrawerCard&spm=a2639h.29135425.offerlist.i0&source=action%23offerItem%3Borigin%23cf.shopee.co.th&amug_biz=oneself&amug_fl_src=awakeId_982","P1","07-17","345702719506","45.92","","20-40美金","20-40单","高价品"
"1","汽车修理工维修爬行板汽车修理厂维修板","40英寸","45.9","","https://PH.xiapibuy.com/product/360983503/22270219935","汽车工具","其他的","IVCN202506111961","235286074306","https://detail.1688.com/offer/611862189148.html?kj_agent_plugin=aliprice&fromkv=xytTrace:2104999217512532683685984e1029&token=Th6ShIwP8Bq%2FkifeLzEZeYE6KJvFVjuGPKudMMqeQe4zGtdi8onEri%2BJgx%2Bhr7Hz","P1","07-17","235286074306","45.9","","40-60美金","20-40单","高价品"
"1","适用于苹果和安卓车载系统的豪华无线CarPlay适配器,智能加密狗,即插即用,自动连接","灰色的","45.85","https://cf.shopee.com.br/file/cn-11134207-820l4-mp7muvdosah715","https://BR.xiapibuy.com/product/1232450761/55254716725","汽车内饰配件","其他的","IVCN2026061521649","445436903984","https://detail.1688.com/offer/1053578730632.html?kj_agent_plugin=aliprice&fromkv=xytTrace:2146938717840997904907718e0dd0&token=ok5gjvavEnsQPpGqHhDsXp12xVBb%2FPgVkI4nYOlylYYMXRFTcQs0MxrmRFVfgSgh","P1","07-17","445436903984","45.85","","20-40美金","20-40单","高价品"
"1","Lensent汽油柴油燃料油燃烧节省压缩压力表测试仪燃油喷射泵诊断","Lensent汽油柴油燃料油燃烧节省压缩压力表测试仪燃油喷射泵诊断","45.82","","https://MY.xiapibuy.com/product/498984623/44354090539","汽车工具","测试、诊断和维修工具","IVCN2026041045613","290347126579","无同款","P1","07-17","290347126579","45.82","","20-40美金","20-40单","高价品"
"1","Aion Y Plus 磁吸式遮阳帘可吸收热量并提供隐私。","4 个侧窗","45.64","https://cf.shopee.co.th/file/sg-11134201-7rdvt-lzomz5xpgz3e1c","https://TH.xiapibuy.com/product/992185921/25285565487","汽车内饰配件","遮阳罩和仪表盘罩","IVCN2026071011786","246512926175","相似款：https://detail.1688.com/offer/986581569139.html?spm=a26352.b28411319/2508.0.0","P1","07-17","246512926175","45.64","","20-40美金","20-40单","高价品"
"1","适用于日产 Navara/Terra 汽车的 LED 前格栅灯,日间行车灯,轮眉灯,适用于皮卡和越野车,12V","18颗LED灯,1至4号,黄色","45.53","https://cf.shopee.ph/file/cn-11134207-7ras8-mc63ne4n3crd20","https://PH.xiapibuy.com/product/745678179/29438692841","汽车零部件","电子","IVCN2026071014538","305721439121","https://detail.1688.com/offer/1051021576511.html?kj_agent_plugin=aliprice&fromkv=xytTrace:0","P1","07-17","305721439121","45.53","","20-40美金","20-40单","高价品"
"1","适用于高尔夫IV后排中央扶手箱的杯架 黑色 1J0863323","适用于高尔夫IV后排中央扶手箱的杯架 黑色 1J0863323","45.53","","https://BR.xiapibuy.com/product/207157502/43563201698","汽车内饰配件","其他的","IVCN2026031325606","169022609424","https://detail.1688.com/offer/653849453314.html?kj_agent_plugin=aliprice&fromkv=xytTrace:0","P1","07-17","169022609424","45.53","","20-40美金","20-40单","高价品"
"1","单轴控制阀,4英寸（1/4英寸）尺寸,液压控制/洋马,适用于久保田拖拉机/久保田拖拉机的单轴拖拉机控制。","单轴控制阀,4英寸（1/4英寸）尺寸,液压控制/洋马,适用于久保田拖拉机/久保田拖拉机的单轴拖拉机控制。","45.46","","https://TH.xiapibuy.com/product/255178350/23251028122","汽车零部件","其他的","IVCN2026041039067","225508783773","相似款：https://detail.1688.com/offer/595615314854.html?kj_agent_plugin=aliprice&fromkv=xytTrace:210702e017643186840116642e16ee&token=2Jj6hwvZHpCEziGcR9gFNXo7ZYVHb%2FWhjVlJ%2FRArbfNuu8Kf%2FnFSphhOYKpLGyPg","P1","07-17","225508783773","45.46","","20-40美金","20-40单","高价品"
"1","1.9 催化转化器,裸 1.9 催化转化器（无挡板）,价格 550。","空管道 1.9","45.05","https://cf.shopee.co.th/file/th-11134207-7r98o-lvctjd9bcat6eb","https://TH.xiapibuy.com/product/1128676102/18786802796","汽车零部件","尾气和排放","IVCN2026051320101","147304760194","相似款：https://detail.1688.com/offer/670796931511.html?kj_agent_plugin=aliprice&fromkv=xytTrace:0bf89a7417642966460613255e0eda&token=pNT0asRqBwBI8YCCL80YkhpvW%2FEt6aWd5dHBKXnxE45gl%2FO6H9KNMMP%2FiKi5cyjY","P1","07-17","147304760194","45.05","","20-40美金","20-40单","高价品"
"1","63V-45943-00-EL 铝制螺旋桨 9 1/4x11-J,适用于雅马哈二冲程 9.9马力 15马力发动机,也适用于雅马哈四冲程 15马力 20马力发动机","白色的","45.01","https://cf.shopee.com.my/file/sg-11134201-7rffe-m3sqhg00qcnq21","https://MY.xiapibuy.com/product/408897817/28670718833","汽车零部件","其他的","IVCN2025111473623","252257455579","相似款：https://detail.1688.com/offer/777960643737.html?spm=a26352.b28411319/2508.0.0","P1","07-17","252257455579","45.01","","20-40美金","20-40单","高价品"
"1","18-26款沃尔沃XC60 S90 XC90车门储物盒扶手硅胶垫 | 内饰用品","15-26 XC90 4门黑色 (4)","45","https://cf.shopee.com.my/file/sg-11134201-825a7-mq4j3m9h7nke29","https://MY.xiapibuy.com/product/486505398/56908998403","汽车内饰配件","收纳盒和隔层","IVCN2026071012784","360798318782","相似款：https://detail.1688.com/offer/922635607093.html?fromkv=cbuPcPlugin:imageSearchDrawerCard&spm=a2639h.29135425.offerlist.i10&source=action%23offerItem%3Borigin%23cf.shopee.com.my&amug_biz=oneself&amug_fl_src=awakeId_982","P0","07-17","360798318782","45","","20-40美金","20-40单","高价品"
"2","适用于 2026 款特斯拉 Model YL 的 TPE 材质脚垫/后备箱垫/座椅靠背垫/地板保护垫汽车用品","C：座椅靠背垫,YL 型号【6座版】","45","https://cf.shopee.ph/file/cn-11134207-820l4-mmwufnflz4040b","https://PH.xiapibuy.com/product/1043593829/45858631817","汽车内饰配件","地毯和垫子","IVCN202607109876","340763841405","https://detail.1688.com/offer/1010543988511.html?kj_agent_plugin=aliprice&fromkv=xytTrace%3A0&tracelog=cps&clickid=4e0b845bb95f278d0353cfcac1c91112&targetUrl=https%3A%2F%2Fs.click.1688.com%2Ft%3Fe%3DD2DC7A927D55C03D6511A0CCA913FD65D6FA062685DFF8F7D920A558D1D5758C4B369BE324A83E744B8F19128B0D93E33FB8088B45F57B9E47F28FD2CC0E231B18AD4F779334558760FEF997084D4D5331EB6FC8DBCADED4C6C8CEEEE21320CC4BD39EA2FE12E3B1C3CA03FD3591C5CFDA01C516D13ED3B6E239A603251C21F1AE9F4C719D77BA64348394BC3CC3C62B9992F8828C4BE89214A7C7BE8DFA06F1ED7B08EFB3BA787206A7CF9F7375243EA3C06E02C229E8D239A35172F4CFA0E5AB971BF4E32E443525D89249C44C4A1A120E86816AD6E30F23986D1D90C1454A2F99E770140829738537EAD0D48E516F%26cbu_cps_trace_flag%3Dwrite","P0","07-17","340763841405","45","","20-40美金","20-40单","高价品"
"1","三菱Attrage/Mirage G4轿车雾灯套装（2012-2025款）,含LED灯泡,黄色雾灯。适用于三菱Attrage/Mirage G4轿车（2012、2013、2014、2015-2025款）。","雾灯+H11黄色LED灯组","45","https://cf.shopee.ph/file/cn-11134207-820l4-mo41jyiliuiw8c","https://PH.xiapibuy.com/product/1520635712/40803063195","汽车零部件","电子","IVCN2026051310065","290253019450","https://detail.1688.com/offer/606497579678.html?kj_agent_plugin=aliprice&fromkv=xytTrace%3A0bf89a7417840176656765930e0cd8&token=Ti3Sffkv0%2B7PyTDec7CvbF9k%2B3XXnmp8GNGEzModCRN4hqD%2FjoHW4P%2BRIbupOH0d&tracelog=cps&clickid=b1180e79ee221f017f78132af287b15c&targetUrl=https%3A%2F%2Fs.click.1688.com%2Ft%3Fe%3DD2DC7A927D55C03D6511A0CCA913FD65D6FA062685DFF8F7D920A558D1D5758C4B369BE324A83E744B8F19128B0D93E33FB8088B45F57B9E47F28FD2CC0E231B18AD4F779334558760FEF997084D4D5331EB6FC8DBCADED4C6C8CEEEE21320CC4BD39EA2FE12E3B19E392492B33CC137D434DABDF5CCE2A0CA98B61C247FB08958472617B2255084348394BC3CC3C62B9992F8828C4BE89208EC7A4B0A1C6A293A3D3CB8EFCA9ECB3777C832DFA8216D9FC81F7A35D6422B4A9625CAB972C4734920196D0CD0E76C0DE34D3BCB7178CBC3D9CD673B78B415E6380D30ADCCD1469D96FF298F1B00BD4B8295DC47759C1D%26cbu_cps_trace_flag%3Dwrite","P0","07-17","290253019450","45","","20-40美金","20-40单","高价品"
"1","122 厘米免钻孔车顶行李架套件：适用于没有车顶纵梁的轿车和皮卡车的车顶行李架安装支架 + 横杆。","2件 122厘米 银色","45","https://cf.shopee.co.th/file/sg-11134201-7reo5-m1nvv4sz5pkvc1","https://TH.xiapibuy.com/product/949049620/28964860300","汽车外饰配件","排水沟","IVCN2026061515847","256836799757","https://detail.1688.com/offer/629635100359.html?kj_agent_plugin=aliprice&fromkv=xytTrace%3A212b5ecd17465843600461217e142b&token=lwq0BGXxPaIz6sxKa6Wr83RMc5ekXSIUiALOcUGXtbkhcLLiepHPehRixs4EJYtS&tracelog=cps&clickid=98cf73271378f4cdeaf9c6cf06fc8fcc","P0","07-17","256836799757","45","","40-60美金","20-40单","高价品"
"1","12V/24V车载手机充电器插座,双QC3.0 Type-C PD USB充电端口电源适配器,适用于大众Polo 9N 9N3（2004-2011款）","USB Type-C PD","45","https://cf.shopee.com.br/file/sg-11134201-7rdw1-lz0ehpsqry868c","https://BR.xiapibuy.com/product/1254687053/27058078395","汽车内饰配件","USB充电器、FM和蓝牙发射器","IVCN2026061510597","178361680173","https://detail.1688.com/offer/838698781009.html?fromkv=cbuPcPlugin:imageSearchDrawerCard&spm=a2639h.29135425.offerlist.i0&source=action%23offerItem%3Borigin%23cf.shopee.com.br&amug_biz=oneself&amug_fl_src=awakeId_982","P0","07-17","178361680173","45","","20-40美金","20-40单","高价品"
"1","适用于本田思域FB、HR-V、雅阁（2014-2018）的全新NGK赛车点火线圈（U5269）","适用于本田思域FB、HR-V、雅阁（2014-2018）的全新NGK赛车点火线圈（U5269）","45","","https://TH.xiapibuy.com/product/702076207/17032956378","汽车零部件","电子","IVCN2026071011296","153352937040","相似款：https://detail.1688.com/offer/764982598326.html?spm=a261y.7663282.3002526303362591.2.5e016867MaPUVr&sk=order&fromkv=cbuPcPlugin%3AimageSearchDrawerCard","P0","07-17","153352937040","45","","20-40美金","20-40单","高价品"
"2","2个Y6 Y7大功率汽车LED H4大灯投影灯泡,超亮聚光灯CSP 130W 18000LM迷你摩托车灯泡,带透镜切线6000k,即插即用","Y7-H4-65W","44.95","https://cf.shopee.com.my/file/cn-11134207-7r98o-lvyh5vdz4w0z4e","https://MY.xiapibuy.com/product/142124155/15866439853","汽车零部件","电子","IVCN2026051322779","171230851812","https://detail.1688.com/offer/647867299568.html?kj_agent_plugin=aliprice&fromkv=xytTrace:2166f71a17544629641478122e0e08&token=Dn6NdNCxxIDBaDE7PEsKJ73kZJo8UupB65H6Zgym2VGmuUjijeZWpta3FIXuTt8B","P1","07-17","171230851812","44.95","","100-300美金","20-40单","高价品"
"1","适用于 2012、2013、2014 款 HONDA CITY GM2 GM3 的前保险杠雾灯,OE 编号：33950-TM4-H11、33900-TM4-H11","左右","44.94","","https://TH.xiapibuy.com/product/322532416/28978970139","汽车零部件","电子","IVCN2026071012962","168766264790","https://detail.1688.com/offer/809838908929.html?kj_agent_plugin=aliprice&fromkv=xytTrace:0","P1","07-17","168766264790","44.94","","20-40美金","20-40单","高价品"
"1","1个51W 13LED 6000K 7英寸白黄色灯,适用于汽车、卡车、全地形车、UTV、SUV、房车。","白色 + 黄色","44.91","https://cf.shopee.co.th/file/sg-11134201-7ra0q-m4r49fu33thgf3","https://TH.xiapibuy.com/product/265065114/24990266093","汽车零部件","电子","IVCN2026071012612","237250355656","https://detail.1688.com/offer/944726717885.html?kj_agent_plugin=aliprice&fromkv=xytTrace:212b9de517840140741637076e0ca4&token=Kf%2FpmKv0XgzD0eApJb7sEJHp1jWLbuudGMt58LomnCZEQUS07i%2Bul1%2BXbjhumYuV","P1","07-17","237250355656","44.91","","20-40美金","20-40单","高价品"
"1","ZK AMP 2G 迷你卡拉OK放大器、迷你麦克风前置放大器、卡拉OK麦克风前置放大器、卡拉OK混响板、麦克风、唱歌、前置效果板、DSP。","ZK-AMP 2G #162","44.85","https://cf.shopee.co.th/file/th-11134207-7qukx-lgkbthm07v9re6","https://TH.xiapibuy.com/product/368104632/18279614988","汽车内饰配件","功放、扬声器和低音炮","IVCN2026041036613","184281499109","链接无对应model","P1","07-17","184281499109","44.85","","100-300美金","20-40单","高价品"
"1","Carstorm 丰田海狮雾灯 GL / Commuter / Super Grandia 雾灯 2014-2018","黄灯 14-18","44.81","https://cf.shopee.ph/file/cn-11134207-820l4-miuydjl4khz6d2","https://PH.xiapibuy.com/product/991254198/55400282388","汽车零部件","电子","IVCN2026071011872","430371838036","相似款：https://detail.1688.com/offer/1047334798084.html?fromkv=cbuPcPlugin:imageSearchDrawerCard&spm=a2639h.29135425.offerlist.i5&source=action%23offerItem%3Borigin%23cf.shopee.ph&amug_biz=oneself&amug_fl_src=awakeId_982","P1","07-17","430371838036","44.81","","20-40美金","20-40单","高价品"
"1","99800mAh车载移动电源大功率多功能汽车应急启动电源","99800mAh（带水泵）","44.81","https://cf.shopee.com.my/file/92dec96c7f08feeb3f47849db2c02a8a","https://MY.xiapibuy.com/product/36592523/663575154","汽车零部件","电子","IVCN2026071011214","181874969914","https://detail.1688.com/offer/991466059488.html?kj_agent_plugin=aliprice&fromkv=xytTrace:0","P1","07-17","181874969914","44.81","","20-40美金","20-40单","高价品"
"1","Prestige 多用途防护剂 Armor All 1 加仑","Prestige 多用途防护剂 Armor All 1 加仑","44.43","","https://PH.xiapibuy.com/product/133407768/2140956885","汽车保养","抛光剂、涂层和密封剂","IVCN202602275339","62045053665","相似款：https://detail.1688.com/offer/925613880419.html?k","P1","07-17","62045053665","44.43","","20-40美金","20-40单","高价品"
"3","车载逆变器 12V/24V 转 220V 500W 1000W 12V 直流转 220-230V 交流车载太阳能电源逆变器","升级至1000W","44.39","https://cf.shopee.ph/file/ph-11134207-820lb-mo6mw7sty96t3b","https://PH.xiapibuy.com/product/951744141/20189604993","汽车零部件","电子","IVCN2026061510791","395915098749","https://detail.1688.com/offer/588625323236.html?fromkv=cbuPcPlugin:imageSearchDrawerCard&spm=a2639h.29135425.offerlist.i1&source=action%23offerItem%3Borigin%23cf.shopee.ph&amug_biz=oneself&amug_fl_src=awakeId_982","P1","07-17","395915098749","44.39","","40-60美金","20-40单","高价品"
"1","适用于思域FD/FB的可调外倾角套件。高品质铸铁外倾角调节器,适用于FD车型（2005-2012）。无需拆卸车轮。","2个","44.32","","https://TH.xiapibuy.com/product/258466836/23188159146","汽车零部件","减震器、支柱和悬架","IVCN2026031327116","204809100155","https://detail.1688.com/offer/723167989583.html?fromkv=cbuPcPlugin:imageSearchDrawerCard&spm=a2639h.29135425.offerlist.i0&source=action%23offerItem%3Borigin%23shopee.co.th&amug_biz=oneself&amug_fl_src=awakeId_982","P1","07-17","204809100155","44.32","","20-40美金","20-40单","高价品"
"1","CANBU LED H1 大灯 800000LM 1000W 大功率风扇散热汽车灯 雾灯 1","H1 LED大灯（1个）,高功率灯泡","44.18","https://cf.shopee.com.br/file/cn-11134207-820l4-mnwa51ak80ebe3","https://BR.xiapibuy.com/product/440158906/53107839018","汽车零部件","电子","IVCN2026051318871","375697241499","相似款：https://detail.1688.com/offer/843726743925.html?fromkv=cbuPcPlugin:imageSearchDrawerCard&spm=a2639h.29135425.offerlist.i0&source=action%23offerItem%3Borigin%23cf.shopee.com.br&amug_biz=oneself&amug_fl_src=awakeId_982","P1","07-17","375697241499","44.18","","20-40美金","20-40单","高价品"
"1","【COD】2026 CarPlay & Android Auto 适配器 BT WiFi,支持 iPhone 和 Android,安装简便,即插即用。","黑色的","44.17","https://cf.shopee.co.th/file/th-11134207-81zto-mmqte0p9f8y06a","https://TH.xiapibuy.com/product/983772648/56307594698","汽车内饰配件","导航和AV接收器","IVCN2026051318457","365738350640","相似款：https://detail.1688.com/offer/1026427231566.html?spm=a26352.b28411319/2508.0.0","P1","07-17","365738350640","44.17","","60-80美金","20-40单","高价品"
"1","6800瓦大功率低音炮 12伏汽车四声道功放 汽车功放 高保真立体声系统","黑色的","44.17","https://cf.shopee.ph/file/cn-11134207-820l4-mjuohy15f85cbd","https://PH.xiapibuy.com/product/1278780477/46205997442","汽车内饰配件","功放、扬声器和低音炮","IVCN2026071013890","320542721854","https://detail.1688.com/offer/663792279915.html?fromkv=cbuPcPlugin:imageSearchDrawerCard&spm=a2639h.29135425.offerlist.i0&source=action%23offerItem%3Borigin%23cf.shopee.ph&amug_biz=oneself&amug_fl_src=awakeId_982","P1","07-17","320542721854","44.17","","20-40美金","20-40单","高价品"
"1","双层可折叠汽车后备箱储物箱,适用于户外露营。","黑色（33升）","44.03","https://cf.shopee.co.th/file/cn-11134207-820l4-mk81xryqjlzbf4","https://TH.xiapibuy.com/product/1231860418/48455744207","汽车内饰配件","收纳盒和隔层","IVCN2026071013746","445518382992","相似款：https://detail.1688.com/offer/1011805670666.html?fromkv=cbuPcPlugin:imageSearchDrawerCard&spm=a2639h.29135425.offerlist.i1&source=action%23offerItem%3Borigin%23cf.shopee.co.th&amug_biz=oneself&amug_fl_src=awakeId_982","P1","07-17","445518382992","44.03","","20-40美金","20-40单","高价品"
"1","无线 CarPlay 无线适配器 Android Auto 便携式无线二合一","金子","43.91","","https://BR.xiapibuy.com/product/1717059636/56156567996","汽车内饰配件","其他的","IVCN2026071013700","385590190549","https://detail.1688.com/offer/997778933676.html?kj_agent_plugin=aliprice&fromkv=xytTrace:0b0fdc4f17841000297485856e0d06&token=57%2BJcu%2F5eGz9SbSmdSn%2F53MgPVbw1b5mnZ0NQTtub4QKxLHQ7H4l8OIdz%2Fj5XVjT","P1","07-17","385590190549","43.91","","20-40美金","20-40单","高价品"
"1","专业点火正时灯,适用于汽车、摩托车、船舶和发动机维修；车辆诊断。","黑色的","43.85","https://cf.shopee.co.th/file/sg-11134201-22110-bj370hh02gkvd1","https://TH.xiapibuy.com/product/832227123/19965684050","汽车零部件","电子","IVCN202605130139","193375393424","https://detail.1688.com/offer/828002448996.html?fromkv=cbuPcPlugin:imageSearchDrawerCard&spm=a2639h.29135425.offerlist.i2&source=action%23offerItem%3Borigin%23cf.shopee.co.th&amug_biz=oneself&amug_fl_src=awakeId_982","P1","07-17","193375393424","43.85","","20-40美金","20-40单","高价品"
"1","6个装汽车顶灯,太阳能闪光顶灯,带遥控器,信号灯,LED频闪灯","4件套","43.79","https://cf.shopee.com.my/file/cn-11134207-820l4-mg26icis6h3e36","https://MY.xiapibuy.com/product/48093065/42375164956","汽车零部件","电子","IVCN2026071010930","262041414884","https://detail.1688.com/offer/925820567276.html?kj_agent_plugin=aliprice&fromkv=xytTrace:0","P1","07-17","262041414884","43.79","","20-40美金","20-40单","高价品"
"1","4/5/8位12V蓝色船用开关面板,防水数字电压表,双USB端口,蓝色LED组合开关面板","8号帮派蓝","43.78","https://cf.shopee.com.my/file/sg-11134202-7rbmx-lm4gxiq9lis9d2","https://MY.xiapibuy.com/product/1098017101/17899265373","汽车零部件","电子","IVCN202607109530","29740279728","相似款：https://detail.1688.com/offer/981958912203.html?fromkv=cbuPcPlugin:imageSearchDrawerCard&spm=a2639h.29135425.offerlist.i0&source=action%23offerItem%3Borigin%23cf.shopee.com.my&amug_biz=oneself&amug_fl_src=awakeId_982","P1","07-17","29740279728","43.78","","20-40美金","20-40单","高价品"
"1","适用于比亚迪海豚迷你防踢坐垫汽车内饰座椅,保护和装饰扶手箱","黑色 - 三件套","43.72","https://cf.shopee.com.br/file/sg-11134201-824hf-meekz326uyh20d","https://BR.xiapibuy.com/product/1513205675/42572523979","汽车内饰配件","座椅及座椅套","IVCN2026031330632","266832614384","https://detail.1688.com/offer/857583276864.html?spm=a26352.b28411319/2508.0.0","P1","07-17","266832614384","43.72","","20-40美金","20-40单","高价品"
"1","正品MG Maxus 7/9 TPE高边后备箱托盘,防水,紫/黑色。适合有宠物的家庭,坚固耐用,防刮擦,易于清洁,魔术贴安装。现货供应。","mg maxus 7","43.63","https://cf.shopee.co.th/file/cn-11134207-820l4-mkjf2n750lxgf4","https://TH.xiapibuy.com/product/1738000430/29094232632","汽车内饰配件","地毯和垫子","IVCN2026061513331","224651983283","https://detail.1688.com/offer/1026924663615.html?kj_agent_plugin=aliprice&fromkv=xytTrace:0bf8ca8917840838774501485e0da3&token=PCi2DaoEC4WieeQaLwWdrk6s%2Bk2zN%2FpgwR0XjfZfcX3j%2BiAmI5h34Qfwbk25L7f9","P1","07-17","224651983283","43.63","","20-40美金","20-40单","高价品"
"1","A6T 行车记录仪 - 前后双录,最佳触控屏,操作简便,4 英寸屏幕,泰语,原装车载摄像头","A6T","43.6","https://cf.shopee.co.th/file/th-11134207-81ztd-mgj3n1npys5o2f","https://TH.xiapibuy.com/product/824812961/27681571111","汽车内饰配件","摄像机和停车摄像头","IVCN202607108234","227605327694","https://detail.1688.com/offer/694558025208.html?spm=a26352.b28411319.offerlist.16.55a01e62qDZXwn","P1","07-17","227605327694","43.6","","20-40美金","20-40单","高价品"
"2","适用于 2012-2020 款雪佛兰 Colorado 的 LED 尾灯","右侧【12-20】无LED灯","43.58","https://cf.shopee.co.th/file/th-11134207-81ztd-mof7ypk8qv4e79","https://TH.xiapibuy.com/product/809677542/57760782759","汽车零部件","电子","IVCN2026071010586","355943026232","相似款：https://detail.1688.com/offer/1047000818508.html?fromkv=cbuPcPlugin:imageSearchDrawerCard&spm=a2639h.29135425.offerlist.i0&source=action%23offerItem%3Borigin%23cf.shopee.co.th&amug_biz=oneself&amug_fl_src=awakeId_982","P1","07-17","355943026232","43.58","","20-40美金","20-40单","高价品"
"2","Shroud RGB Samba 08 3英寸水晶 5D 六边形钻石切割 ICC 品牌一对","2.5英寸","43.09","https://cf.shopee.com.my/file/id-11134207-81ztg-mdznqkglytqe16","https://MY.xiapibuy.com/product/1812966430/44509577974","汽车零部件","电子","IVCN202607108262","375844984136","相似款：https://detail.1688.com/offer/937674796383.html?kj_agent_plugin=aliprice&fromkv=xytTrace:0","P1","07-17","375844984136","43.09","","20-40美金","20-40单","高价品"
"1","JAECOO J5 2023-2026 不锈钢汽车门槛防刮保护条（4 件装）面板盖、侧门槛保护条、保护条、防刮胶带、汽车门槛条。","银","43","https://cf.shopee.co.th/file/sg-11134201-82632-mm42ip8x8jyg86","https://TH.xiapibuy.com/product/1797765893/57959037300","汽车外饰配件","门槛板","IVCN2026071010750","350801400343","https://detail.1688.com/offer/664961235101.html?spm=a26352.b28411319/2508.0.0","P0","07-17","350801400343","43","","20-40美金","20-40单","高价品"
"1","（12~24V）适用于日系、欧系、混合动力、电动和卡车车辆的ULTRA OBD2。专用OBD2型号。可通过手机进行车辆诊断。泰语菜单。","（12~24V）适用于日系、欧系、混合动力、电动和卡车车辆的ULTRA OBD2。专用OBD2型号。可通过手机进行车辆诊断。泰语菜单。","43","","https://TH.xiapibuy.com/product/1079550280/27341319392","汽车工具","测试、诊断和维修工具","IVCN2025122214590","286500895488","相似款：https://detail.1688.com/offer/668947791624.html?spm=a26352.b28411319/2508.0.0","P0","07-17","286500895488","43","","40-60美金","20-40单","高价品"
"1","适用于 Veloz 2022-2024 款的侧踏板门槛板","适用于 Veloz 2022-2024 款的侧踏板门槛板","43","","https://MY.xiapibuy.com/product/1424761958/27921604066","汽车外饰配件","门槛板","IVCN2026071010066","257330561026","相似款：https://detail.1688.com/offer/664395094593.html?spm=a26352.b28411319/2508.0.0","P0","07-17","257330561026","43","","20-40美金","20-40单","高价品"
"2","用于车轮平衡的不锈钢铅块,黑色和灰色涂层,5/10克（60克）,100块装。蓝色胶带,黑色和灰色铅块,粘性型。","100根黑色涂层线","43","https://cf.shopee.co.th/file/th-11134207-81ztg-mgeuckybuz2je7","https://TH.xiapibuy.com/product/47515160/25060900335","汽车零部件","轮胎及配件","IVCN202605134253","232485522061","相似款：https://detail.1688.com/offer/637772399604.html?fromkv=cbuPcPlugin:imageSearchDrawerCard&spm=a2639h.29135425.offerlist.i3&source=action%23offerItem%3Borigin%23cf.shopee.co.th&amug_biz=oneself&amug_fl_src=awakeId_982","P0","07-17","232485522061","43","","20-40美金","20-40单","高价品"
"1","适用于电动汽车、混合动力汽车、欧洲和日本汽车的ULTRA OBD2。用手机即可检测您的爱车。采用顶级芯片,专为汽车设计。","适用于电动汽车、混合动力汽车、欧洲和日本汽车的ULTRA OBD2。用手机即可检测您的爱车。采用顶级芯片,专为汽车设计。","43","","https://TH.xiapibuy.com/product/1079550280/43673669280","汽车工具","测试、诊断和维修工具","IVCN202604231243","188747968341","https://detail.1688.com/offer/668947791624.html?fromkv=cbuPcPlugin:imageSearchDrawerCard&spm=a2639h.29135425.offerlist.i0&source=action%23offerItem%3Borigin%23shopee.co.th&amug_biz=oneself&amug_fl_src=awakeId_982","P0","07-17","188747968341","43","","100-300美金","20-40单","高价品"
"1","胶体电池,12V 20A,泰国制造,20D31R","胶体电池,12V 20A,泰国制造,20D31R","42.95","","https://TH.xiapibuy.com/product/50976493/2251488201","汽车零部件","电子","IVCN2026051313671","80082973964","相似款：https://detail.1688.com/offer/938515619739.html?kj_agent_plugin=aliprice&fromkv=xytTrace:0","P1","07-17","80082973964","42.95","","20-40美金","20-40单","高价品"
"1","适用于 Kijang Kapsul 2000 S/D 2002 的一对带灯泡的雾灯价格","适用于 Kijang Kapsul 2000 S/D 2002 的一对带灯泡的雾灯价格","42.91","","https://PH.xiapibuy.com/product/1689967855/52252417347","汽车零部件","电子","IVCN2026071011750","325234193878","相似款：https://detail.1688.com/offer/681548890277.html?fromkv=cbuPcPlugin:imageSearchDrawerCard&spm=a2639h.29135425.offerlist.i1&source=action%23offerItem%3Borigin%23shopee.ph&amug_biz=oneself&amug_fl_src=awakeId_982","P1","07-17","325234193878","42.91","","20-40美金","20-40单","高价品"
"1","适用于丰田 Hilux Revo（2015-2023 年款）的尾灯。","红色,左侧。","42.88","https://cf.shopee.co.th/file/th-11134207-7rasg-m7ahhl7grzu814","https://TH.xiapibuy.com/product/1250788613/28962550324","汽车零部件","电子","IVCN202607109846","257871681514","https://detail.1688.com/offer/1058787718383.html?kj_agent_plugin=aliprice&fromkv=xytTrace:0","P1","07-17","257871681514","42.88","","20-40美金","20-40单","高价品"
"2","Shroud RGB Samba 08 3英寸水晶 5D 六边形钻石切割 ICC 品牌一对","3英寸","42.85","https://cf.shopee.com.my/file/id-11134207-81ztk-mdznqkgm08auc9","https://MY.xiapibuy.com/product/1812966430/44509577974","汽车零部件","电子","IVCN202607108262","375844984135","相似款：https://detail.1688.com/offer/937674796383.html?kj_agent_plugin=aliprice&fromkv=xytTrace:0","P1","07-17","375844984135","42.85","","20-40美金","20-40单","高价品"
"1","卡车尾灯,4 段式尾灯,黑色底座,有 12V 和 24V 两种规格（价格为一对）。","4个灯【12V/24V】","42.81","https://cf.shopee.co.th/file/th-11134207-81ztl-mp3cwxn6lo8wd2","https://TH.xiapibuy.com/product/809677542/28244972502","汽车零部件","电子","IVCN2026071012356","267672789452","https://detail.1688.com/offer/598092375804.html?kj_agent_plugin=aliprice&fromkv=xytTrace:21360a2e17840229534914486e0d39&token=7z8%2BHLMm1a7GeW0RfhyvEdfuNhEKBma9%2Br35NEUtAgYp7wRkcU2MujuzoEvcsAMZ","P1","07-17","267672789452","42.81","","20-40美金","20-40单","高价品"
"1","特斯拉 Model 3/Y/YL 出风口手机支架,磁吸式手机支架,仪表盘支架,无痕底座。","磁悬浮列车两侧的底座和安装支架。","42.75","https://cf.shopee.co.th/file/sg-11134201-824iq-mppuydvh06ww22","https://TH.xiapibuy.com/product/1345787347/56008926044","汽车内饰配件","手机支架","IVCN2026071011334","435790629761","https://detail.1688.com/offer/1013361829561.html?kj_agent_plugin=aliprice&fromkv=xytTrace%3A0&tracelog=cps&clickid=473056f6b64bf7e128efde0646795cc8&targetUrl=https%3A%2F%2Fs.click.1688.com%2Ft%3Fe%3DD2DC7A927D55C03D6511A0CCA913FD65D6FA062685DFF8F7D920A558D1D5758C4B369BE324A83E744B8F19128B0D93E33FB8088B45F57B9E47F28FD2CC0E231B18AD4F779334558760FEF997084D4D5331EB6FC8DBCADED4C6C8CEEEE21320CC4BD39EA2FE12E3B179E2065BA50663327A351F689778E968411B8D79E7EE9F6DA832122EB603C66A348394BC3CC3C62B9992F8828C4BE89283F55A33890009A24544474317924C35AF8D7A5D1103DFB7E36F4C78BA1C242E2AC44C8A6494CB61A1F69B168B70C57A77DC086036B84F612F8975991BCBDFC9EA3050A720AE83D90DAAC372EC59DE81E65E9E2E22F284AB%26cbu_cps_trace_flag%3Dwrite","P0","07-17","435790629761","42.75","","20-40美金","20-40单","高价品"
"1","适用于丰田Innova/Fortuner/Hilux/Hiace前部（2005-2015款）的鼓风机电机,OE编号：87103-0k091,鼓风机电机总成","适用于丰田Innova/Fortuner/Hilux/Hiace前部（2005-2015款）的鼓风机电机,OE编号：87103-0k091,鼓风机电机总成","42.74","","https://PH.xiapibuy.com/product/955835210/25332752620","汽车零部件","散热器、发动机冷却和气候控制","IVCN2026051316115","108392264063","https://detail.1688.com/offer/565545077730.html","P1","07-17","108392264063","42.74","","20-40美金","20-40单","高价品"
"1","304级不锈钢床衬安装支架,专为五十铃D-Max V-Cross 2017-2025设计。","304级不锈钢床衬安装支架,专为五十铃D-Max V-Cross 2017-2025设计。","42.72","","https://TH.xiapibuy.com/product/119536439/19618193480","汽车外饰配件","其他的","IVCN2026021110106","200984800149","无同款","P1","07-17","200984800149","42.72","","20-40美金","20-40单","高价品"
"1","2026 年新款无线 CarPlay 适配器：5G WiFi 无线适配器,智能即插即用 Android Auto 二合一,兼容 99% 的车型。","AX6","42.61","https://cf.shopee.co.th/file/cn-11134207-820l4-mjxz6hjqnsw37b","https://TH.xiapibuy.com/product/924461057/43528343685","汽车内饰配件","导航和AV接收器","IVCN2026051311409","272365313931","https://detail.1688.com/offer/1032779989869.html?kj_agent_plugin=aliprice&fromkv=xytTrace:212b5ecd17794344139203930e101a&token=m04ucELrwsF6HWKT41DvDzQyElsJ%2FQCnE3WOgtcWfV%2FlQGynTF7oKSDv1chb4K7e","P1","07-17","272365313931","42.61","","20-40美金","20-40单","高价品"
"1","【现货】双摄像头行车记录仪（前置+后置）全高清 WDR 4.0 英寸 IPS 屏幕 1296P 夜视清晰","4英寸 2.5D","42.21","https://cf.shopee.co.th/file/sg-11134201-22110-tvis1u9d8wjv80","https://TH.xiapibuy.com/product/325746875/21962552255","汽车内饰配件","摄像机和停车摄像头","IVCN202607109052","175103443831","https://detail.1688.com/offer/661002074138.html?kj_agent_plugin=aliprice&fromkv=xytTrace:0bf8ca8917635356792422849e0d34&token=MV5ECxWe3peYx%2Baf8lOmB6LxDJsJli%2B90d%2F77TurdaACKDZ%2FvvVIB4o9BDnjYDJ1","P1","07-17","175103443831","42.21","","20-40美金","20-40单","高价品"
"1","机械车间汽车维修车 40 带工具托盘小车机械维修床维修车","40英寸","42.05","","https://PH.xiapibuy.com/product/545478718/24171693195","汽车工具","测试、诊断和维修工具","IVCN202606159707","158570521306","https://detail.1688.com/offer/614738124917.html?kj_agent_plugin=aliprice&fromkv=xytTrace:1","P1","07-17","158570521306","42.05","","20-40美金","20-40单","高价品"
"1","KDR W125 四气门凸轮轴。高性能。","66","42","","https://TH.xiapibuy.com/product/735168598/53155870051","汽车外饰配件","其他的","IVCN2026061520347","390530356726","https://detail.1688.com/offer/691976214620.html?kj_agent_plugin=aliprice&fromkv=xytTrace%3A210702e017840268256318126e0cce&token=JbBzaa65TlLsJMnnfwSfcB5n2AdyatIwFVhQ17qGLEXmzLHJVTcqBmiaGgn2ZhU7&tracelog=cps&clickid=d5a37a39ba8ded1a3ba4228116eb391f&targetUrl=https%3A%2F%2Fs.click.1688.com%2Ft%3Fe%3DD2DC7A927D55C03D6511A0CCA913FD65D6FA062685DFF8F7D920A558D1D5758C4B369BE324A83E744B8F19128B0D93E33FB8088B45F57B9E47F28FD2CC0E231B18AD4F779334558760FEF997084D4D5331EB6FC8DBCADED4C6C8CEEEE21320CC4BD39EA2FE12E3B19E392492B33CC137D434DABDF5CCE2A0CA98B61C247FB08958472617B2255084348394BC3CC3C62B9992F8828C4BE892B46CD25D22A884C2F8026035A2EEF16284E61548752E37B13B25AB4BDCD14EFFA3650F4430AFDFC3198B7A8687B70FB3FA56E8C306732BBE02250DBCCC9B0F50A178DFD0B7B3D346D290A372B9A3A9A060A17BA81BFDC383%26cbu_cps_trace_flag%3Dwrite","P0","07-17","390530356726","42","","20-40美金","20-40单","高价品"
"1","适用于吉利 EX2 2025-2026 的高级车罩,展厅品质,牛津布面料,100% 防水防紫外线。","适用于吉利 EX2 2025-2026 的高级车罩,展厅品质,牛津布面料,100% 防水防紫外线。","42","","https://TH.xiapibuy.com/product/86465645/43576924231","汽车外饰配件","封面","IVCN2026031333066","390236826475","相似款：https://detail.1688.com/offer/680836943541.html?kj_agent_plugin=aliprice&fromkv=xytTrace:2108837b17742409338436517e0ec6&token=7K%2BjSN8GYDZK0TnmAQ3npoqjFFIMZhlswIBYTkZh5xXPMg3TJvr%2FFa%2FEJnmeeBbv","P0","07-17","390236826475","42","","20-40美金","20-40单","高价品"
"3","GWM Ora 5 304 不锈钢门槛：防水、防锈、耐刮擦、无需钻孔、采用丙烯酸粘合剂固定、经久耐用、高品质配件。","后裙内侧 - 1 件 - 黑色。","42","https://cf.shopee.co.th/file/sg-11134201-81zuo-mn1i4g9tl3wi91","https://TH.xiapibuy.com/product/1738000430/42480057864","汽车外饰配件","门槛板","IVCN2026071011984","297537726105","相似款：https://detail.1688.com/offer/997451886703.html?fromkv=cbuPcPlugin:imageSearchDrawerCard&spm=a2639h.29135425.offerlist.i0&source=action%23offerItem%3Borigin%23cf.shopee.co.th&amug_biz=oneself&amug_fl_src=awakeId_982","P0","07-17","297537726105","42","","20-40美金","20-40单","高价品"
"1","******三菱原厂点火线圈：1832A057 适用于 2012-2021 年款 Mirage Attrage","******三菱原厂点火线圈：1832A057 适用于 2012-2021 年款 Mirage Attrage","42","","https://SG.xiapibuy.com/product/1146861782/28937728076","汽车零部件","电子","IVCN202607109526","265428597514","https://detail.1688.com/offer/1001567505381.html?kj_agent_plugin=aliprice&fromkv=xytTrace:0","P0","07-17","265428597514","42","","20-40美金","20-40单","高价品"
"1","Lambda 传感器 Meriva Montana Corsa Celta Prisma Strada Dobl","Lambda 传感器 Meriva Montana Corsa Celta Prisma Strada Dobl","42","","https://BR.xiapibuy.com/product/1423755191/28979114915","汽车零部件","电子","IVCN2026071010164","247848605973","https://detail.1688.com/offer/870241411407.html?kj_agent_plugin=aliprice&fromkv=xytTrace:0","P0","07-17","247848605973","42","","20-40美金","20-40单","高价品"
"1","【5年质保】带LED显示屏、移动电源+手电筒的电动气泵,便携式无线轮胎气泵。","无线升级型号","41.9","https://cf.shopee.co.th/file/cn-11134207-820l4-mf81bd7u1ki51e","https://TH.xiapibuy.com/product/1440935277/42023503719","汽车工具","轮胎压力检测器","IVCN202607108298","271911118346","https://detail.1688.com/offer/976121788992.html?spm=a26352.b28411319/2508.0.0","P0","07-17","271911118346","41.9","","20-40美金","20-40单","高价品"
"1","Aion ut 汽车门把手盖,黑色,门把手防刮保护套,ABS 车身套件,易于安装。","8件套","41.57","https://cf.shopee.co.th/file/th-11134207-81ztf-mjvg82ck9bt307","https://TH.xiapibuy.com/product/1233661455/52405262238","汽车外饰配件","贴纸、标志和徽章","IVCN2026051316179","315481495567","相似款：https://detail.1688.com/offer/632215701289.html?kj_agent_plugin=aliprice&fromkv=xytTrace:0bf89a7417745925495104798e0f44&token=6L%2Bskmp5k1G43FBrn9t%2FxaepDTSGnpSNNrbzNlSHdFPnIL9ovF2%2B0CF1fSo%2B%2FyiB","P1","07-17","315481495567","41.57","","20-40美金","20-40单","高价品"
"1","HOCO Z67 系列 60W 车载充电器,内置 Type-C 接口,支持 iOS 快充（PD 45W + QC 3.0）- 车载充电器 hc4","Z67A - 灰色","41.57","https://cf.shopee.co.th/file/sg-11134201-820o6-mnb3xzsmgk5g83","https://TH.xiapibuy.com/product/63204119/55059217551","汽车内饰配件","USB充电器、FM和蓝牙发射器","IVCN202607109892","297556509322","https://detail.1688.com/offer/1047138005088.html?spm=a26352.b28411319/2508.0.0","P1","07-17","297556509322","41.57","","20-40美金","20-40单","高价品"
"1","启动器电枢,KBZ,TFR 12v。","启动器电枢,KBZ,TFR 12v。","41.38","","https://TH.xiapibuy.com/product/170198744/5609761988","汽车零部件","电子","IVCN2026071013124","72152361196","相似款：https://detail.1688.com/offer/606492039200.html?spm=a261y.7663282.3002526303362591.2.2f4771d17HOIHw&sk=order&fromkv=cbuPcPlugin%3AimageSearchDrawerCard","P1","07-17","72152361196","41.38","","20-40美金","20-40单","高价品"
"1","适用于 BMW K-line K-DCAN K+DCAN FTDI FT232RL 的 INPA 电缆,带适用于 BMW 1998-2013 年的 K-DCAN K-CAN OBD2 开关。","浅蓝色","41.31","https://cf.shopee.co.th/file/cn-11134207-7qukw-lh75c6tk6a8s17","https://TH.xiapibuy.com/product/1024038807/23272426552","汽车工具","测试、诊断和维修工具","IVCN2025111462991","165966804784","https://detail.1688.com/offer/680646259098.html?kj_agent_plugin=aliprice&fromkv=xytTrace:0","P1","07-17","165966804784","41.31","","20-40美金","20-40单","高价品"
"1","燃油泵用自动 3/4 汽油燃料喷嘴","红色的","41.17","https://cf.shopee.ph/file/cn-11134207-7r98o-lz1av6wblqci21","https://PH.xiapibuy.com/product/1279625066/29058115244","汽车零部件","燃油系统","IVCN2026041035443","147421322789","https://detail.1688.com/offer/537697243589.html?spm=a26352.b28411319.offerlist.7.4b571e62qRzVld&cosite=-&tracelog=p4p&_p_isad=1&clickid=e95af25cd26a4d87b282ebe0f5732eff&sessionid=94b3753d35019d5dfec1ff7d32340898","P1","07-17","147421322789","41.17","","20-40美金","20-40单","高价品"
"1","TFR 的前后挡泥板套装和安装支架,带螺丝。","完整套装,是","41.09","","https://TH.xiapibuy.com/product/203114568/9850243283","汽车外饰配件","挡泥板和防溅板","IVCN2026041035361","145768459383","无同款","P1","07-17","145768459383","41.09","","20-40美金","20-40单","高价品"
"1","【10年质保】汽车罩户外防护尺寸：M/L/XL/XXL/3XL 通用型汽车罩防水遮阳罩防晒","1200D PEVA 单层（灰色）,YXXL 5.3*2.0*1.75米","41","https://cf.shopee.sg/file/cn-11134207-7ras8-mbnmxwtte0bf2c","https://SG.xiapibuy.com/product/1453003667/40056857163","汽车外饰配件","封面","IVCN202607107752","300576483587","相似款：https://detail.1688.com/offer/535799114752.html?kj_agent_plugin=aliprice&fromkv=xytTrace:2108837b17840859499337150e0f1c&token=g9gn6Z0GfIDd7gHCyOhDBc0UEy0FEASCR%2F49vwPFGC9xwcNbu6yiC7bTKCVZyaJ4","P0","07-17","300576483587","41","","20-40美金","20-40单","高价品"
"2","SARA LED 卡车尾灯有 12 伏和 24 伏两种版本,并配有两个不锈钢外壳（左侧和右侧）。","4 个通道,红橙色。","41","https://cf.shopee.co.th/file/th-11134207-81ztc-medvyva878qu61","https://TH.xiapibuy.com/product/527433953/43468005252","汽车零部件","电子","IVCN202607109476","291481734239","相似款：https://detail.1688.com/offer/1038081632205.html?kj_agent_plugin=aliprice&fromkv=xytTrace:0","P0","07-17","291481734239","41","","60-80美金","20-40单","高价品"
"2","SARA LED 卡车尾灯有 12 伏和 24 伏两种版本,并配有两个不锈钢外壳（左侧和右侧）。","4 个通道：红色、橙色、白色","41","https://cf.shopee.co.th/file/th-11134207-81ztd-medvyv8ovfgnda","https://TH.xiapibuy.com/product/527433953/43468005252","汽车零部件","电子","IVCN202607109476","291481734238","相似款：https://detail.1688.com/offer/1038081632205.html?kj_agent_plugin=aliprice&fromkv=xytTrace:0","P0","07-17","291481734238","41","","20-40美金","20-40单","高价品"
"1","适用于丰田威驰双VVT-i 1NR的氧传感器 后部 89465-52630 / 前部 89467-30050","（背面）89465-52630","40.88","https://cf.shopee.ph/file/cn-11134207-820l4-me55cpnkto8x3a","https://PH.xiapibuy.com/product/955835210/22748358374","汽车零部件","电子","IVCN2026051319961","146937262129","相似款：https://detail.1688.com/offer/1061521861590.html?fromkv=cbuPcPlugin:imageSearchDrawerCard&spm=a2639h.29135425.offerlist.i1&source=action%23offerItem%3Borigin%23cf.shopee.ph&amug_biz=oneself&amug_fl_src=awakeId_982","P1","07-17","146937262129","40.88","","20-40美金","20-40单","高价品"
"1","3件套平价汽车坐垫,四季通用,单层冰丝面料,透气凉爽","黑色,3件/1套","40.8","https://cf.shopee.com.my/file/sg-11134201-7rbm7-lntr98wwncq950","https://MY.xiapibuy.com/product/982594458/22286736547","汽车内饰配件","座椅及座椅套","IVCN2025111468819","222289537953","https://detail.1688.com/offer/686879976975.html?kj_agent_plugin=aliprice&fromkv=xytTrace:2154647417641403545103435e160b&token=lT9AJotPmgUH5EHxxujw%2BWAhw3M2tOnbUrA2VhkhloAiT2KVNH7SdwfBi4ExowRe","P1","07-17","222289537953","40.8","","20-40美金","20-40单","高价品"
"1","适用于五十铃 TFR DRAGON EYE 的车窗升降开关,年份：1997、1998、1999、2000、2001。（TFR Dragon Eye 开关,电动开关,车窗调节）","黑色的","40.78","https://cf.shopee.co.th/file/cn-11134207-7ras8-mb7xzurnlzg911","https://TH.xiapibuy.com/product/1025889691/42955292723","汽车内饰配件","其他的","IVCN2026051315361","305446926511","https://detail.1688.com/offer/809217738692.html?fromkv=cbuPcPlugin:imageSearchDrawerCard&spm=a2639h.29135425.offerlist.i1&source=action%23offerItem%3Borigin%23shopee.co.th&amug_biz=oneself&amug_fl_src=awakeId_982","P1","07-17","305446926511","40.78","","20-40美金","20-40单","高价品"
"2","复合面板,型号 ZK TB21 GEM2.1 HT21 ST21,直接安装,适用于电池电量显示（原装 5 格）。面板尺寸 30x9 厘米。泰国制造的 DIY 产品。","ST21+USB 黑+金","40.77","https://cf.shopee.co.th/file/th-11134207-7rasg-m9uzeocp52414f","https://TH.xiapibuy.com/product/368104632/18282596461","汽车内饰配件","其他的","IVCN202607109220","300094981073","无同款","P1","07-17","300094981073","40.77","","20-40美金","20-40单","高价品"
"1","🔥五年质保🔥 便携式可充电充气泵,带LED显示屏。适用于汽车和摩托车轮胎的电动充气泵。","气泵：","40.71","","https://TH.xiapibuy.com/product/868203306/26554394423","汽车工具","轮胎压力检测器","IVCN2026071012370","158698530274","https://detail.1688.com/offer/1050125846452.html?spm=a26352.b28411319/2508.0.0","P1","07-17","158698530274","40.71","","20-40美金","20-40单","高价品"
"2","LONAISCI 99800mAh 二合一汽车应急启动电源,带电动气泵","99800mAh 启动器","40.69","https://cf.shopee.co.th/file/cn-11134207-7ras8-m8jzd3wztms27e","https://TH.xiapibuy.com/product/1337988255/26433334258","汽车零部件","电子","IVCN2026051322427","167112251550","相似款：https://detail.1688.com/offer/768118035522.html?kj_agent_plugin=aliprice&fromkv=xytTrace:2154647417840163866597311e0c5d&token=40GEuMZJEhbvK90vfwaEgtjUSRTeIz0jtK%2F6OLg7EKFmYkbujxc%2BdREG0ZEwjX7j","P1","07-17","167112251550","40.69","","100-300美金","20-40单","高价品"
"1","【现货】Estivation 吉普 Renegade 2015 款专用副驾驶储物盒 + 内饰配件","所以","40.56","https://cf.shopee.com.br/file/cn-11134207-820l4-mib0wo4d2h352f","https://BR.xiapibuy.com/product/624973614/41877275470","汽车内饰配件","收纳盒和隔层","IVCN202607107540","410302793279","相似款：https://detail.1688.com/offer/812344450158.html?fromkv=cbuPcPlugin:imageSearchDrawerCard&spm=a2639h.29135425.offerlist.i3&source=action%23offerItem%3Borigin%23cf.shopee.com.br&amug_biz=oneself&amug_fl_src=awakeId_982","P1","07-17","410302793279","40.56","","20-40美金","20-40单","高价品"
"1","全新原装点火线圈 MD362907,适用于三菱蓝瑟（Lancer）、披萨（Pizza）、4G92、幻影（Mirage）、日蚀（Eclipse）、戈蓝（Galant）等车型,型号包括 MD325048、MD363552 和 MD321461。","全新原装点火线圈 MD362907,适用于三菱蓝瑟（Lancer）、披萨（Pizza）、4G92、幻影（Mirage）、日蚀（Eclipse）、戈蓝（Galant）等车型,型号包括 MD325048、MD363552 和 MD321461。","40.48","","https://PH.xiapibuy.com/product/1274615590/28922749751","汽车零部件","电子","IVCN2026071011392","252413965801","https://detail.1688.com/offer/1007309438992.html?kj_agent_plugin=aliprice&fromkv=xytTrace:0","P1","07-17","252413965801","40.48","","20-40美金","20-40单","高价品"
"1","SEAFLO备用柴油桶（黄色,带加油管）。免运费。0%分期付款。正品保证。","20升","40.23","https://cf.shopee.co.th/file/th-11134207-7r98u-lnuzc9a0qqeo6b","https://TH.xiapibuy.com/product/1103635512/24750519685","汽车零部件","燃油系统","IVCN202604231115","177936630379","https://detail.1688.com/offer/533961929692.html?spm=a26352.b28411319/2508.0.0&cosite=-&tracelog=p4p&_p_isad=1&clickid=eeea40e3dc3a4a4f96326445a6494210&sessionid=12045994f9e4e46fa1710d11dcd95f71","P1","07-17","177936630379","40.23","","20-40美金","20-40单","高价品"
"1","适用于 JAZZ、CITY、FREED、BRIO i-vtec 的点火线圈,宽连接器插槽,1 个,日本原装二手零件,无漏电,保证正品。","适用于 JAZZ、CITY、FREED、BRIO i-vtec 的点火线圈,宽连接器插槽,1 个,日本原装二手零件,无漏电,保证正品。","40.16","","https://TH.xiapibuy.com/product/443342380/18779420535","汽车零部件","电子","IVCN2026071012888","206717795715","https://detail.1688.com/offer/1050740627239.html?fromkv=cbuPcPlugin:imageSearchDrawerCard&spm=a2639h.29135425.offerlist.i0&source=action%23offerItem%3Borigin%23shopee.co.th&amug_biz=oneself&amug_fl_src=awakeId_982","P1","07-17","206717795715","40.16","","20-40美金","20-40单","高价品"
"1","6554.HA 适用于雪铁龙 C4 2004-2010 的汽车车窗电动控制主开关","手动,黑色","40.13","https://cf.shopee.com.br/file/sg-11134201-7rbl6-lmsbpsbnyepx7a","https://BR.xiapibuy.com/product/298972187/22257730969","汽车零部件","电子","IVCN202606159271","148401988091","https://detail.1688.com/offer/900344999193.html?fromkv=cbuPcPlugin:imageSearchDrawerCard&spm=a2639h.29135425.offerlist.i0&source=action%23offerItem%3Borigin%23cf.shopee.com.br&amug_biz=oneself&amug_fl_src=awakeId_982","P1","07-17","148401988091","40.13","","20-40美金","20-40单","高价品"
"1","黑色汽车杯架 - 适用于大众 Polo 9N 2002 2003 2004 2005 2006 2007 2008 2009 2010 6Q0858602","黑色汽车杯架 - 适用于大众 Polo 9N 2002 2003 2004 2005 2006 2007 2008 2009 2010 6Q0858602","40","","https://BR.xiapibuy.com/product/601775765/22717570715","汽车内饰配件","收纳盒和隔层","IVCN2026031323046","88571693061","https://detail.1688.com/offer/1000033317216.html?kj_agent_plugin=aliprice&fromkv=xytTrace:0bf89a7417744311012177567e0e3c&token=ITJRVfh3hg1o7qNBdMvjbTUGeFRG0x6K9RLlMg%2BEWtJhKjdh3jIon3I5ZiO0MNmd","P0","07-17","88571693061","40","","20-40美金","20-40单","高价品"
"1","适用于 March、Almera、Note、Sylphy、Juke、Pulsar、Tiida、Teana 的点火线圈。新款线圈外壳。日本原装二手件。","适用于 March、Almera、Note、Sylphy、Juke、Pulsar、Tiida、Teana 的点火线圈。新款线圈外壳。日本原装二手件。","40","","https://TH.xiapibuy.com/product/443342380/8179885447","汽车零部件","电子","IVCN2026071012396","76503480780","相似款：https://detail.1688.com/offer/674676750535.html?spm=a261y.7663282.3002526303362591.2.64f25eb50r3TA0&sk=order&fromkv=cbuPcPlugin%3AimageSearchDrawerCard","P0","07-17","76503480780","40","","20-40美金","20-40单","高价品"
"1","适用于特斯拉 Highland、Model 3、Juniper、Model Y、YL 的车门储物盒,TPE 材质,全覆盖式内饰配件,2025、2026 款 Zero zero","MYL 门槽盒 4P","40","https://cf.shopee.ph/file/sg-11134201-823pp-movon6icf7ke46","https://PH.xiapibuy.com/product/1654750683/57161415080","汽车内饰配件","收纳盒和隔层","IVCN2026071010292","430992698512","https://detail.1688.com/offer/970089324976.html?kj_agent_plugin=aliprice&fromkv=xytTrace:2108837b17840236933321471e0efb&token=6CMImL6yiUlJB9N3lFTgHTwMtPOs%2B8sq7D3gtsHJYiB8lP5RBac0p530c%2BQdmToF","P0","07-17","430992698512","40","","40-60美金","20-40单","高价品"
"2","适用于 2026 款特斯拉 Model YL 的 TPE 材质脚垫/后备箱垫/座椅靠背垫/地板保护垫汽车用品","D：前后储物垫,YL 型【6 座版】","40","https://cf.shopee.ph/file/cn-11134207-820l4-mmwufqr7nrwkea","https://PH.xiapibuy.com/product/1043593829/45858631817","汽车内饰配件","地毯和垫子","IVCN202607109876","425763850802","https://detail.1688.com/offer/1010543988511.html?kj_agent_plugin=aliprice&fromkv=xytTrace%3A0&tracelog=cps&clickid=4e0b845bb95f278d0353cfcac1c91112&targetUrl=https%3A%2F%2Fs.click.1688.com%2Ft%3Fe%3DD2DC7A927D55C03D6511A0CCA913FD65D6FA062685DFF8F7D920A558D1D5758C4B369BE324A83E744B8F19128B0D93E33FB8088B45F57B9E47F28FD2CC0E231B18AD4F779334558760FEF997084D4D5331EB6FC8DBCADED4C6C8CEEEE21320CC4BD39EA2FE12E3B1C3CA03FD3591C5CFDA01C516D13ED3B6E239A603251C21F1AE9F4C719D77BA64348394BC3CC3C62B9992F8828C4BE89214A7C7BE8DFA06F1ED7B08EFB3BA787206A7CF9F7375243EA3C06E02C229E8D239A35172F4CFA0E5AB971BF4E32E443525D89249C44C4A1A120E86816AD6E30F23986D1D90C1454A2F99E770140829738537EAD0D48E516F%26cbu_cps_trace_flag%3Dwrite","P0","07-17","425763850802","40","","20-40美金","20-40单","高价品"
"1","适用于2003-2006款丰田威驰的尾灯**定制白色镜片** / 丰田威驰 03-06","1 对（右手+左手）","40","https://cf.shopee.co.th/file/th-11134207-81ztm-mjb3hwpjw1s45c","https://TH.xiapibuy.com/product/184549313/56854421417","汽车零部件","电子","IVCN2026051321051","425414992790","相似款：https://detail.1688.com/offer/1033381316396.html?fromkv=cbuPcPlugin:imageSearchDrawerCard&spm=a2639h.29135425.offerlist.i0&source=action%23offerItem%3Borigin%23cf.shopee.co.th&amug_biz=oneself&amug_fl_src=awakeId_982","P0","07-17","425414992790","40","","20-40美金","20-40单","高价品"
"1","R11 100W 20000LM LED灯泡套装,内置解码器,适用于H1 H3 H4 H7 H11 9005 9006,寿命长且稳定","R11-H7","40","https://cf.shopee.com.br/file/cn-11134207-820l4-mnd52nmdw0lhd1","https://BR.xiapibuy.com/product/1650547326/54454386597","汽车零部件","电子","IVCN202607109108","395411376077","相似款：https://detail.1688.com/offer/739899960538.html?fromkv=cbuPcPlugin:imageSearchDrawerCard&spm=a2639h.29135425.offerlist.i0&source=action%23offerItem%3Borigin%23cf.shopee.com.br&amug_biz=oneself&amug_fl_src=awakeId_982","P0","07-17","395411376077","40","","20-40美金","20-40单","高价品"
"1","原装丰田定速巡航系统,已从车辆上拆下,包含如图所示的线束。适用于所有Revo车型及年份。（两年质保）","原装丰田定速巡航系统,已从车辆上拆下,包含如图所示的线束。适用于所有Revo车型及年份。（两年质保）","40","","https://TH.xiapibuy.com/product/155000117/48150117322","汽车内饰配件","收纳盒和隔层","IVCN2026041048515","370008878626","相似款：https://detail.1688.com/offer/521596145568.html?kj_agent_plugin=aliprice&fromkv=xytTrace:0bf89a7417773660285454705e100b&token=VHeXdHR6tPGvYSsiy0S8DKmok9f6z6HhX5sS3AmtZc%2BZQ8mSFC6256tRbreCkG3H","P0","07-17","370008878626","40","","20-40美金","20-40单","高价品"
"1","2个H7/H18 LED大灯灯泡,CANBUS无故障即插即用,DC12V,6000K白光/4300K暖白光可选,车灯","2件,H7","40","https://cf.shopee.com.br/file/sg-11134201-823pj-motkl9ecotmz19","https://BR.xiapibuy.com/product/1582999064/56111375544","汽车零部件","电子","IVCN2026071011704","297656904045","相似款：https://detail.1688.com/offer/906603838939.html?fromkv=cbuPcPlugin:imageSearchDrawerCard&spm=a2639h.29135425.offerlist.i0&source=action%23offerItem%3Borigin%23cf.shopee.com.br&amug_biz=oneself&amug_fl_src=awakeId_982","P0","07-17","297656904045","40","","20-40美金","20-40单","高价品"
"1","适用于 Rush 和 Terios 第一代（2007-2014 年款）的后视镜转向灯","设置（右 + 左）","40","https://cf.shopee.com.my/file/id-11134207-7rasi-m3n10wsumsjz3a","https://MY.xiapibuy.com/product/1838382468/45961126187","汽车零部件","电子","IVCN2026071013462","297643997327","相似款：https://detail.1688.com/offer/807674797475.html?kj_agent_plugin=aliprice&fromkv=xytTrace:0","P0","07-17","297643997327","40","","20-40美金","20-40单","高价品"
"1","通用型进料泵 17MM 6槽叶片","通用型进料泵 17MM 6槽叶片","40","","https://PH.xiapibuy.com/product/831492095/46104150963","汽车零部件","燃油系统","IVCN2026071010514","267310177535","https://detail.1688.com/offer/652397626177.html?kj_agent_plugin=aliprice&fromkv=xytTrace:0b52090217725289161778585e0f01&token=GMwWO9zSKiBaV4%2F3qkMMPatxh8SD0kP1W8i9wf00t8%2FjpRh0uafwxkHFuZfS42wH","P0","07-17","267310177535","40","","20-40美金","20-40单","高价品"
"1","拉姆达传感器菲亚特派力奥 1.0 8v 1996 97 98 99 2000 Oza112-a4","拉姆达传感器菲亚特派力奥 1.0 8v 1996 97 98 99 2000 Oza112-a4","40","","https://BR.xiapibuy.com/product/1423755191/26684026515","汽车零部件","电子","IVCN202605138197","253225088015","https://detail.1688.com/offer/947741474048.html?kj_agent_plugin=aliprice&fromkv=xytTrace:0b51056217840182720625502e0fe0&token=CFJgAeCMNrCbpslQQlxpuCq4j2aAS%2F8Xd8CIHmukRtYtY%2B6mRLBCx7ZdbLzKU8M4","P0","07-17","253225088015","40","","40-60美金","20-40单","高价品"
"1","适用于比亚迪海豚迷你/海鸥中控台收纳盒 - 防滑硅胶双层扶手箱","所以","40","https://cf.shopee.com.br/file/sg-11134201-7rd56-m7kpfb4mihtzc4","https://BR.xiapibuy.com/product/1419209922/27630297355","汽车内饰配件","收纳盒和隔层","IVCN202607108928","252945985337","相似款：https://detail.1688.com/offer/897150129037.html?fromkv=cbuPcPlugin:imageSearchDrawerCard&spm=a2639h.29135425.offerlist.i0&source=action%23offerItem%3Borigin%23cf.shopee.com.br&amug_biz=oneself&amug_fl_src=awakeId_982","P0","07-17","252945985337","40","","20-40美金","20-40单","高价品"
"1","***特价优惠*** 全新原装日产点火线圈,适用于March、Almera、Tiida、Synphy车型（单价）。6个月质保。","***特价优惠*** 全新原装日产点火线圈,适用于March、Almera、Tiida、Synphy车型（单价）。6个月质保。","40","","https://TH.xiapibuy.com/product/312143017/41118312692","汽车零部件","电子","IVCN202607109398","243878278705","https://detail.1688.com/offer/679823320278.html?kj_agent_plugin=aliprice&fromkv=xytTrace:2108837b17840185731387553e0e98&token=XqPMS4JW9glotkxPomusv8dl1ysVfRfeIS9%2Bb%2BngMEswWqcxVe9TpD9u1%2B%2FY7R96","P0","07-17","243878278705","40","","20-40美金","20-40单","高价品"
"1","适用于 Can-Am Maverick X3 和 Polaris RZR Turbo S 2017-2019 的可调节 1.75-2 英寸 UTV 灯架。","适用于 Can-Am Maverick X3 和 Polaris RZR Turbo S 2017-2019 的可调节 1.75-2 英寸 UTV 灯架。","40","","https://TH.xiapibuy.com/product/172446946/23377358340","汽车外饰配件","天线","IVCN2026071010832","221934456666","https://detail.1688.com/offer/1051905196044.html?kj_agent_plugin=aliprice&fromkv=xytTrace:0","P0","07-17","221934456666","40","","20-40美金","20-40单","高价品"
"1","适用于宝马5系7系GT系列F10 F11 F18 F01 F02 F07 520 523 525 530 730的真皮靠背套","A型,布朗","40","https://cf.shopee.co.th/file/cn-11134207-7r98o-lnuu4a1thkegea","https://TH.xiapibuy.com/product/889039245/18178993581","汽车内饰配件","收纳盒和隔层","IVCN2026071010690","206687585681","相似款：https://detail.1688.com/offer/868216591518.html?fromkv=cbuPcPlugin:imageSearchDrawerCard&spm=a2639h.29135425.offerlist.i0&source=action%23offerItem%3Borigin%23cf.shopee.co.th&amug_biz=oneself&amug_fl_src=awakeId_982","P0","07-17","206687585681","40","","20-40美金","20-40单","高价品"
"1","适用于捷达高尔夫IV杯架宝来后排中央扶手箱黑色1J0863323","适用于捷达高尔夫IV杯架宝来后排中央扶手箱黑色1J0863323","39.93","","https://BR.xiapibuy.com/product/639802491/26556420674","汽车内饰配件","其他的","IVCN2025111463139","166595083182","https://detail.1688.com/offer/652734012610.html?kj_agent_plugin=aliprice&fromkv=xytTrace:213f867c17641368924856346e0e52&token=7AwJYYPwNOLd43CbMlE1ViI1M0pwFdGLa%2BHaH6SdYVGpc9j8eEK2yt%2BdWuT0%2Bx%2FP","P1","07-17","166595083182","39.93","","40-60美金","20-40单","高价品"
"1","适用于宝马5系F10 F11 520i 523i 525i 530 535i的右舵仪表板框架 514591955","黑色的","39.9","https://cf.shopee.co.th/file/cn-11134207-7r98o-ltvsr4w7flpp21","https://TH.xiapibuy.com/product/889039245/24022998851","汽车内饰配件","其他的","IVCN2026071010126","240602807698","相似款：https://detail.1688.com/offer/939543219744.html?spm=a26352.b28411319/2508.0.0","P0","07-17","240602807698","39.9","","20-40美金","20-40单","高价品"
"1","适用于普锐斯ZVW30的4件套普锐斯车门密封条,车窗饰条,外侧橡胶密封条,原厂件","适用于普锐斯ZVW30的4件套普锐斯车门密封条,车窗饰条,外侧橡胶密封条,原厂件","39.89","","https://TH.xiapibuy.com/product/881956821/28435400799","汽车外饰配件","装饰","IVCN202602114518","128325565827","相似款：https://detail.1688.com/offer/636908099203.html?kj_agent_plugin=aliprice&fromkv=xytTrace:0","P1","07-17","128325565827","39.89","","20-40美金","20-40单","高价品"
"1","PPF亮面TPH/TPU 7.5MIL汽车/摩托车贴膜","20英寸 x 60英寸,TPU材质","39.77","https://cf.shopee.ph/file/ph-11134207-7r98x-lscbhfqslu84c8","https://PH.xiapibuy.com/product/55061641/15498702111","汽车外饰配件","其他的","IVCN2026071013846","250394376794","无同款","P1","07-17","250394376794","39.77","","20-40美金","20-40单","高价品"
"1","PPF亮面TPH/TPU 7.5MIL汽车/摩托车贴膜","1.5米 x 1米,TPU","39.72","https://cf.shopee.ph/file/ph-11134207-7r98y-lscbhfqskfnoad","https://PH.xiapibuy.com/product/55061641/15498702111","汽车外饰配件","其他的","IVCN202604231965","250394376792","相似款：https://detail.1688.com/offer/962695870055.html?spm=a26352.13672862.offerlist.221.4915339axy2332&offerId=962695870055&sortType=&pageId=&abBizDataType=cbuOffer&hotSaleSkuId=5900188345338&trace_log=normal&uuid=81601679f28d4e298b5bad9d5008e31a&forcePC=1765187830671","P1","07-17","250394376792","39.72","","20-40美金","20-40单","高价品"
"1","布艺汽车座椅套套装,前后排座椅,座椅套套装,汽车座椅套,套入式汽车座椅套套装,4/9 件套。","粉色 - 9 件装","39.67","https://cf.shopee.co.th/file/th-11134207-7qul7-lftdouxwp3in72","https://TH.xiapibuy.com/product/311895476/6858611007","汽车内饰配件","座椅及座椅套","IVCN2026071010594","214237704036","https://detail.1688.com/offer/622244322645.html?spm=a261y.7663282.3002526303362591.2.6a4c9b91kdltXF&sk=order&fromkv=cbuPcPlugin%3AimageSearchDrawerCard","P1","07-17","214237704036","39.67","","20-40美金","20-40单","高价品"
"1","[12V-24V] Evean 4.3英寸IPS车载显示器,带高清红外夜视倒车摄像头,支持倒车泊车功能","24V 显示器 + 24V 摄像头","39.5","https://cf.shopee.com.my/file/cn-11134207-7r98o-lvedmgaopazp63","https://MY.xiapibuy.com/product/127705772/2265715621","汽车内饰配件","摄像机和停车摄像头","IVCN202607109630","39773762190","https://detail.1688.com/offer/594537977686.html?spm=a26352.b28411319/2508.0.0https://detail.1688.com/offer/873369093471.html?spm=a26352.b28411319/2508.0.0&cosite=-&tracelog=p4p&_p_isad=1&clickid=11e84b6544c6400cbcaab81d1d600639&sessionid=96379fdffe50460d7ce42e10f1f0a47d","P0","07-17","39773762190","39.5","","20-40美金","20-40单","高价品"
"1","🚚曼谷市内送货🚚 三头空气循环风扇,自动冷却风扇,2.4V电动汽车冷却器,汽车配件。","黑色（2026 年新款）","39.5","https://cf.shopee.co.th/file/cn-11134207-7ras8-m7vo6vb66obj94","https://TH.xiapibuy.com/product/163967864/25590067408","汽车内饰配件","USB充电器、FM和蓝牙发射器","IVCN2026041041279","243010689036","相似款：https://detail.1688.com/offer/907279854432.html?spm=a26352.b28411319/2508.0.0","P0","07-17","243010689036","39.5","","20-40美金","20-40单","高价品"
"1","（duyonglin111）通用双系统仪表和GPS速度计向上显示多功能水温涡轮机","（duyonglin111）通用双系统仪表和GPS速度计向上显示多功能水温涡轮机","39.49","","https://BR.xiapibuy.com/product/1090044643/26368984627","汽车内饰配件","抬头显示器、速度表和仪表","IVCN2025111472733","247134855127","https://detail.1688.com/offer/923569386736.html?spm=a26352.b28411319.offerlist.18.1251e62lTVP6b","P1","07-17","247134855127","39.49","","40-60美金","20-40单","高价品"
"1","气缸珩磨石,方形,尺寸 8x8x100,10 块一盒。","8x8x100","39.29","","https://TH.xiapibuy.com/product/133827552/25259147425","汽车工具","其他的","IVCN2026061510849","184878256213","无同款","P1","07-17","184878256213","39.29","","20-40美金","20-40单","高价品"
"1","BEST PATCH CRP10 轮胎修补片,75 x 50 毫米,每盒 20 片。子午线轮胎修补片。","BEST PATCH CRP10 轮胎修补片,75 x 50 毫米,每盒 20 片。子午线轮胎修补片。","39.22","","https://TH.xiapibuy.com/product/47515160/2310519932","汽车保养","轮胎及轮毂保养","IVCN2026071014062","32159427783","相似款：https://detail.1688.com/offer/884775018497.html?spm=a26352.b28411319/2508.0.0","P0","07-17","32159427783","39.22","","20-40美金","20-40单","高价品"
"1","（仅限发动机）带开关的电动排气控制阀组,尺寸为 2、2.36、2.5 和 3.0 英寸,密封性极佳的排气控制阀","（仅限发动机）带开关的电动排气控制阀组,尺寸为 2、2.36、2.5 和 3.0 英寸,密封性极佳的排气控制阀","39.19","","https://VN.xiapibuy.com/product/1062413729/43262200992","汽车零部件","尾气和排放","IVCN2026051317495","119540967247","https://detail.1688.com/offer/958267964778.html?lang=zh&kjSource=pc&fromkv=refer:HVHFESCLLBNFUR2VGRCEKTSSLBEEKM2EJFHFUWCIIJIFOWJUINGE2VRULBHTGM2TJVJEUV2LLFGFGTKOKVDDMTKKLBDVSM2EJFHFEVCHJUZEIQ2PJJLUOTSQLBLTOSKN","P1","07-17","119540967247","39.19","","20-40美金","20-40单","高价品"
"1","100% 加厚 JAECOO 5 EV 2025 年至今 TPE 3D 汽车脚垫环保、无异味、易清洁、防滑。","三件套","39","https://cf.shopee.co.th/file/th-11134207-81ztq-mhu91get3m6977","https://TH.xiapibuy.com/product/1559603089/46452589382","汽车内饰配件","地毯和垫子","IVCN2026041050300","435249171115","相似款：https://detail.1688.com/offer/918250643510.html?kj_agent_plugin=aliprice&fromkv=xytTrace:2146938717782983655754004e0f7d&token=3KP3bb%2B%2BH66hoSzMptoL35X7UFEEZ52G%2FSZMnrdeoGl5Wc0ZKd3G8LBM%2FIxTrP9W","P0","07-17","435249171115","39","","20-40美金","20-40单","高价品"
"1","二合一迷你无线 CarPlay 适配器,适用于原厂车载收音机,支持 Android Auto,Type-C USB 接口,即插即用","有线转无线","39","https://cf.shopee.com.br/file/sg-11134201-7rdxc-mdfhzsl2xh4s15","https://BR.xiapibuy.com/product/809827771/41513099784","汽车内饰配件","USB充电器、FM和蓝牙发射器","IVCN2026031331654","296092368863","https://detail.1688.com/offer/900582216059.html?fromkv=cbuPcPlugin:imageSearchDrawerCard&spm=a2639h.29135425.offerlist.i30&source=action%23offerItem%3Borigin%23shopee.com.br&amug_biz=oneself&amug_fl_src=awakeId_982","P0","07-17","296092368863","39","","20-40美金","20-40单","高价品"
"1","可充电式LED显示屏电动气泵,轮胎充气泵,摩托车轮胎充气泵,便携式电动气泵。","高压 150psi","38.88","https://cf.shopee.co.th/file/th-11134207-7rask-m8plha770eemd0","https://TH.xiapibuy.com/product/667016619/19193399615","汽车工具","轮胎压力检测器","IVCN202606157797","248215615669","https://detail.1688.com/offer/848582784485.html?kj_agent_plugin=aliprice&fromkv=xytTrace%3A21088ae017512715158495262e1943&token=S5t267ewtc1GGQ8NIupQgFuZncIgRIPEah0O7EH4mu2T8nWMx2jvjMo25tQNyJUk&tracelog=cps&clickid=7829f7e834aceb7868d881bd7f677509&targetUrl=https%3A%2F%2Fs.click.1688.com%2Ft%3Fe%3DA6FEAF87A2FCFBDD05C1BD6ABB449CE46147FC88EA630CBAC31FEFBD3966EDE4DF88C915D5486E33D1003E749B3EAAA5861098A75E16F4D226600F2847DABD1A5F0FFA4FF39BCCC320D4625E68D0D47AF6FEC9241CC79F982F2298161E9E1CDC599E55A145F0E3EF4ADA7F392F941B8590EB082E000A881D68F91E9BE1365F817EEF6D6099BA67CE2BA95CC4F9A8AC0724129C3F50A4D177D40AC78627966E09DB19F89ED9DED7B962D86DB0C2CC721F5683C778D2BD9A4AE09C1DE133E88E91C0FA9D42ABE311827A685581DCC870810BE38E85AE86D2A9%26cbu_cps_trace_flag%3Dwrite","P1","07-17","248215615669","38.88","","20-40美金","20-40单","高价品"
"1","T603 WiFi 行车记录仪,带 WiFi 系统,可通过手机应用程序查看,2 个摄像头（前置和后置）,全高清 1296P,出色的夜视功能,泰语菜单。","T603（Wifi）","38.76","","https://TH.xiapibuy.com/product/426549836/28591047641","汽车内饰配件","摄像机和停车摄像头","IVCN2026071013702","291420648191","https://detail.1688.com/offer/583780757277.html?fromkv=cbuPcPlugin:imageSearchDrawerCard&spm=a2639h.29135425.offerlist.i0&source=action%23offerItem%3Borigin%23shopee.co.th&amug_biz=oneself&amug_fl_src=awakeId_982","P1","07-17","291420648191","38.76","","20-40美金","20-40单","高价品"
"1","适用于卡车货厢的EVA泡沫垫,厚度10-15-20毫米,尺寸140x250厘米。尺寸足够大,可覆盖整个货厢。提供冲击保护和防滑性能。","15毫米/黑色","38.66","https://cf.shopee.co.th/file/th-11134207-7rasj-m185wzhsr4twc9","https://TH.xiapibuy.com/product/22094767/27113766444","汽车内饰配件","地毯和垫子","IVCN2026071012874","251757127097","相似款：https://detail.1688.com/offer/998029658791.html?spm=a26352.b28411319/2508.0.0","P1","07-17","251757127097","38.66","","20-40美金","20-40单","高价品"
"1","𝗠𝗢𝗨𝗡𝗧𝗣𝗥𝗢™ 𝗨𝗹𝘁𝗿𝗮 𝗦𝗲𝗿𝗶𝗲𝘀 Premium Dedicated Infotainment Screen Car Phone Holder Perodua Ativa (2021-2026)","两个支架 + 托架","38.57","https://cf.shopee.com.my/file/my-11134207-820l9-mfw00mn0nrpld5","https://MY.xiapibuy.com/product/995060880/26357069322","汽车内饰配件","手机支架","IVCN2025101412937","88973090175","无同款","P1","07-17","88973090175","38.57","","20-40美金","20-40单","高价品"
"1","适用于大众帕萨特B5 B6捷达高尔夫CC的汽车发动机冷却附加辅助水泵,零件号：1K0965561J","适用于大众帕萨特B5 B6捷达高尔夫CC的汽车发动机冷却附加辅助水泵,零件号：1K0965561J","38.43","","https://PH.xiapibuy.com/product/869014615/25585193323","汽车零部件","散热器、发动机冷却和气候控制","IVCN2026031328694","233139182365","https://detail.1688.com/offer/813516261741.html?kj_agent_plugin=aliprice&fromkv=xytTrace:0bf8ca8917666589021264542e1136&token=9g3IMZFBtY%2FoHz9wa98W2lomHpojWATTN7b4955LpBaDUCPjAFOvxLPkUUjAqv8t","P1","07-17","233139182365","38.43","","20-40美金","20-40单","高价品"
"1","遮蔽纸,宽 30 英寸,长 300 米,48 克/平方米,无光泽白纸。","遮蔽纸,宽 30 英寸,长 300 米,48 克/平方米,无光泽白纸。","38.42","","https://TH.xiapibuy.com/product/88884486/17578523028","汽车工具","其他的","IVCN2026051318881","136240717434","无同款","P1","07-17","136240717434","38.42","","20-40美金","20-40单","高价品"
"2","A10 前后双摄行车记录仪 - 全高清 1080P,清晰的日夜视野","A10","38.15","https://cf.shopee.co.th/file/sg-11134201-22120-kepkdkjtalkv80","https://TH.xiapibuy.com/product/352800887/9062284418","汽车内饰配件","摄像机和停车摄像头","IVCN202607109554","82473060582","https://detail.1688.com/offer/559827349894.html?kj_agent_plugin=aliprice&fromkv=xytTrace:212b5ecd17841120005137761e0cec&token=Y8UENzck1GqxZyt81QkaCIRVbB4dFanyh6OuoWzHeKylJSYSEDVtC4J%2BiRMenz3u","P1","07-17","82473060582","38.15","","20-40美金","20-40单","高价品"
"1","适用于 2026 款特斯拉 Model YL / 第三排座椅下方保护垫 / 汽车内饰防尘垫。","B：TPE材质（保护垫）,型号YL","38","https://cf.shopee.co.th/file/cn-11134207-820l4-mnrr4rg0qry9e2","https://TH.xiapibuy.com/product/1079923138/53859856765","汽车内饰配件","其他的","IVCN2026061519067","330870152433","https://detail.1688.com/offer/1061777701323.html?kj_agent_plugin=aliprice&fromkv=xytTrace:0b51056217840896807108166e0ecd&token=RUBvXtzfi6MnDlkRB8C9NoZzsNVN9%2BnqTEAqyRZycJkV%2FxPY8%2BoFhhxyiGyXAMLt","P0","07-17","330870152433","38","","20-40美金","20-40单","高价品"
"1","正品碳纤维布{4股编织（280克）,布料尺寸（150 x 50厘米）/仅布料}。有两种选择：光泽台湾布料和意大利涤纶布料。","台湾","38","https://cf.shopee.co.th/file/th-11134207-81zth-mfdmzzm8mdxncb","https://TH.xiapibuy.com/product/237495324/20091499206","汽车外饰配件","贴纸、标志和徽章","IVCN2026071011508","301848086326","相似款：https://detail.1688.com/offer/766648157070.html?spm=a26352.b28411319/2508.0.0","P0","07-17","301848086326","38","","20-40美金","20-40单","高价品"
"3","适用于特斯拉 Juniper Model YL 的后备箱垫 TPE 后备箱衬垫 前后行李箱垫 6 座配件 Zero zero","MYL 前备箱垫 TPE,专用汽车","38","https://cf.shopee.ph/file/sg-11134201-823rs-movm7hesykge11","https://PH.xiapibuy.com/product/1654750683/46511419869","汽车内饰配件","地毯和垫子","IVCN202607108072","277658679562","相似款：https://detail.1688.com/offer/1027599985936.html?fromkv=cbuPcPlugin:imageSearchDrawerCard&spm=a2639h.29135425.offerlist.i0&source=action%23offerItem%3Borigin%23cf.shopee.co.th&amug_biz=oneself&amug_fl_src=awakeId_982","P0","07-17","277658679562","38","","20-40美金","20-40单","高价品"
"1","适用于思域FD、CRV G3、雅阁G8（R18-R20）的原装二手点火线圈。日本制造。已测试,功能正常。","适用于思域FD、CRV G3、雅阁G8（R18-R20）的原装二手点火线圈。日本制造。已测试,功能正常。","38","","https://TH.xiapibuy.com/product/443342380/29669643649","汽车零部件","电子","IVCN202605132431","215612527263","https://detail.1688.com/offer/655208652424.html?kj_agent_plugin=aliprice&fromkv=xytTrace:0b5681be17840160183282538e0de7&token=NI20qJZImJpBsLPhVQdxGTqGjZdpzE6BhTDXlbwRyw3HKnYVil8QT5fomKwA0EkY","P0","07-17","215612527263","38","","40-60美金","20-40单","高价品"
"1","CTEK舒适指示灯孔眼[CTEK充电器配件][带指示灯]","CTEK舒适指示灯孔眼[CTEK充电器配件][带指示灯]","37.99","","https://TH.xiapibuy.com/product/5159801/1140839331","汽车零部件","电子","IVCN202605137529","32139874623","https://detail.1688.com/offer/1041595316377.html?kj_agent_plugin=aliprice&fromkv=xytTrace:0","P0","07-17","32139874623","37.99","","20-40美金","20-40单","高价品"
"2","我们制作摩托车和汽车牌照（空白牌照/带框牌照）。请通过聊天提供车牌号码！","1 张汽车图片","37.97","https://cf.shopee.co.th/file/th-11134207-7rask-m9w9qycjjckg43","https://TH.xiapibuy.com/product/28962126/27919698669","汽车外饰配件","车牌配件","IVCN2026061514279","260103473444","无同款","P1","07-17","260103473444","37.97","","20-40美金","20-40单","高价品"
"2","复合面板,型号 ZK TB21 GEM2.1 HT21 ST21,直接安装,适用于电池电量显示（原装 5 格）。面板尺寸 30x9 厘米。泰国制造的 DIY 产品。","HT21 黑色 + 编织配件","37.94","https://cf.shopee.co.th/file/th-11134207-7r98v-lmk0wpbyuxhj42","https://TH.xiapibuy.com/product/368104632/18282596461","汽车内饰配件","其他的","IVCN202607109220","157045416978","无同款","P1","07-17","157045416978","37.94","","20-40美金","20-40单","高价品"
"1","这款摩托车拖车与所有车型兼容。","这款摩托车拖车与所有车型兼容。","37.87","","https://TH.xiapibuy.com/product/273840314/20257526208","汽车零部件","散热器、发动机冷却和气候控制","IVCN2026041039561","230100419086","无同款","P1","07-17","230100419086","37.87","","80-100美金","20-40单","高价品"
"1","100000流明 1000瓦/H4 LED迷你投影汽车透镜大灯改装套件 高/低","2 件","37.75","https://cf.shopee.com.br/file/sg-11134201-7reob-m8yw74ofbkbt40","https://BR.xiapibuy.com/product/1183102966/29334805348","汽车零部件","电子","IVCN202605135707","243287502536","相似款：https://detail.1688.com/offer/909251073143.html?fromkv=cbuPcPlugin:imageSearchDrawerCard&spm=a2639h.29135425.offerlist.i2&source=action%23offerItem%3Borigin%23cf.shopee.com.br&amug_biz=oneself&amug_fl_src=awakeId_982","P1","07-17","243287502536","37.75","","40-60美金","20-40单","高价品"
"1","车载双镜头录像后视镜 64GB 高清 1080p","车载双镜头录像后视镜 64GB 高清 1080p","37.58","","https://VN.xiapibuy.com/product/983530988/22852535771","汽车内饰配件","摄像机和停车摄像头","IVCN202607109484","167827370429","https://detail.1688.com/offer/1057237453971.html?fromkv=cbuPcPlugin:imageSearchDrawerCard&spm=a2639h.29135425.offerlist.i2&source=action%23offerItem%3Borigin%23shopee.vn&amug_biz=oneself&amug_fl_src=awakeId_982https://detail.1688.com/offer/1016118558877.html?fromkv=cbuPcPlugin:imageSearchDrawerCard&spm=a2639h.29135425.offerlist.i1&source=action%23offerItem%3Borigin%23cf.shopee.co.th&amug_biz=oneself&amug_fl_src=awakeId_982","P1","07-17","167827370429","37.58","","20-40美金","20-40单","高价品"
"1","【新品！】V2 WiFi行车记录仪,1080p高清,App可查看,150度广角,DVR行车记录仪视频录制","WiFi V2 摄像头","37.54","https://cf.shopee.co.th/file/th-11134207-7rask-m0pojj1q2wuw99","https://TH.xiapibuy.com/product/176071463/25136554747","汽车内饰配件","摄像机和停车摄像头","IVCN202504271533","251685479953","https://detail.1688.com/offer/623520413684.html?kj_agent_plugin=aliprice&fromkv=xytTrace:0","P1","07-17","251685479953","37.54","","40-60美金","20-40单","高价品"
"1","适用于福特F250、道奇Ram、福特S10、福特Ranger、福特L200、福特Hilux的驾驶室顶灯","5件","37.5","https://cf.shopee.com.br/file/cn-11134207-820l4-mmwkghrj9edf2d","https://BR.xiapibuy.com/product/1738554449/48708621841","汽车零部件","电子","IVCN202607109330","430762584539","https://detail.1688.com/offer/774069702462.html?kj_agent_plugin=aliprice&fromkv=xytTrace:0","P0","07-17","430762584539","37.5","","20-40美金","20-40单","高价品"
"1","吉利EX2专用腋下收纳袋。耐用硅胶材质,原车模具开孔,车载收纳盒,中控台收纳盒。","黑色的","37.49","https://cf.shopee.co.th/file/sg-11134201-823pd-mojfsker162p93","https://TH.xiapibuy.com/product/915084723/47511164718","汽车内饰配件","收纳盒和隔层","IVCN2026071014330","335971836357","相似款：https://detail.1688.com/offer/1038624899946.html?fromkv=cbuPcPlugin:imageSearchDrawerCard&spm=a2639h.29135425.offerlist.i0&source=action%23offerItem%3Borigin%23cf.shopee.co.th&amug_biz=oneself&amug_fl_src=awakeId_982","P1","07-17","335971836357","37.49","","20-40美金","20-40单","高价品"
"2","A10 前后双摄行车记录仪 - 全高清 1080P,清晰的日夜视野","A11","37.48","https://cf.shopee.co.th/file/th-11134207-7ra0m-mcmc7fbqw8n9ae","https://TH.xiapibuy.com/product/352800887/9062284418","汽车内饰配件","摄像机和停车摄像头","IVCN202607109554","227789168110","https://detail.1688.com/offer/956401940447.html?kj_agent_plugin=aliprice&fromkv=xytTrace:0b0fdc4f17841119095708187e0f20&token=I5jlrBMi%2FFgKsPi6nXsMRwI5veWkl1jlBWedkx3qP3vDe3hAlevpFRbw1IhHsA7U","P1","07-17","227789168110","37.48","","20-40美金","20-40单","高价品"
"1","SimHome 汽车收纳盒 汽车后备箱收纳盒 汽车后备箱整理盒 PU 皮革可折叠","XL（长75*宽30*高30厘米）","37.42","https://cf.shopee.com.my/file/my-11134207-820le-mhiq9n037nyg5e","https://MY.xiapibuy.com/product/1552741972/44308799583","汽车内饰配件","收纳盒和隔层","IVCN202512224304","234356502172","https://detail.1688.com/offer/775125475545.html?spm=a26352.b28411319.offerlist.13.57ec1e62I0l5Lp","P1","07-17","234356502172","37.42","","20-40美金","20-40单","高价品"
"1","Tolsen 重型液压千斤顶【线上专享】（2吨-20吨）带过载保护","4吨","37.25","","https://PH.xiapibuy.com/product/165664989/17229385701","汽车工具","测试、诊断和维修工具","IVCN2026041036211","171161985037","相似款：https://detail.1688.com/offer/712468133402.html?kj_agent_plugin=aliprice&fromkv=xytTrace:0","P1","07-17","171161985037","37.25","","20-40美金","20-40单","高价品"
"1","车载导航磁吸支架 Magsafe 磁吸手机支架 360° 旋转直播支架","磁铁","37.12","https://cf.shopee.co.th/file/sg-11134201-824hg-mf9hzu5cc5qme1","https://TH.xiapibuy.com/product/1523552454/40772414652","汽车内饰配件","手机支架","IVCN2026041046153","296824507946","相似款：https://detail.1688.com/offer/921696922509.html?spm=a26352.b28411319/2508.0.0&cosite=-&tracelog=p4p&_p_isad=1&clickid=6783f58c09804aa98d78ebf21b5f66f7&sessionid=24b55c6c129976bb2b5dab96adc8487c","P1","07-17","296824507946","37.12","","20-40美金","20-40单","高价品"
"1","DANILO 汽车座椅套 细节造型 男女通用创意汽车配件 1 套 通用汽车靠背垫","米色五座","37.03","https://cf.shopee.com.my/file/sg-11134201-7rd5m-lvn1mxkf4hntc0","https://MY.xiapibuy.com/product/1708401924/43280750481","汽车内饰配件","座椅及座椅套","IVCN202607109502","375899071705","https://detail.1688.com/offer/971965699993.html?fromkv=cbuPcPlugin:imageSearchDrawerCard&spm=a2639h.29135425.offerlist.i0&source=action%23offerItem%3Borigin%23cf.shopee.com.my&amug_biz=oneself&amug_fl_src=awakeId_982","P1","07-17","375899071705","37.03","","20-40美金","20-40单","高价品"
"4","适用于特斯拉 Model 3 Y YL 的钢化玻璃屏幕保护膜（2021-2026 款）,中央后导航贴膜,3 秒轻松安装。","高清清晰版,MYL 2026 F+R 16 英寸","37.02","https://cf.shopee.ph/file/sg-11134201-820o1-mnvwklvmgw0075","https://PH.xiapibuy.com/product/1654750683/52609969733","汽车内饰配件","其他的","IVCN202607107720","400880763641","相似款：https://detail.1688.com/offer/747363904818.html?fromkv=cbuPcPlugin:imageSearchDrawerCard&spm=a2639h.29135425.offerlist.i0&source=action%23offerItem%3Borigin%23cf.shopee.ph&amug_biz=oneself&amug_fl_src=awakeId_982","P1","07-17","400880763641","37.02","","20-40美金","20-40单","高价品"
"1","【通用】Carqseng汽车无钥匙进入系统K19车窗触发原车支持遥控中央控制汽车查找报警","#K11、K19","37","https://cf.shopee.ph/file/cn-11134207-820l4-mfzbg9mccefg5d","https://PH.xiapibuy.com/product/427672840/8748809307","汽车内饰配件","锁具与安防","IVCN2025101414133","85262067732","相似款：https://detail.1688.com/offer/823656613281.html?fromkv=cbuPcPlugin:imageSearchDrawerCard&spm=a2639h.29135425.offerlist.i1&source=action%23offerItem%3Borigin%23cf.shopee.ph&amug_biz=oneself&amug_fl_src=awakeId_982","P0","07-17","85262067732","37","","20-40美金","20-40单","高价品"
"1","210D牛津布汽车半车身罩,防雨防紫外线,防尘/防霜/防雪/防落叶/防鸟粪","牛津布SUV","37","","https://PH.xiapibuy.com/product/1081794517/24655662444","汽车外饰配件","封面","IVCN2026041035227","138831320293","相似款：https://detail.1688.com/offer/583855202232.html?kj_agent_plugin=aliprice&fromkv=xytTrace:0","P0","07-17","138831320293","37","","20-40美金","20-40单","高价品"
"4","适用于特斯拉 Model 3 Y YL 的钢化玻璃屏幕保护膜（2021-2026 款）,中央后导航贴膜,3 秒轻松安装。","高清清晰版,适用于 2025-2026 款车型,前后轮均为 16 英寸","36.92","https://cf.shopee.ph/file/sg-11134201-820o1-mnvwklvmgw0075","https://PH.xiapibuy.com/product/1654750683/52609969733","汽车内饰配件","其他的","IVCN202607107720","400880763642","相似款：https://detail.1688.com/offer/747363904818.html?fromkv=cbuPcPlugin:imageSearchDrawerCard&spm=a2639h.29135425.offerlist.i0&source=action%23offerItem%3Borigin%23cf.shopee.ph&amug_biz=oneself&amug_fl_src=awakeId_982","P1","07-17","400880763642","36.92","","20-40美金","20-40单","高价品"
"2","Jaecoo eJ6 EV 汽车脚垫 TPE 3D 防滑防水多色定制贴合易安装内饰配件","后备箱垫-1件,jaecoo j6 2025","36.89","https://cf.shopee.ph/file/cn-11134207-7ras8-mcj98g3axgqzfd","https://PH.xiapibuy.com/product/1333199949/25196066957","汽车内饰配件","地毯和垫子","IVCN202606155617","39575352032","相似款：https://detail.1688.com/offer/893436274523.html?spm=a26352.b28411319/2508.0.0","P1","07-17","39575352032","36.89","","20-40美金","20-40单","高价品"
"1","适用于 2026 款特斯拉 Model YL 的 TPE 材质脚垫/后备箱垫/座椅靠背垫/地板保护垫汽车用品","B：后备箱垫,YL 型【6 座版】","36.78","https://cf.shopee.ph/file/cn-11134207-820l4-mmwuff21y9z594","https://PH.xiapibuy.com/product/1043593829/45858631817","汽车内饰配件","地毯和垫子","IVCN2026061519263","340763841404","https://detail.1688.com/offer/1010543988511.html?kj_agent_plugin=aliprice&fromkv=xytTrace%3A0&tracelog=cps&clickid=4e0b845bb95f278d0353cfcac1c91112&targetUrl=https%3A%2F%2Fs.click.1688.com%2Ft%3Fe%3DD2DC7A927D55C03D6511A0CCA913FD65D6FA062685DFF8F7D920A558D1D5758C4B369BE324A83E744B8F19128B0D93E33FB8088B45F57B9E47F28FD2CC0E231B18AD4F779334558760FEF997084D4D5331EB6FC8DBCADED4C6C8CEEEE21320CC4BD39EA2FE12E3B1C3CA03FD3591C5CFDA01C516D13ED3B6E239A603251C21F1AE9F4C719D77BA64348394BC3CC3C62B9992F8828C4BE89214A7C7BE8DFA06F1ED7B08EFB3BA787206A7CF9F7375243EA3C06E02C229E8D239A35172F4CFA0E5AB971BF4E32E443525D89249C44C4A1A120E86816AD6E30F23986D1D90C1454A2F99E770140829738537EAD0D48E516F%26cbu_cps_trace_flag%3Dwrite","P1","07-17","340763841404","36.78","","20-40美金","20-40单","高价品"
"2","不同车型专用汽车脚垫,卷装尺寸60x300厘米。适用于皮卡和轿车。","灰色的","36.55","https://cf.shopee.co.th/file/dc534fdfe6e61b8f45d747d9365379d8","https://TH.xiapibuy.com/product/18865086/2900870051","汽车内饰配件","地毯和垫子","IVCN202607108218","7451301702","无同款","P1","07-17","7451301702","36.55","","20-40美金","20-40单","高价品"
"1","适用于比亚迪海豚迷你防踢坐垫汽车内饰座椅,保护和装饰扶手箱","深蓝色 - 三件套","36.55","https://cf.shopee.com.br/file/sg-11134201-824gr-meekz29yz4leea","https://BR.xiapibuy.com/product/1513205675/42572523979","汽车内饰配件","座椅及座椅套","IVCN2026061516471","266832614382","https://detail.1688.com/offer/857344941213.html?fromkv=cbuPcPlugin:imageSearchDrawerCard&spm=a2639h.29135425.offerlist.i0&source=action%23offerItem%3Borigin%23cf.shopee.com.br&amug_biz=oneself&amug_fl_src=awakeId_982","P1","07-17","266832614382","36.55","","20-40美金","20-40单","高价品"
"2","不同车型专用汽车脚垫,卷装尺寸60x300厘米。适用于皮卡和轿车。","黑色的","36.52","https://cf.shopee.co.th/file/3fdfbffa0bb48d73da3d935b1252de9a","https://TH.xiapibuy.com/product/18865086/2900870051","汽车内饰配件","地毯和垫子","IVCN202607108218","7451301704","无同款","P1","07-17","7451301704","36.52","","20-40美金","20-40单","高价品"
"1","自动主灯开关雾灯控制 6240097 90437440 适用于欧宝 Astra G Zafira A","自动主灯开关雾灯控制 6240097 90437440 适用于欧宝 Astra G Zafira A","36.19","","https://BR.xiapibuy.com/product/949049331/25522178683","汽车零部件","其他的","IVCN2025111468889","222653213967","https://detail.1688.com/offer/911896659966.html?kj_agent_plugin=aliprice&fromkv=xytTrace:0bb405a417645587844657163e0f60&token=WQrU8Al7VkGMwWehPI44kuJP6w0VYCoopawl6%2F%2FTqjPNEFS5ZCSM0sSrPQoO1OwE","P1","07-17","222653213967","36.19","","20-40美金","20-40单","高价品"
"1","SEAFLO 汽油备用油桶（加仑装）,红色油箱（加油管集成在油桶内）。免运费,0% 分期付款,保证正品。","10升","36.18","https://cf.shopee.co.th/file/th-11134207-7r98w-lnuz7u0hgfaf82","https://TH.xiapibuy.com/product/1103635512/23660525466","汽车零部件","燃油系统","IVCN2026061512037","204737902639","https://detail.1688.com/offer/533868527689.html?kj_agent_plugin=aliprice&fromkv=xytTrace:0","P1","07-17","204737902639","36.18","","40-60美金","20-40单","高价品"
"2","（A34）Greddy废气旁通阀罐,适用于1.9、3000、F55V、F55涡轮增压改装。可调式废气旁通阀,1.9涡轮增压改装废气旁通阀,3.0涡轮增压废气旁通阀。","V.3","36.17","https://cf.shopee.co.th/file/th-11134207-7r990-llcbm458uxws6f","https://TH.xiapibuy.com/product/10396662/22069600896","汽车零部件","其他的","IVCN202605133499","225264887537","相似款：https://detail.1688.com/offer/959597819438.html?kj_agent_plugin=aliprice&fromkv=xytTrace:0","P1","07-17","225264887537","36.17","","20-40美金","20-40单","高价品"
"1","适用于 Vigo、Revo、D-max、Triton、Ranger、BT50、Navara 皮卡的后部降低套件（降低箱体+吊耳）。采用坚固耐用的优质钢材制成。","适用于 D-max 和其他车型的 3 英寸后部降低套件。","36.1","https://cf.shopee.co.th/file/th-11134207-81zte-mi467qcg5fya7e","https://TH.xiapibuy.com/product/371452588/19396534763","汽车零部件","减震器、支柱和悬架","IVCN2026051316119","108393133138","无同款","P1","07-17","108393133138","36.1","","20-40美金","20-40单","高价品"
"1","适用于特斯拉 Model Y/Model Y L/Model 3 的钢化玻璃屏幕保护膜,配备简易自动对齐安装套件,适用于所有特斯拉车型","2026款Model Y(YL) 16英寸哑光轮毂","36","https://cf.shopee.sg/file/sg-11134201-81zv5-mmmnq2jtxpfz30","https://SG.xiapibuy.com/product/1563249820/47158235848","汽车内饰配件","其他的","IVCN2026071011672","267506285355","相似款：https://detail.1688.com/offer/815442389847.html?fromkv=cbuPcPlugin:imageSearchDrawerCard&spm=a2639h.29135425.offerlist.i2&source=action%23offerItem%3Borigin%23cf.shopee.sg&amug_biz=oneself&amug_fl_src=awakeId_982","P0","07-17","267506285355","36","","20-40美金","20-40单","高价品"
"1","【5年质保】四合一汽车轮胎充气泵,带精准压力表、便携式气泵、电动气泵、汽车轮胎压缩机","豪华无线型号","36","https://cf.shopee.co.th/file/th-11134207-81ztl-minu9us9ehagbe","https://TH.xiapibuy.com/product/1694277155/56253628762","汽车工具","轮胎压力检测器","IVCN2026021114605","262284102136","https://detail.1688.com/offer/701989197791.html?fromkv=cbuPcPlugin:imageSearchDrawerCard&spm=a2639h.29135425.offerlist.i1&source=action%23offerItem%3Borigin%23cf.shopee.co.th&amug_biz=oneself&amug_fl_src=awakeId_982","P0","07-17","262284102136","36","","20-40美金","20-40单","高价品"
"1","SuperAuto 三菱汽车座椅套全套,汽车座椅保护套,汽车内饰配件","三菱灰色五座","36","https://cf.shopee.ph/file/sg-11134201-22120-ck1azglzxqkv6f","https://PH.xiapibuy.com/product/277005239/15495581386","汽车内饰配件","座椅及座椅套","IVCN2026021112089","230425759094","https://detail.1688.com/offer/561561258614.html?kj_agent_plugin=aliprice&fromkv=xytTrace:213d7cd717512811982722171e0fba&token=A31PsUX8kPYEsTUdkw8bZxtwgfVxFBo562ZqVGLS1m8JJ90cylF0X2euIgVdlvF3","P0","07-17","230425759094","36","","60-80美金","20-40单","高价品"
"1","【熊猫】比亚迪【ATTO 2/3 /SEALLION 6/7 /M6(eMax7)/M9(eMax9)/SEAL 5/6 /SEAL】EV 屏幕手机支架","手机支架","35.8","https://cf.shopee.co.th/file/cn-11134207-820l4-mkasstcphy4od1","https://TH.xiapibuy.com/product/1509512781/49905824487","汽车内饰配件","手机支架","IVCN2026071010224","420525500211","https://detail.1688.com/offer/1007361853443.html?spm=a261y.7663282.3002526303362591.2.52c513f8Nl3iS5&sk=order&fromkv=cbuPcPlugin%3AimageSearchDrawerCard","P0","07-17","420525500211","35.8","","20-40美金","20-40单","高价品"
"1","适用于 VIGO D4D COMTiger FORTUNER INNOVA 柴油 1-2KD 的气门室盖垫片套装（1 件）+ 气门座密封圈（4 件）+ 防尘罩（4 件）+ 黑色密封胶（1 件）#11213-0L010","适用于 VIGO D4D COMTiger FORTUNER INNOVA 柴油 1-2KD 的气门室盖垫片套装（1 件）+ 气门座密封圈（4 件）+ 防尘罩（4 件）+ 黑色密封胶（1 件）#11213-0L010","35.65","","https://TH.xiapibuy.com/product/460133263/20489921005","汽车零部件","其他的","IVCN2025122218078","235322359350","无同款","P1","07-17","235322359350","35.65","","20-40美金","20-40单","高价品"
"1","汽车安全带更换配件套装,包含三点式可伸缩安全带扣","黑色的","35.63","https://cf.shopee.ph/file/sg-11134201-7rd58-lvu2uxwat0ng87","https://PH.xiapibuy.com/product/1262309540/26551165288","汽车内饰配件","座椅及座椅套","IVCN2026041036681","185132269912","https://detail.1688.com/offer/630789887799.html?kj_agent_plugin=aliprice&fromkv=xytTrace:0bab14ad17605165755525115e0eb3&token=TRUfKCU%2BZ63%2FlvEcZayWW1PQzPKkwVSCSh%2BXAoDIRFiGpPe4VBdspaPdiTukCzMS","P1","07-17","185132269912","35.63","","20-40美金","20-40单","高价品"
"3","车载逆变器 12V/24V 转 220V 500W 1000W 12V 直流转 220-230V 交流车载太阳能电源逆变器","1000瓦","35.52","https://cf.shopee.ph/file/ph-11134207-7qul4-lijvol3rm68681","https://PH.xiapibuy.com/product/951744141/20189604993","汽车零部件","电子","IVCN2026061510791","184352680813","https://detail.1688.com/offer/727757049211.html","P1","07-17","184352680813","35.52","","20-40美金","20-40单","高价品"
"1","通用铝合金发动机冷却液散热器溢流罐 1000ml/2000ml 方形溢流罐 1L/2L 带放水塞","1升-银色","35.51","https://cf.shopee.com.my/file/c09f8a4b4748c91bbb09f0ab04514df1","https://MY.xiapibuy.com/product/832864387/15091464652","汽车零部件","燃油系统","IVCN202605132047","211851328768","https://detail.1688.com/offer/653790305497.html?fromkv=cbuPcPlugin:imageSearchDrawerCard&spm=a2639h.29135425.offerlist.i2&source=action%23offerItem%3Borigin%23shopee.com.my&amug_biz=oneself&amug_fl_src=awakeId_982","P1","07-17","211851328768","35.51","","20-40美金","20-40单","高价品"
"1","（COD）5/10 升手动输油泵,适用于发动机油和齿轮油,带软管,适用于汽车、摩托车和维修工作,便携式。","4.5升","35.5","https://cf.shopee.co.th/file/th-11134207-81zte-mfevoaibxlvy13","https://TH.xiapibuy.com/product/492981628/29392575170","汽车工具","其他的","IVCN2026041034699","118758496942","https://detail.1688.com/offer/970031590839.html?kj_agent_plugin=aliprice&fromkv=xytTrace:212b9de517682928323148451e0fc8&token=MukGg7yf4DRgHoXvngX9KL8wXeODzekqi%2BnILBuQahMhZxKP%2BxuVNLY6Sz5lAkLt","P0","07-17","118758496942","35.5","","20-40美金","20-40单","高价品"
"2","HOTOP 通用汽车座套 5 座皮革汽车座垫 适用于 Bezza Viva Wira Waja Saga Persona HRV City Civic","黑色全套 - 5座","35.47","https://cf.shopee.com.my/file/cn-11134207-7ras8-m8eql3o4m0pp76","https://MY.xiapibuy.com/product/1013658762/29332901810","汽车内饰配件","座椅及座椅套","IVCN2026051312315","69896630496","https://detail.1688.com/offer/896736950450.html?spm=a26352.b28411319/2508.0.0.5d1d1e62aUT5qv","P1","07-17","69896630496","35.47","","20-40美金","20-40单","高价品"
"2","HOTOP 通用汽车座套 5 座皮革汽车座垫 适用于 Bezza Viva Wira Waja Saga Persona HRV City Civic","红色全套 - 5座","35.47","https://cf.shopee.com.my/file/cn-11134207-7ras8-m8eql0w8o6xpd4","https://MY.xiapibuy.com/product/1013658762/29332901810","汽车内饰配件","座椅及座椅套","IVCN2026051312315","69896630495","https://detail.1688.com/offer/896736950450.html?spm=a26352.b28411319/2508.0.0.5d1d1e62aUT5qv","P1","07-17","69896630495","35.47","","20-40美金","20-40单","高价品"
"1","Unisen 二合一安卓车载适配器支持有线/无线连接,即插即用,采用 USB 连接。","Carplay + Android Auto-M10","35.35","https://cf.shopee.vn/file/cn-11134207-820l4-mnb75edctjic79","https://VN.xiapibuy.com/product/1355652802/55203108490","汽车内饰配件","导航和AV接收器","IVCN2026071012974","315740598007","相似款：https://detail.1688.com/offer/926604596537.html?fromkv=cbuPcPlugin:imageSearchDrawerCard&spm=a2639h.29135425.offerlist.i6&source=action%23offerItem%3Borigin%23cf.shopee.vn&amug_biz=oneself&amug_fl_src=awakeId_982","P1","07-17","315740598007","35.35","","20-40美金","20-40单","高价品"
"1","适用于2016-2021款思域FC FK的后减震器支架。（后减震器支架,减震器衬套）","适用于2016-2021款思域FC FK的后减震器支架。（后减震器支架,减震器衬套）","35.32","","https://TH.xiapibuy.com/product/283721754/29669251670","汽车零部件","减震器、支柱和悬架","IVCN2026041042565","252151105673","https://detail.1688.com/offer/853100609055.html?fromkv=cbuPcPlugin:imageSearchDrawerCard&spm=a2639h.29135425.offerlist.i7&source=action%23offerItem%3Borigin%23shopee.co.th&amug_biz=oneself&amug_fl_src=awakeId_982","P1","07-17","252151105673","35.32","","20-40美金","20-40单","高价品"
"1","适用于五十铃 TFR DRAGON EYE（1997-2001 年款）的车窗升降开关。（TFR Dragon Eye 开关,电动车窗开关,车窗调节）。","1件","35.15","https://cf.shopee.co.th/file/th-11134207-81zth-mpdbhcnoeade0f","https://TH.xiapibuy.com/product/1530110233/40909427074","汽车内饰配件","其他的","IVCN202607109620","305788499366","https://detail.1688.com/offer/909979957653.html?spm=a26352.b28411319/2508.0.0","P1","07-17","305788499366","35.15","","20-40美金","20-40单","高价品"
"1","Baseus Quick Charge 3.0 4.0 车载充电器 AFC SCP 适用于小米华为（45W）","双USB接口 - 黑色","35.02","https://cf.shopee.com.my/file/3013700e9510c3ed09481c1f23d35add","https://MY.xiapibuy.com/product/120593423/2239509051","汽车内饰配件","USB充电器、FM和蓝牙发射器","IVCN2026031321134","4253372430","https://detail.1688.com/offer/810506362882.html?spm=a26352.b28411319.offerlist.530.4de61e62pRUg9A","P1","07-17","4253372430","35.02","","20-40美金","20-40单","高价品"
"1","适用于雪佛兰 Sonic、Onix、Spin、Prisma 的自动变速杆球头","适用于雪佛兰 Sonic、Onix、Spin、Prisma 的自动变速杆球头","35","","https://BR.xiapibuy.com/product/1502507139/26791636938","汽车内饰配件","踏板和变速杆","IVCN2026031332032","306589145537","https://detail.1688.com/offer/854141554387.html?kj_agent_plugin=aliprice&fromkv=xytTrace:212b5ecd17641417488928338e0d41&token=31lsgTf0h8wiUy94F%2F58a7nWrza1U3vtlIij5TPMMl%2BOOjMV8KRVq2BasGUCikzO","P0","07-17","306589145537","35","","20-40美金","20-40单","高价品"
"1","适用于2016-2025款丰田Fortuner的黑色后门槛条和后保险杠护板","适用于2016-2025款丰田Fortuner的黑色后门槛条和后保险杠护板","35","","https://PH.xiapibuy.com/product/1103006914/44474907074","汽车外饰配件","门槛板","IVCN2026061517483","287018310287","相似款：https://detail.1688.com/offer/1051702651833.html?spm=a26352.b28411319/2508.0.0","P0","07-17","287018310287","35","","20-40美金","20-40单","高价品"
"1","【带 WIFI】新款 2024 行车记录仪 S1 2024 车载摄像头,3 个镜头（前置/后置）,全高清 1080P,带夜视模式,安装简便。","3 个摄像头 + 16GB 内存 + 无线网络","35","https://cf.shopee.co.th/file/th-11134207-7r98s-lwdrqjru081ccb","https://TH.xiapibuy.com/product/325746875/23660683347","汽车内饰配件","摄像机和停车摄像头","IVCN2026071013938","255993251022","https://detail.1688.com/offer/850159966667.html?fromkv=cbuPcPlugin:imageSearchDrawerCard&spm=a2639h.29135425.offerlist.i0&source=action%23offerItem%3Borigin%23cf.shopee.co.th&amug_biz=oneself&amug_fl_src=awakeId_982","P0","07-17","255993251022","35","","20-40美金","20-40单","高价品"
"1","适用于比亚迪 Sealion 6 DM-i 的后备箱盖超亮 LED 灯自动开关,照亮整个后备箱","Sealion 6 DM-i","35","https://cf.shopee.ph/file/sg-11134201-7rep6-m2885uls15j723","https://PH.xiapibuy.com/product/1016803403/27566628307","汽车零部件","电子","IVCN202605134415","233423400343","https://detail.1688.com/offer/786408879301.html?spm=a26352.b28411319.offerlist.6.7b211e62ABNfkt","P0","07-17","233423400343","35","","20-40美金","20-40单","高价品"
"1","VIP 均码全车座椅套套装,带后座口袋,泰国制造,加厚柔软,采用优质合成纤维 [10 种颜色可选]","黑色鞋面,红色缝线,前排一对。","35","https://cf.shopee.co.th/file/th-11134207-7ra0r-mc83s56lyo2kd9","https://TH.xiapibuy.com/product/62144331/7218334174","汽车内饰配件","座椅及座椅套","IVCN202602110205","18822163547","相似款：https://detail.1688.com/offer/682624034991.html?spm=a26352.b28411319/2508.0.0&cosite=-&tracelog=p4p&_p_isad=1&clickid=9045a05f33e84c72b1c61e3ec2c51ec7&sessionid=a2951b24e338108d9b737b9d7ab9a812","P0","07-17","18822163547","35","","20-40美金","20-40单","高价品"
"1","TR413轮胎气门嘴帽,灰色,太平洋牌,数量：100个。（轮胎气门嘴帽,汽车气门嘴帽,气门嘴帽,灰色气门嘴帽,太平洋气门嘴帽,汽车气门嘴帽）","TR413轮胎气门嘴帽,灰色,太平洋牌,数量：100个。（轮胎气门嘴帽,汽车气门嘴帽,气门嘴帽,灰色气门嘴帽,太平洋气门嘴帽,汽车气门嘴帽）","35","","https://TH.xiapibuy.com/product/47515160/5693105105","汽车零部件","轮胎及配件","IVCN2026051316513","110804367298","","P0","07-17","110804367298","35","","100-300美金","20-40单","高价品"
"1","适用于五十铃 D-max 五十铃 SLX 2003-2009 两门车型的电动车窗主开关。","黑色的","34.99","https://cf.shopee.co.th/file/cn-11134207-7ras8-mdegmk6u0rpl97","https://TH.xiapibuy.com/product/1025889691/40512802930","汽车内饰配件","其他的","IVCN2026021112731","238003626017","相似款：https://detail.1688.com/offer/915112677822.html?spm=a26352.b28411319/2508.0.0","P1","07-17","238003626017","34.99","","20-40美金","20-40单","高价品"
"1","适用于 2007-2013 年款 DMAX 2.5-3.0 的完整气门室盖垫片套装。包括带金属轮缘和翼片的密封件。","适用于 2007-2013 年款 DMAX 2.5-3.0 的完整气门室盖垫片套装。包括带金属轮缘和翼片的密封件。","34.98","","https://TH.xiapibuy.com/product/268683691/21090363659","汽车外饰配件","其他的","IVCN202602115981","146917859394","无同款","P1","07-17","146917859394","34.98","","20-40美金","20-40单","高价品"
"1","6510940004 A6510940004 梅赛德斯-奔驰空气滤清器 M651 C级 W204 C220 CDI W212 E250 E300 混合动力 LX1686/1","6510940004 A6510940004 梅赛德斯-奔驰空气滤清器 M651 C级 W204 C220 CDI W212 E250 E300 混合动力 LX1686/1","34.82","","https://TH.xiapibuy.com/product/817430232/26979320338","汽车零部件","发动机零件","IVCN2025111459977","119428477159","https://detail.1688.com/offer/638988860332.html?kj_agent_plugin=aliprice&fromkv=xytTrace%3A0&tracelog=cps&clickid=a351ee67bb7003c1faaa9f85d1618366&targetUrl=https%3A%2F%2Fs.click.1688.com%2Ft%3Fe%3DA6FEAF87A2FCFBDD05C1BD6ABB449CE46147FC88EA630CBAC31FEFBD3966EDE4DF88C915D5486E33D1003E749B3EAAA5861098A75E16F4D226600F2847DABD1A5F0FFA4FF39BCCC320D4625E68D0D47AF6FEC9241CC79F982F2298161E9E1CDC647DB51A97936BD5F83647F0B0989082DDD68BA75746167D914B587945FCB4AA7EEF6D6099BA67CE089F770C23C101B78E9F6B2D19DCA8BF38BC0A893A2B77E6031D2ABEE12C6266EB38BD419DBBCB16AED7E1B683B54CE1B6293D59C2DFAC3C690CF660943220965932F3F3A5033D63855A3B5037B854431301565436A2B9E7667B828A3ED2A9AA%26cbu_cps_trace_flag%3Dwrite","P1","07-17","119428477159","34.82","","20-40美金","20-40单","高价品"
"1","全新无线CarPlay和Android Auto二合一迷你适配器,5GHz WiFi5,适用于99%原装/自动挡车型","金子","34.66","https://cf.shopee.com.br/file/sg-11134201-7repn-m2u4l3l9u4qxd3","https://BR.xiapibuy.com/product/1226631441/25892347837","汽车内饰配件","导航和AV接收器","IVCN2026041033615","69879207895","https://detail.1688.com/offer/969151649480.html?kj_agent_plugin=aliprice&fromkv=xytTrace:0","P1","07-17","69879207895","34.66","","20-40美金","20-40单","高价品"
"1","X53 磁吸旋转真空吸盘折叠手机支架,适用于车载导航、健身房、厨房、直播等场景","X53 磁吸旋转真空吸盘折叠手机支架,适用于车载导航、健身房、厨房、直播等场景","34.62","","https://TH.xiapibuy.com/product/290055500/40204258381","汽车内饰配件","手机支架","IVCN2026021114895","270361679997","https://detail.1688.com/offer/931164145312.html?fromkv=cbuPcPlugin:imageSearchDrawerCard&spm=a2639h.29135425.offerlist.i5&source=action%23offerItem%3Borigin%23shopee.co.th&amug_biz=oneself&amug_fl_src=awakeId_982","P1","07-17","270361679997","34.62","","20-40美金","20-40单","高价品"
"1","适用于福克斯/嘉年华的 2 Din 收音机面板装饰套件（左舵改装安装）","适用于福克斯/嘉年华的 2 Din 收音机面板装饰套件（左舵改装安装）","34.6","","https://BR.xiapibuy.com/product/953689793/26683052685","汽车内饰配件","其他的","IVCN2025111474663","258151985799","https://detail.1688.com/offer/657013513972.html?kj_agent_plugin=aliprice&fromkv=xytTrace:21360a2e17641392873421144e0e44&token=RoeT0Ltc5i8%2B1Ize3bax5bw32hGgVNN9rfKztswcXW39qRbm1iZ2a0rdEeLc6kRr","P1","07-17","258151985799","34.6","","20-40美金","20-40单","高价品"
"1","转速表,兼容多种车型,数字转速表,发动机转速表,电压表（0344）","转速表,兼容多种车型,数字转速表,发动机转速表,电压表（0344）","34.59","","https://TH.xiapibuy.com/product/591008654/41163214546","汽车内饰配件","抬头显示器、速度表和仪表","IVCN2026051313083","286099939452","https://detail.1688.com/offer/952618970784.html?fromkv=cbuPcPlugin:imageSearchDrawerCard&spm=a2639h.29135425.offerlist.i2&source=action%23offerItem%3Borigin%23shopee.co.th&amug_biz=oneself&amug_fl_src=awakeId_982","P1","07-17","286099939452","34.59","","20-40美金","20-40单","高价品"
"1","卡车后货箱、行李箱、大容量多用途储物箱。","后部储物袋。","34.48","https://cf.shopee.co.th/file/sg-11134201-821dc-mgxnqs5bapsf3c","https://TH.xiapibuy.com/product/1606488207/43626154317","汽车内饰配件","收纳盒和隔层","IVCN2026051318503","370078118284","https://detail.1688.com/offer/853393010619.html?kj_agent_plugin=aliprice&fromkv=xytTrace:2108837b17708785724075233e0f4a&token=9yLe3ZL6JbP8tWwlKDAUaIhhd0i2BUBdZRlwgxqJ%2FrG8fusuBSkjR1Wzu0k7oeme","P1","07-17","370078118284","34.48","","20-40美金","20-40单","高价品"
"1","12V 10W 太阳能排气扇 IP65 防水太阳能板风扇太阳能控制器通风扇适用于鸡舍房车温室 [无柜台]","2","34.44","https://cf.shopee.co.th/file/sg-11134201-7rdya-lz56lakpkhuqc7","https://TH.xiapibuy.com/product/19039793/28608300487","汽车内饰配件","USB充电器、FM和蓝牙发射器","IVCN2026051320133","147424454113","https://detail.1688.com/offer/684635592818.html?fromkv=cbuPcPlugin:imageSearchDrawerCard&sk=consign&spm=a2639h.29135442.offerlist.i0&source=action%23offerItem%3Borigin%23shopee.co.th&amug_biz=oneself&amug_fl_src=awakeId_982","P1","07-17","147424454113","34.44","","20-40美金","20-40单","高价品"
"1","适用于厢式货车的发动机盖垫片；通常适用于所有车型。","适用于厢式货车的发动机盖垫片；通常适用于所有车型。","34.39","","https://TH.xiapibuy.com/product/202745606/28951768675","汽车零部件","其他的","IVCN2026041034503","109180621023","无同款","P1","07-17","109180621023","34.39","","20-40美金","20-40单","高价品"
"1","适用于五十铃 D-Max 2003-2012、D-Max、Mu-7、Triton、Colorado、Pajero 的空调鼓风机。","适用于五十铃 D-Max 2003-2012、D-Max、Mu-7、Triton、Colorado、Pajero 的空调鼓风机。","34.37","","https://TH.xiapibuy.com/product/7926325/2207899689","汽车零部件","发动机零件","IVCN2025101415067","52153303372","相似款：https://detail.1688.com/offer/688519489950.html?kj_agent_plugin=aliprice&fromkv=xytTrace:0b51056217605203592478829e0bf2&token=TcgBtAe6Ktwn6ihd49P7HW0sgnZXvnthSfawFuVPpRDwe%2Bk8Bmt4XXoB%2BlkEnhM5","P1","07-17","52153303372","34.37","","20-40美金","20-40单","高价品"
"1","空气压缩机,电动空气压缩机,充气机。","升级至最高 150 PSI","34.32","https://cf.shopee.co.th/file/174887e2a8e3ecfe3506618941fb8548","https://TH.xiapibuy.com/product/351986557/16466539486","汽车工具","轮胎压力检测器","IVCN2026051323499","180132748466","https://detail.1688.com/offer/740312110712.html?fromkv=cbuPcPlugin:imageSearchDrawerCard&spm=a2639h.29135425.offerlist.i1&source=action%23offerItem%3Borigin%23cf.shopee.co.th&amug_biz=oneself&amug_fl_src=awakeId_982","P1","07-17","180132748466","34.32","","20-40美金","20-40单","高价品"
"1","适用于 2012-2016 年款日产 Navara 两门车型的电动车窗开关。","黑色的","34.18","https://cf.shopee.co.th/file/cn-11134207-820l4-mg7pji2wdngo11","https://TH.xiapibuy.com/product/1025889691/44175785473","汽车内饰配件","其他的","IVCN2026051318917","380008607508","https://detail.1688.com/offer/973379530250.html?spm=a26352.b28411319/2508.0.0","P1","07-17","380008607508","34.18","","20-40美金","20-40单","高价品"
"1","日本NGK 4支装激光铱金火花塞,适用于本田思域FR-V CR-V 2006-2011款 1.8/思域DX EX LX/ IZFR6K-11S 5266","1套（4件）","34","https://cf.shopee.com.my/file/cn-11134207-820l4-mj7wy4y7jsw340","https://MY.xiapibuy.com/product/1570967662/48004324878","汽车零部件","电子","IVCN2026071013284","302317833797","https://detail.1688.com/offer/802793269175.html?kj_agent_plugin=aliprice&fromkv=xytTrace:0b5681be17840206987782018e0d21&token=ZeINesTgLIA7SFs7dnPH8eZsIwUxKOI%2FIX3uxV2Hf9j6%2FSJw6bmiuc1kv0inEgTd","P0","07-17","302317833797","34","","20-40美金","20-40单","高价品"
"1","【MYJK】JDM新娘车座套 1米 x 1.6米（100厘米 x 160厘米）","黑色渐变","34","https://cf.shopee.co.th/file/sg-11134201-7qvcv-lfqn010ppl9e8a","https://TH.xiapibuy.com/product/1064361759/16196089266","汽车内饰配件","座椅及座椅套","IVCN2026071011222","214590840663","https://detail.1688.com/offer/684862311154.html?fromkv=cbuPcPlugin:imageSearchDrawerCard&sk=consign&spm=a2639h.29135442.offerlist.i1&source=action%23offerItem%3Borigin%23cf.shopee.co.th&amug_biz=oneself&amug_fl_src=awakeId_982","P1","07-17","214590840663","34","","20-40美金","20-40单","高价品"
"1","（100% 全新）***特价*** 本田原装点火线圈：30520-PGK-A01,适用于 2001-2005 款本田 Dimension (ES)","（100% 全新）***特价*** 本田原装点火线圈：30520-PGK-A01,适用于 2001-2005 款本田 Dimension (ES)","34","","https://TH.xiapibuy.com/product/312143017/20131319614","汽车零部件","电子","IVCN2026071013346","201614115070","https://detail.1688.com/offer/591612601637.html?fromkv=cbuPcPlugin:imageSearchDrawerCard&spm=a2639h.29135425.offerlist.i0&source=action%23offerItem%3Borigin%23shopee.co.th&amug_biz=oneself&amug_fl_src=awakeId_982","P0","07-17","201614115070","34","","20-40美金","20-40单","高价品"
"2","超亮 H4 LED 投影灯 80000LM 180W 汽车大灯灯泡 迷你双透镜 H4 高/低光灯 左舵 12V 24V","2件,左舵[H4]","34","https://cf.shopee.com.br/file/cn-11134207-7r98o-lo1zb11n8k2037","https://BR.xiapibuy.com/product/729588059/23591733099","汽车零部件","电子","IVCN202606159789","159767455025","https://detail.1688.com/offer/964509712377.html?fromkv=cbuPcPlugin:imageSearchDrawerCard&spm=a2639h.29135425.offerlist.i5&source=action%23offerItem%3Borigin%23cf.shopee.com.br&amug_biz=oneself&amug_fl_src=awakeId_982","P0","07-17","159767455025","34","","20-40美金","20-40单","高价品"
"1","2个LED大灯灯泡,H4/H7型号,带CAN总线系统,65000流明 200瓦（H1/H9/H11/9005/9006/HB3/HB4）,6000K白光,高功率芯片💡💡💡","飞利浦 H4","34","https://cf.shopee.co.th/file/th-11134207-81zte-mi2h7nihvqbsc9","https://TH.xiapibuy.com/product/950996019/41054147117","汽车零部件","电子","IVCN202606159641","157863661313","https://detail.1688.com/offer/1053883802984.html?kj_agent_plugin=aliprice&fromkv=xytTrace:0bf8ca8917840182249817965e0d1e&token=NUxnecSaQHt6IbjSF47emYAM%2F72UjeyJsJpqdtU%2B4IsYE8BoptmI%2Beq6n7SXbLXc","P0","07-17","157863661313","34","","20-40美金","20-40单","高价品"
"1","MR.LED 出品的 MR02 LED 迷你投影大灯","MR.LED 出品的 MR02 LED 迷你投影大灯","33.6","","https://TH.xiapibuy.com/product/27860629/23348432591","汽车零部件","电子","IVCN202605130631","196888663466","https://detail.1688.com/offer/1035313394976.html?fromkv=cbuPcPlugin:imageSearchDrawerCard&spm=a2639h.29135425.offerlist.i0&source=action%23offerItem%3Borigin%23shopee.co.th&amug_biz=oneself&amug_fl_src=awakeId_982","P0","07-17","196888663466","33.6","","20-40美金","20-40单","高价品"
"1","真4K Pro全高清行车记录仪,360°广角WiFi车载摄像头,高分辨率,清晰前置摄像头,行车记录仪。","仅限相机","33.35","https://cf.shopee.co.th/file/th-11134207-81zth-me4614ga1e6cc8","https://TH.xiapibuy.com/product/1536190320/41414302442","汽车内饰配件","摄像机和停车摄像头","IVCN202607108280","228023015889","https://detail.1688.com/offer/876955205483.html?spm=a26352.b28411319.offerlist.13.3d331e62x94FNB","P1","07-17","228023015889","33.35","","20-40美金","20-40单","高价品"
"1","Rail品牌燃气喷射导轨,4缸（黑色）/ Rail品牌燃气喷射导轨,4缸（灰色）","Rail 4缸（黑色）","33.34","https://cf.shopee.co.th/file/th-11134207-7qul6-lj9b3tcarca0d0","https://TH.xiapibuy.com/product/56543692/4613338681","汽车外饰配件","其他的","IVCN2026071011956","221384324555","相似款：https://detail.1688.com/offer/934232336591.html?fromkv=cbuPcPlugin:imageSearchDrawerCard&spm=a2639h.29135425.offerlist.i0&source=action%23offerItem%3Borigin%23cf.shopee.co.th&amug_biz=oneself&amug_fl_src=awakeId_982","P1","07-17","221384324555","33.34","","20-40美金","20-40单","高价品"
"1","三菱右侧雾灯罩/XPANDER 三菱原装 | MZ MZ MZ33600602","三菱右侧雾灯罩/XPANDER 三菱原装 | MZ MZ MZ33600602","33.33","","https://PH.xiapibuy.com/product/1383098336/27064407294","汽车零部件","电子","IVCN2026061515015","246800590921","相似款：https://detail.1688.com/offer/1052611495138.html?fromkv=cbuPcPlugin:imageSearchDrawerCard&spm=a2639h.29135425.offerlist.i32&source=action%23offerItem%3Borigin%23shopee.ph&amug_biz=oneself&amug_fl_src=awakeId_982","P0","07-17","246800590921","33.33","","20-40美金","20-40单","高价品"
"2","30000流明 120瓦 H4 LED投影迷你透镜汽车H4大灯灯泡套件改装远近光 6000K 涡轮风扇","1件","33.29","https://cf.shopee.com.br/file/sg-11134201-7rdwe-lxgx0sdx1n6n59","https://BR.xiapibuy.com/product/773673801/25170180820","汽车零部件","电子","IVCN202605133629","226156847822","https://detail.1688.com/offer/859859431075.html?kj_agent_plugin=aliprice&fromkv=xytTrace:1","P1","07-17","226156847822","33.29","","20-40美金","20-40单","高价品"
"1","适用于 Forte Cerato 2009-2017 的 CD/电子钟框架顶部装饰面板","适用于 Forte Cerato 2009-2017 的 CD/电子钟框架顶部装饰面板","33.13","","https://BR.xiapibuy.com/product/207166373/28394078406","汽车内饰配件","其他的","IVCN2026051317515","345459456125","https://detail.1688.com/offer/978468069750.html?spm=a26352.b28411319/2508.0.0","P1","07-17","345459456125","33.13","","20-40美金","20-40单","高价品"
"1","Lemen 24片装 4mm/6mm/9mm 汽车摩托车通用无内胎轮胎补胎蘑菇头胶","口香糖（#2）","33","","https://MY.xiapibuy.com/product/155377988/2499296890","汽车保养","轮胎及轮毂保养","IVCN2026071011232","5352918883","https://detail.1688.com/offer/779540240000.html?spm=a26352.b28411319/2508.0.0","P0","07-17","5352918883","33","","20-40美金","20-40单","高价品"
"1","5英寸嵌入式LED工作灯条,适用于越野车,12V/24V,40W聚光LED灯组,适用于汽车、卡车、沙滩车、四驱车、吉普车前大灯","2个40瓦嵌入式安装灯泡","33","https://cf.shopee.ph/file/1de512c84ea69afa6783e97f10a34d73","https://PH.xiapibuy.com/product/567668492/14617588876","汽车零部件","电子","IVCN2026071010190","140820219457","https://detail.1688.com/offer/942030020993.html?fromkv=cbuPcPlugin:imageSearchDrawerCard&spm=a2639h.29135425.offerlist.i0&source=action%23offerItem%3Borigin%23cf.shopee.ph&amug_biz=oneself&amug_fl_src=awakeId_982","P0","07-17","140820219457","33","","20-40美金","20-40单","高价品"
"1","适用于 2012-2019 款雪佛兰科罗拉多车型的减震器橡胶前弹簧","适用于 2012-2019 款雪佛兰科罗拉多车型的减震器橡胶前弹簧","32.86","","https://PH.xiapibuy.com/product/750515103/27938539832","汽车零部件","减震器、支柱和悬架","IVCN202602112719","99854445768","相似款：https://detail.1688.com/offer/818465054870.html?fromkv=cbuPcPlugin:imageSearchDrawerCard&spm=a2639h.29135425.offerlist.i0&source=action%23offerItem%3Borigin%23shopee.com.my&amug_biz=oneself&amug_fl_src=awakeId_982","P1","07-17","99854445768","32.86","","20-40美金","20-40单","高价品"
"1","2026 ZJ55 是一款功能强大的磁性车载手机支架,采用自动夹紧设计,具有防滑性能,能够牢固地固定手机。","黑色的","32.76","https://cf.shopee.co.th/file/sg-11134201-81zwm-mmv3fxyala1467","https://TH.xiapibuy.com/product/1785119454/54208526940","汽车内饰配件","手机支架","IVCN2026071010270","360755892943","https://detail.1688.com/offer/902328574507.html?fromkv=cbuPcPlugin:imageSearchDrawerCard&sk=consign&spm=a2639h.29135442.offerlist.i3&source=action%23offerItem%3Borigin%23cf.shopee.co.th&amug_biz=oneself&amug_fl_src=awakeId_982","P1","07-17","360755892943","32.76","","20-40美金","20-40单","高价品"
"1","长安迪帕S05防虫纱窗/格栅,有效防止石块和啮齿动物进入。直接安装,无需钻孔,安装简便。","黑色闪光,2 件装","32.72","https://cf.shopee.co.th/file/sg-11134201-8261x-mjzrkzsmmknbe0","https://TH.xiapibuy.com/product/1657841277/53655415132","汽车外饰配件","其他的","IVCN202607108834","355493375222","https://detail.1688.com/offer/862013206170.html?spm=a26352.b28411319/2508.0.0","P1","07-17","355493375222","32.72","","20-40美金","20-40单","高价品"
"1","910型外置燃油泵,电动燃油泵,外置燃油泵,压力5.5巴,流量250升/小时。适用于所有类型的车辆。","910","32.7","https://cf.shopee.co.th/file/sg-11134201-7qvf4-lisk7ujqma9f84","https://TH.xiapibuy.com/product/301032844/23247156955","汽车零部件","发动机零件","IVCN202604231713","231766326716","https://detail.1688.com/offer/530520482639.html?spm=a26352.b28411319.offerlist.31.58b81e62WZaXXd","P1","07-17","231766326716","32.7","","20-40美金","20-40单","高价品"
"1","适用于五十铃 D-max Mu-7 TFR 和雪佛兰 Colorado（2002-2011 年款）的可清洗织物空气滤清器。","适用于五十铃 D-max Mu-7 TFR 和雪佛兰 Colorado（2002-2011 年款）的可清洗织物空气滤清器。","32.59","","https://TH.xiapibuy.com/product/19911945/3350846139","汽车零部件","发动机零件","IVCN2026051311263","60881786996","相似款：https://detail.1688.com/offer/810034344676.html?fromkv=cbuPcPlugin:imageSearchDrawerCard&spm=a2639h.29135425.offerlist.i2&source=action%23offerItem%3Borigin%23shopee.co.th&amug_biz=oneself&amug_fl_src=awakeId_982","P1","07-17","60881786996","32.59","","20-40美金","20-40单","高价品"
"1","☢︎RASTP黑色方向盘,直径14英寸,辐条偏移2.5英寸。适用于所有车型。结构坚固耐用,皮革握把柔软舒适。","☢︎RASTP黑色方向盘,直径14英寸,辐条偏移2.5英寸。适用于所有车型。结构坚固耐用,皮革握把柔软舒适。","32.57","","https://TH.xiapibuy.com/product/422452540/43657632289","汽车内饰配件","方向盘及方向盘套","IVCN2026051314839","300648254154","相似款：https://detail.1688.com/offer/827772032353.html?spm=a26352.b28411319.offerlist.20.5e061e62K3NLtR","P1","07-17","300648254154","32.57","","20-40美金","20-40单","高价品"
"1","裙边橡胶密封条、边缘保护条、防切割橡胶条。单价：每卷","7毫米尺寸（白色）,1卷（95米）","32.55","","https://TH.xiapibuy.com/product/795967863/21440212027","其他的","","IVCN2026031326042","182045305990","https://detail.1688.com/offer/648885216961.html?spm=a26352.b28411319/2508.0.0","P1","07-17","182045305990","32.55","","20-40美金","20-40单","高价品"
"1","一对（2件）旧款 Elf Elf macan Elf microbus giga carbon 防断裂排水沟","一对（2件）旧款 Elf Elf macan Elf microbus giga carbon 防断裂排水沟","32.51","","https://PH.xiapibuy.com/product/372300430/25162884302","汽车外饰配件","排水沟","IVCN2026071011448","240322136382","相似款：https://detail.1688.com/offer/607392677109.html?","P1","07-17","240322136382","32.51","","20-40美金","20-40单","高价品"
"1","适用于2015-2023款丰田Fortuner的后保险杠灯/LED刹车灯/LED后雾灯/保险杠灯/尾灯","3 功能 A","32.5","https://cf.shopee.ph/file/cn-11134207-7r98o-luvqxkrkc4kede","https://PH.xiapibuy.com/product/1101569799/24528391880","汽车零部件","电子","IVCN2026051320453","148613879573","https://detail.1688.com/offer/955713751185.html?kj_agent_plugin=aliprice&fromkv=xytTrace:0b0fdc4f17840123661064463e0e54&token=h2T2Mixj58%2FMj5Mg7HeHGB4wQHF7hT7z7XDIpo%2FltsPQ7jSKSWp5hbfmWO3QSt%2FF","P0","07-17","148613879573","32.5","","20-40美金","20-40单","高价品"
"1","真皮纳帕汽车座椅套,防水透气,全套座椅套,极致舒适。特价优惠。","黑色后排座椅*1个","32.34","https://cf.shopee.co.th/file/th-11134207-7ra0i-mcvq65rpec3p6e","https://TH.xiapibuy.com/product/309627813/44203439237","汽车内饰配件","座椅及座椅套","IVCN2026021110640","208545143563","https://detail.1688.com/offer/924115176695.html?spm=a26352.b28411319/2508.0.0","P1","07-17","208545143563","32.34","","20-40美金","20-40单","高价品"
"1","适用于特斯拉Model 3/Y的磁吸式车载手机支架,兼容安卓手机及所有设备。","一个","32.19","https://cf.shopee.co.th/file/sg-11134201-7rd4u-lwmlyski9bbu93","https://TH.xiapibuy.com/product/903834132/29253057355","汽车内饰配件","手机支架","IVCN2026041038255","217589021064","相似款：https://detail.1688.com/offer/847967963862.html?fromkv=cbuPcPlugin:imageSearchDrawerCard&spm=a2639h.29135425.offerlist.i3&source=action%23offerItem%3Borigin%23cf.shopee.co.th&amug_biz=oneself&amug_fl_src=awakeId_982","P1","07-17","217589021064","32.19","","20-40美金","20-40单","高价品"
"1","2个H1 LED灯泡,800000流明,1000瓦,适用于汽车灯；16个8054 CSP 6500K白色H1灯泡,T10 STG 1:1迷你汽车灯泡","H1","32","","https://BR.xiapibuy.com/product/440158906/26575917651","汽车零部件","电子","IVCN202607108494","89104637560","https://detail.1688.com/offer/887184775355.html?kj_agent_plugin=aliprice&fromkv=xytTrace:2104999217507517079458058e1332&token=JUprhzOpRRObPsS%2B25fVZh08Cs7d3pIAWSaIeYuyT7JvXXxT2tpswFaBqVK3VZVC","P0","07-17","89104637560","32","","20-40美金","20-40单","高价品"
"1","【泰国发货❗️】磁吸式车载座椅支架,360°旋转,车载平板电脑支架,车载手机支架","座椅安装支架 CAR-05","32","https://cf.shopee.co.th/file/th-11134207-7rasa-m87p99sc80eh32","https://TH.xiapibuy.com/product/3932024/26482147768","汽车内饰配件","手机支架","IVCN2026031330290","258087267656","https://detail.1688.com/offer/1026998016250.html?kj_agent_plugin=aliprice&fromkv=xytTrace:0","P0","07-17","258087267656","32","","20-40美金","20-40单","高价品"
"1","阻力、风扇速度、空调、五十铃 D-Max、Colorado 2003-2012-2015、Mu-7、MU-X、原装、标准空调、D-MAX。","阻力、风扇速度、空调、五十铃 D-Max、Colorado 2003-2012-2015、Mu-7、MU-X、原装、标准空调、D-MAX。","32","","https://TH.xiapibuy.com/product/831373146/22287730780","汽车零部件","其他的","IVCN2026021111501","222342044158","相似款：https://detail.1688.com/offer/876975485983.html?kj_agent_plugin=aliprice&fromkv=xytTrace:0","P0","07-17","222342044158","32","","20-40美金","20-40单","高价品"
"1","80000mAh 无绳轮胎充气泵便携式空气压缩机车载便携式小型自行车充气泵汽车轮胎充气泵","无线 - 80000mAh","31.96","https://cf.shopee.com.my/file/sg-11134201-7rd3x-lwgpp7bzr25cba","https://MY.xiapibuy.com/product/490091699/29902830162","汽车工具","轮胎压力检测器","IVCN2026041034301","99585052754","相似款：https://detail.1688.com/offer/712740496452.html?","P1","07-17","99585052754","31.96","","20-40美金","20-40单","高价品"
"1","双线圈无线充电车载手机支架 | 15W快充车载手机支架 | 自动感应夹持式出风口旋转车载手机支架 | 可折叠通用型BK55车载手机支架","BK55-黑色","31.86","https://cf.shopee.com.my/file/sg-11134201-81zvg-miqyrpri03k0cc","https://MY.xiapibuy.com/product/399400492/55053817039","汽车内饰配件","手机支架","IVCN202607108710","350362149389","https://detail.1688.com/offer/981458574716.html?fromkv=cbuPcPlugin:imageSearchDrawerCard&spm=a2639h.29135425.offerlist.i0&source=action%23offerItem%3Borigin%23shopee.com.my&amug_biz=oneself&amug_fl_src=awakeId_982","P1","07-17","350362149389","31.86","","20-40美金","20-40单","高价品"
"1","通用拖车减震器 U 型螺栓重型防晃动稳定器拖车安装锁拖车夹拖车连接附件","黑色 5000磅","31.82","https://cf.shopee.co.th/file/th-11134207-7ra0m-mc8wo6msxnx818","https://TH.xiapibuy.com/product/35011131/28253803278","汽车外饰配件","其他的","IVCN2026031331272","285730810028","https://detail.1688.com/offer/634954422673.html?kj_agent_plugin=aliprice&fromkv=xytTrace:0","P1","07-17","285730810028","31.82","","20-40美金","20-40单","高价品"
"1","皮卡车用中段排气管（偏​​置内管）,直径 2.5 英寸/2 英寸/1.6 英寸,采用真正的 304 不锈钢制成,适用于自动变速器和赛车应用。","2","31.79","","https://TH.xiapibuy.com/product/70084463/8559311891","汽车零部件","尾气和排放","IVCN2026051315483","100362599962","https://detail.1688.com/offer/988931688273.html?fromkv=cbuPcPlugin:imageSearchDrawerCard&spm=a2639h.29135425.offerlist.i7&source=action%23offerItem%3Borigin%23shopee.co.th&amug_biz=oneself&amug_fl_src=awakeId_982","P1","07-17","100362599962","31.79","","20-40美金","20-40单","高价品"
"1","皮卡车用中段排气管（偏​​置内管）,直径 2.5 英寸/2 英寸/1.6 英寸,采用真正的 304 不锈钢制成,适用于自动变速器和赛车应用。","2.5","31.77","","https://TH.xiapibuy.com/product/70084463/8559311891","汽车零部件","尾气和排放","IVCN2026071011426","100362599963","相似款：https://detail.1688.com/offer/807757516810.html?kj_agent_plugin=aliprice&fromkv=xytTrace:21080f7717743410825417020e0f59&token=lVF4jN3PHn8Dk%2Fq0IzPgg2ZblBEGDNaCN6M0hWnZBBuyrtPsXpC%2F0hJxsh2W8IL3","P1","07-17","100362599963","31.77","","20-40美金","20-40单","高价品"
"1","Prestige 多用途 MAGIC GATAS 1 加仑","Prestige 多用途 MAGIC GATAS 1 加仑","31.76","","https://PH.xiapibuy.com/product/133407768/11841189689","汽车保养","抛光剂、涂层和密封剂","IVCN2026051316601","112040584738","相似款：https://detail.1688.com/offer/968536394418.html?spm=a26352.30366035.offerlist.93.66c01e62rucIxH&offerId=968536394418&sortType=&pageId=&abBizDataType=cbuOffer&trace_log=normal&uuid=b48d8d9fe3e84e6eafa3df936e431b88&skuId=6081998146687&forcePC=1767863728923","P1","07-17","112040584738","31.76","","20-40美金","20-40单","高价品"
"1","通用型车载风扇 24V/12V 电动四头汽车风扇 360°可调冷却风扇 低噪音","4Fan-USB","31.73","https://cf.shopee.ph/file/ph-11134207-7rasb-m34nw36cn43ffd","https://PH.xiapibuy.com/product/322335353/11903145539","汽车内饰配件","其他的","IVCN2026051319387","139156884888","","P1","07-17","139156884888","31.73","","20-40美金","20-40单","高价品"
"1","Starlink Mini 专用支架,带两个强力吸盘 - 快速发货","交叉模型","31.72","https://cf.shopee.com.br/file/cn-11134207-820l4-mmk8cd69x9mra2","https://BR.xiapibuy.com/product/1748394079/53757305577","汽车内饰配件","其他的","IVCN2026061520615","400721741580","相似款：https://detail.1688.com/offer/1049188811213.html?spm=a26352.b28411319/2508.0.0","P1","07-17","400721741580","31.72","","20-40美金","20-40单","高价品"
"1","带 WIFI、4K 分辨率、3 个摄像头（前置、车内、后置）、夜视模式、可在手机上查看、高清、高编码率的行车记录仪。","WIFI 版本","31.72","https://cf.shopee.co.th/file/sg-11134201-7rdxi-mcm09igrk9tfce","https://TH.xiapibuy.com/product/1524255030/43510350261","汽车内饰配件","摄像机和停车摄像头","IVCN2026071013324","227966369981","https://detail.1688.com/offer/1055455571300.html?fromkv=cbuPcPlugin:imageSearchDrawerCard&spm=a2639h.29135425.offerlist.i0&source=action%23offerItem%3Borigin%23cf.shopee.co.th&amug_biz=oneself&amug_fl_src=awakeId_982","P1","07-17","227966369981","31.72","","20-40美金","20-40单","高价品"
"1","三菱 Triton、五十铃 D-Max、Mu-7、Triton、Pajero Sport、Colorado（2003-2011）空调鼓风机 [增压器 1]","三菱 Triton、五十铃 D-Max、Mu-7、Triton、Pajero Sport、Colorado（2003-2011）空调鼓风机 [增压器 1]","31.65","","https://TH.xiapibuy.com/product/7926325/3426028734","汽车零部件","散热器、发动机冷却和气候控制","IVCN202604231547","217397972690","相似款：https://detail.1688.com/offer/918451609046.html?kj_agent_plugin=aliprice&fromkv=xytTrace:0","P1","07-17","217397972690","31.65","","20-40美金","20-40单","高价品"
"1","液体输送泵,电动户外水泵,适用于汽车、车辆、燃料、气体输送、液体吸入、油输送。","红色|小","31.55","https://cf.shopee.co.th/file/th-11134207-81ztd-mjtm1rbjz94w71","https://TH.xiapibuy.com/product/1536049438/53355172055","汽车零部件","燃油系统","IVCN2026031332898","375474796368","https://detail.1688.com/offer/753817174329.html?fromkv=cbuPcPlugin:imageSearchDrawerCard&spm=a2639h.29135425.offerlist.i0&source=action%23offerItem%3Borigin%23cf.shopee.co.th&amug_biz=oneself&amug_fl_src=awakeId_982","P1","07-17","375474796368","31.55","","20-40美金","20-40单","高价品"
"1","2025新款F18车载无线15W充电器支架,自动感应电动伸缩90°旋转,带环境光感应,通用型,适用于汽车/手机","黑色的","31.52","https://cf.shopee.co.th/file/sg-11134201-7reoi-m8r1myf47f69ac","https://TH.xiapibuy.com/product/290440330/24594270762","汽车内饰配件","手机支架","IVCN2026041039459","227708087522","https://detail.1688.com/offer/864923880392.html?fromkv=cbuPcPlugin:imageSearchDrawerCard&spm=a2639h.29135425.offerlist.i2&source=action%23offerItem%3Borigin%23shopee.co.th&amug_biz=oneself&amug_fl_src=awakeId_982","P1","07-17","227708087522","31.52","","20-40美金","20-40单","高价品"
"1","24V风扇,24V卡车风扇,封闭式车辆通风扇。","24V风扇,24V卡车风扇,封闭式车辆通风扇。","31.47","","https://TH.xiapibuy.com/product/1822014602/50860282203","汽车内饰配件","其他的","IVCN202607108320","380903324307","相似款：https://detail.1688.com/offer/1013950337545.html?spm=a26352.b28411319/2508.0.0","P1","07-17","380903324307","31.47","","20-40美金","20-40单","高价品"
"1","橡胶轮挡,尺寸18x25x20厘米。适用于卡车。经久耐用且富有弹性。","黑色的","31.38","","https://TH.xiapibuy.com/product/519227373/10438590657","汽车零部件","其他的","IVCN202602111635","67107792448","相似款：https://detail.1688.com/offer/668547428893.html?kj_agent_plugin=aliprice&fromkv=xytTrace:0","P1","07-17","67107792448","31.38","","20-40美金","20-40单","高价品"
"1","R134A空调安装工具包快速泄压阀（2件）","E2453","31.32","","https://TH.xiapibuy.com/product/17915686/1784208657","汽车零部件","发动机零件","IVCN202605135429","2990085423","https://detail.1688.com/offer/521969618482.html?fromkv=cbuPcPlugin:imageSearchDrawerCard&spm=a2639h.29135425.offerlist.i0&source=action%23offerItem%3Borigin%23shopee.co.th&amug_biz=oneself&amug_fl_src=awakeId_982","P1","07-17","2990085423","31.32","","20-40美金","20-40单","高价品"
"1","【现货】前后双录行车记录仪,全高清1080P录制,140°广角镜头 / 前后双摄像头","前置摄像头 + 16GB","31.32","https://cf.shopee.co.th/file/b5207de13ddf817afe5a03bfd8176157","https://TH.xiapibuy.com/product/325746875/20720899167","汽车内饰配件","摄像机和停车摄像头","IVCN202607109996","191916205707","https://detail.1688.com/offer/679269683426.html?fromkv=cbuPcPlugin:imageSearchDrawerCard&spm=a2639h.29135425.offerlist.i12&source=action%23offerItem%3Borigin%23shopee.co.th&amug_biz=oneself&amug_fl_src=awakeId_982","P1","07-17","191916205707","31.32","","20-40美金","20-40单","高价品"
"2","新款 ORA5 车饰,Aura 5 2026 年款,硅胶材质,可爱又实用。","长长的灰色托盘","31.18","https://cf.shopee.co.th/file/sg-11134201-820ln-mnbrf0bebu9u39","https://TH.xiapibuy.com/product/64472685/50209259420","汽车内饰配件","收纳盒和隔层","IVCN2026071010620","277558478999","相似款：https://detail.1688.com/offer/914273311232.html?fromkv=cbuPcPlugin:imageSearchDrawerCard&spm=a2639h.29135425.offerlist.i6&source=action%23offerItem%3Borigin%23cf.shopee.co.th&amug_biz=oneself&amug_fl_src=awakeId_982","P1","07-17","277558478999","31.18","","20-40美金","20-40单","高价品"
"1","多功能折叠桌,适用于汽车,可作餐桌,便携,坚固,采用优质材料,尺寸大。","黑色的","31.14","https://cf.shopee.co.th/file/sg-11134201-8262h-ml5qd95xtv5vca","https://TH.xiapibuy.com/product/1240208451/42178897107","汽车内饰配件","收纳盒和隔层","IVCN2026051318201","360581693122","相似款：https://detail.1688.com/offer/875006358998.html?fromkv=cbuPcPlugin:imageSearchDrawerCard&spm=a2639h.29135425.offerlist.i0&source=action%23offerItem%3Borigin%23cf.shopee.co.th&amug_biz=oneself&amug_fl_src=awakeId_982","P1","07-17","360581693122","31.14","","20-40美金","20-40单","高价品"
"1","汽车引擎盖罩 4层汽车引擎盖罩 防刮 防热 防猫爪 防水 4层100%防水 Max99 Kap099","4层KAP保护套","31.11","https://cf.shopee.com.my/file/id-11134207-7r98s-lqk2omf541of9e","https://MY.xiapibuy.com/product/250476472/25858687360","汽车外饰配件","封面","IVCN2026051311079","59740412996","相似款：https://detail.1688.com/offer/702849806184.html?fromkv=cbuPcPlugin:imageSearchDrawerCard&spm=a2639h.29135425.offerlist.i48&source=action%23offerItem%3Borigin%23shopee.com.my&amug_biz=oneself&amug_fl_src=awakeId_982","P1","07-17","59740412996","31.11","","20-40美金","20-40单","高价品"
"1","【SG Local】FANKE 7合1车载充电器,192W快充,可扩展线缆,PD/USB/Type-C手机适配器,兼容iPhone/安卓手机,适用于所有手机","7合1-TC&IP-升级版","31","https://cf.shopee.sg/file/cn-11134207-820l4-mnlqksp0blz5ae","https://SG.xiapibuy.com/product/1376876976/42730447168","汽车内饰配件","USB充电器、FM和蓝牙发射器","IVCN2026071012306","302576909394","相似款：https://detail.1688.com/offer/1009086730365.html?spm=a26352.b28411319/2508.0.0","P0","07-17","302576909394","31","","20-40美金","20-40单","高价品"
"1","汽车安全带更换配件套装,包含三点式可伸缩安全带扣","灰色的","30.98","https://cf.shopee.ph/file/sg-11134201-7rd4d-lvu2ux67v6al49","https://PH.xiapibuy.com/product/1262309540/26551165288","汽车内饰配件","座椅及座椅套","IVCN202602119112","185132269911","https://detail.1688.com/offer/570567481114.html?kj_agent_plugin=aliprice&fromkv=xytTrace:2108837b17501524260411694e15be&token=mKJje%2Fx2SkJGcP8RTSdMml%2BXN%2BCbPNSB9YMedrHJ7%2BGPyQQRcCM%2BTFSrqXkcKgH9","P1","07-17","185132269911","30.98","","20-40美金","20-40单","高价品"
"1","DC 5V 1/8NPT螺纹不锈钢压力传感器 220psi 变送器传感器,适用于油、燃料、柴油、空气、水","DC 5V 1/8NPT螺纹不锈钢压力传感器 220psi 变送器传感器,适用于油、燃料、柴油、空气、水","30.88","","https://MY.xiapibuy.com/product/307970416/22377826613","汽车零部件","燃油系统","IVCN2026031325092","158336744931","相似款：https://detail.1688.com/offer/990836006764.html?kj_agent_plugin=aliprice&fromkv=xytTrace%3A0&tracelog=cps&clickid=0f95a693169705eda263c63cf7d34363&targetUrl=https%3A%2F%2Fs.click.1688.com%2Ft%3Fe%3DD2DC7A927D55C03D6511A0CCA913FD65D6FA062685DFF8F7D920A558D1D5758C4B369BE324A83E744B8F19128B0D93E33FB8088B45F57B9E47F28FD2CC0E231B18AD4F779334558760FEF997084D4D5331EB6FC8DBCADED4C6C8CEEEE21320CC4BD39EA2FE12E3B1E3EFE77752314E1CAE5877D79D8400634A0E3AE3561D5EF97F99033BEED4D408348394BC3CC3C62B9992F8828C4BE892CB6D90AE6A2642A48EC9154AC98DE9DD6C6A2059D28E0FAE1120453FA77B1D42A3615DCDC90DB925D1D878AD83527632F999BE84BEE7431002AA925C01920FB71E44AB026384D9BCDF2EA806042569EBBC37071DE64464B1%26cbu_cps_trace_flag%3Dwrite","P1","07-17","158336744931","30.88","","20-40美金","20-40单","高价品"
"1","🌟适用于2006-2011款车型的左前电动车窗升降电机 72250-A03","🌟适用于2006-2011款车型的左前电动车窗升降电机 72250-A03","30.8","","https://BR.xiapibuy.com/product/207173387/29841979781","汽车零部件","其他的","IVCN202605131585","206279020903","https://detail.1688.com/offer/960836356058.html?kj_agent_plugin=aliprice&fromkv=xytTrace:2127a84b17744923359116318e0dc3&token=ZnxEOBesrG4tej537x6jeBYwMsiAuHfbI3eWYq%2BnSRMlDICwnYNuhtNfsta8u2E5","P1","07-17","206279020903","30.8","","20-40美金","20-40单","高价品"
"1","汽车储物箱、汽车收纳袋、后备箱收纳袋、可折叠储物箱、带铝合金手柄的收纳盒。","升（55升）","30.79","https://cf.shopee.co.th/file/sg-11134201-7ra3b-m4y4b6fdmndq46","https://TH.xiapibuy.com/product/1207745538/29473360327","汽车内饰配件","收纳盒和隔层","IVCN2026051322665","168659388616","https://detail.1688.com/offer/673126784011.html?kj_agent_plugin=aliprice&fromkv=xytTrace%3A0&tracelog=cps&clickid=8736e51c8c2d764659381ab2387e2755&targetUrl=https%3A%2F%2Fs.click.1688.com%2Ft%3Fe%3DA6FEAF87A2FCFBDD05C1BD6ABB449CE46147FC88EA630CBAC31FEFBD3966EDE4DF88C915D5486E33D1003E749B3EAAA5861098A75E16F4D226600F2847DABD1A5F0FFA4FF39BCCC320D4625E68D0D47AF6FEC9241CC79F982F2298161E9E1CDC8CA092C16A949119EE75A01C85ABE972AB62E3D760A92995B238522C42B74DFC7EEF6D6099BA67CE2BA95CC4F9A8AC078DA5D597E84AF7F94852BDF5DCE284BCE552E8C64231F5A46A51F3397AC8464A6EBB24BFA82C289B69665F131953DFC18B1344700CBBA529683140EC7F51EE27403CBAFEB290B4A6","P1","07-17","168659388616","30.79","","40-60美金","20-40单","高价品"
"1","灰色金属质感 BATTESHIP/NARDO 汽车/MC 车身贴纸","24x60英寸","30.61","https://cf.shopee.ph/file/ph-11134207-7r992-lrvbf203zgasce","https://PH.xiapibuy.com/product/55061641/24763893412","汽车外饰配件","贴纸、标志和徽章","IVCN202605131337","204919109074","无同款","P1","07-17","204919109074","30.61","","20-40美金","20-40单","高价品"
"1","AION V 石子防护格栅 🪨🍂🪵（**内装式**）不影响原车设计,无需拆卸任何汽车部件。免费赠送！！🔪 切割刀。🚗💨 加厚ABS材质。","AION V 石子防护格栅 🪨🍂🪵（**内装式**）不影响原车设计,无需拆卸任何汽车部件。免费赠送！！🔪 切割刀。🚗💨 加厚ABS材质。","30.6","","https://TH.xiapibuy.com/product/225266136/40005685970","汽车外饰配件","其他的","IVCN202604232341","305476464289","无同款","P1","07-17","305476464289","30.6","","60-80美金","20-40单","高价品"
"1","100个车轮配重块,总重5-10克。镀锌处理,黑色和棕色粘合剂,蓝色外壳。保证高品质粘合剂,粘合牢固可靠,不会松动。","蓝色的","30.56","https://cf.shopee.co.th/file/sg-11134201-7rep2-m2w5vm7aflyz73","https://TH.xiapibuy.com/product/1029614135/26168384545","汽车保养","轮胎及轮毂保养","IVCN2026061510009","166815417827","https://detail.1688.com/offer/549177419166.html?spm=a26352.b28411319.offerlist.17.52861e62Bs3ICg","P1","07-17","166815417827","30.56","","20-40美金","20-40单","高价品"
"1","2025 USB Dongle 无线 CarPlay & Android Auto 适配器,即插即用 5.8GHz WiFi5,兼容几乎所有车型。","M11","30.31","https://cf.shopee.co.th/file/th-11134207-81ztj-mimr6wu8bl6p5c","https://TH.xiapibuy.com/product/1289451770/40477476851","汽车内饰配件","USB充电器、FM和蓝牙发射器","IVCN202607109836","340341558610","相似款：https://detail.1688.com/offer/911274901429.html?fromkv=cbuPcPlugin:imageSearchDrawerCard&spm=a2639h.29135425.offerlist.i2&source=action%23offerItem%3Borigin%23shopee.co.th&amug_biz=oneself&amug_fl_src=awakeId_982","P1","07-17","340341558610","30.31","","20-40美金","20-40单","高价品"
"1","适用于特斯拉 Model 3 Y YL 的钢化玻璃屏幕保护膜（2021-2026 款）,中央后导航贴膜,3 秒轻松安装。","高清清晰版,M3/Y 23-2026 F+R 15 英寸","30.3","https://cf.shopee.com.my/file/sg-11134201-820o1-mnvwklvmgw0075","https://MY.xiapibuy.com/product/1615799000/55209973824","汽车内饰配件","其他的","IVCN202607109680","380880754715","https://detail.1688.com/offer/731062421695.html?kj_agent_plugin=aliprice&fromkv=xytTrace%3A2146938717840997167046598e0d4c&token=RGxexs3SQHqZoo9F%2BksMmWGdm8233N7ZldTUtoW1XDZbefzS1gHmsBVaHKu%2FwXXq&tracelog=cps&clickid=37989a886f0d58c58fc81a9e6a4bc2a4&targetUrl=https%3A%2F%2Fs.click.1688.com%2Ft%3Fe%3DD2DC7A927D55C03D6511A0CCA913FD65D6FA062685DFF8F7D920A558D1D5758C4B369BE324A83E744B8F19128B0D93E33FB8088B45F57B9E47F28FD2CC0E231B18AD4F779334558760FEF997084D4D5331EB6FC8DBCADED4C6C8CEEEE21320CC4BD39EA2FE12E3B19E392492B33CC137D434DABDF5CCE2A0CA98B61C247FB08958472617B2255084348394BC3CC3C62B9992F8828C4BE892DEC7F85AD2D8B6EC7897ED5FE913E9DB0A3CBAA64F752B7D9AA94439D00372A91479C5CEB2A797710D74C66D4E170D42072ED1E490F18370B5939CBFBFC7BCCC6BAC1E3678DAFD14D67369BB0333957CF42CBE92E4DA33B1%26cbu_cps_trace_flag%3Dwrite","P0","07-17","380880754715","30.3","","20-40美金","20-40单","高价品"
"1","Baseus 汽车遮阳伞：用于汽车挡风玻璃的防紫外线伞。","Cafele 双层 Pro 型号","30.3","https://cf.shopee.co.th/file/sg-11134201-7rd3x-m79bzhx9zoj5a1","https://TH.xiapibuy.com/product/80716556/21879550964","汽车内饰配件","遮阳罩和仪表盘罩","IVCN2026021112283","232694354620","相似款https://detail.1688.com/offer/802794060078.html?kj_agent_plugin=aliprice&fromkv=xytTrace%3A0b52090217647576685934044e0d92&token=kGAT0jWMwQ2VauOwAt9lgcZM16ZZ%2FF8mY0ULjvWNJBjyMnk0tsWfmFFI1tYT2ekK&tracelog=cps&clickid=a1b1baa0297049cd435b17ef872f6507&targetUrl=https%3A%2F%2Fs.click.1688.com%2Ft%3Fe%3DD2DC7A927D55C03D6511A0CCA913FD65D6FA062685DFF8F7D920A558D1D5758C4B369BE324A83E744B8F19128B0D93E33FB8088B45F57B9E47F28FD2CC0E231B18AD4F779334558760FEF997084D4D5331EB6FC8DBCADED4C6C8CEEEE21320CC4BD39EA2FE12E3B108B8E5B529CEC3C360B1ED842A917D52008582342D9DFC3F44686DEC3A4AEA59348394BC3CC3C62B9992F8828C4BE892EF03EDE228D64710F2ACED4ADB3FE65A46922659C1D5FAC94212B0C7F0C0006590A9583786992001720981BB0F975BFA186C8BD4FF14B7FE7337FF33D71B4BC18FCD6F83CCA86972B04ABC51305C30F29D3B3FF6A21CF6F1%26cbu_cps_trace_flag%3Dwrite","P0","07-17","232694354620","30.3","","20-40美金","20-40单","高价品"
"1","60厘米长的LED尾灯,醒目时尚,适用于卡车和其他车辆。支持12V和24V电源。（单侧价格）","24V,1个,黄色转向灯。","30.25","","https://TH.xiapibuy.com/product/45698945/25877373334","汽车零部件","电子","IVCN2026051321257","157284289717","相似款：https://detail.1688.com/offer/693784093935.html?kj_agent_plugin=aliprice&fromkv=xytTrace:0","P1","07-17","157284289717","30.25","","20-40美金","20-40单","高价品"
"1","Got Liang 2个装 M8 PRO 60W 高亮度汽车大灯 H4 H7 H11 9005 9006 汽车雾灯 LED 灯泡 6500K DC 9-36V","H4-2PCS,6500K","30.11","https://cf.shopee.vn/file/sg-11134201-82608-mlmw01adodms90","https://VN.xiapibuy.com/product/819085436/51706993635","汽车零部件","电子","IVCN2026041049545","400624917468","https://detail.1688.com/offer/979024625026.html?kj_agent_plugin=aliprice&fromkv=xytTrace:0b0fdc4f17774596966786688e0f57&token=RlVrWj030MG6PpJg8hy3m8a6H%2B01tTTmGo%2BD0AZD%2ByVKgzrON1U7dBi2rRnUt%2B8c","P1","07-17","400624917468","30.11","","20-40美金","20-40单","高价品"
"1","适用于日产阳光Neo 1.6（2001-2008）的LUCAS点火线圈","适用于日产阳光Neo 1.6（2001-2008）的LUCAS点火线圈","30","","https://TH.xiapibuy.com/product/18976139/3214968985","汽车零部件","电子","IVCN2026071014030","52142402873","相似款：https://detail.1688.com/offer/1058093953904.html?kj_agent_plugin=aliprice&fromkv=xytTrace:0","P0","07-17","52142402873","30","","20-40美金","20-40单","高价品"
"1","OneAudio SU 4英寸中音扬声器 4欧姆 50瓦 4英寸扬声器 汽车音响 汽车扬声器配件","4英寸 4Ω 50W","30","https://cf.shopee.ph/file/cn-11134207-7r98o-lzppjbj55z7711","https://PH.xiapibuy.com/product/1274006410/26519074480","汽车内饰配件","功放、扬声器和低音炮","IVCN2026071013296","257140488010","相似款：https://detail.1688.com/offer/986979187329.html?fromkv=cbuPcPlugin:imageSearchDrawerCard&spm=a2639h.29135425.offerlist.i7&source=action%23offerItem%3Borigin%23cf.shopee.ph&amug_biz=oneself&amug_fl_src=awakeId_982","P0","07-17","257140488010","30","","20-40美金","20-40单","高价品"
"1","正品 LiFePO4 12V 6Ah-7-14Ah 电池,适用于 UPS 电源、应急灯、电动自行车和农业设备。","12V 7Ah","30","https://cf.shopee.co.th/file/th-11134207-7r98o-lriztik9lad98c","https://TH.xiapibuy.com/product/39789884/7717699962","汽车零部件","电子","IVCN202605137299","250325712696","相似款：https://detail.1688.com/offer/625951227218.html?spm=a261y.7663282.3002526303362591.2.4b3f22b294MP4v&sk=order&fromkv=cbuPcPlugin%3AimageSearchDrawerCard","P0","07-17","250325712696","30","","20-40美金","20-40单","高价品"
"1","5毫升/8毫升空香水瓶,100个装。透明方形玻璃瓶,配木盖,非常适合悬挂在汽车或家中。","长方形,圆形盖子 = 100","30","https://cf.shopee.co.th/file/th-11134207-81ztl-mel9x3id18ufa7","https://TH.xiapibuy.com/product/91084013/25166315428","其他的","","IVCN2025111465135","187341838735","https://detail.1688.com/offer/916564835772.html?kj_agent_plugin=aliprice&fromkv=xytTrace:0","P0","07-17","187341838735","30","","20-40美金","20-40单","高价品"
"1","三菱 Xpander MZ 雾灯边框盖 33600601 MZ 33600602 Xpander 配件 2026","左边","30","https://cf.shopee.ph/file/e2a3339deac6cd37bd379c76969c99f3","https://PH.xiapibuy.com/product/720502445/17427423039","汽车外饰配件","装饰","IVCN2026031325638","171086336876","相似款：https://detail.1688.com/offer/923712564391.html?kj_agent_plugin=aliprice&fromkv=xytTrace:213f867c17738215563788583e126c&token=KPc%2BKFOnvVt1%2F9OV8CljFU9HIUOKsbgwq5XKCz3pksDcLfYOHZY5d6iEsFGllhU2","P0","07-17","171086336876","30","","20-40美金","20-40单","高价品"
"2","（A34）Greddy废气旁通阀罐,适用于1.9、3000、F55V、F55涡轮增压改装。可调式废气旁通阀,1.9涡轮增压改装废气旁通阀,3.0涡轮增压废气旁通阀。","V.1","29.88","https://cf.shopee.co.th/file/th-11134207-7r98o-lkpfgq7qhm8u25","https://TH.xiapibuy.com/product/10396662/22069600896","汽车零部件","其他的","IVCN202605133499","225264887535","相似款：https://detail.1688.com/offer/959597819438.html?kj_agent_plugin=aliprice&fromkv=xytTrace:0","P1","07-17","225264887535","29.88","","20-40美金","20-40单","高价品"
"1","适用于各种车型的可调式稳定杆连杆（前部和后部）。","10毫米,250毫米-310毫米","29.86","https://cf.shopee.co.th/file/cn-11134207-7ras8-m4wzoml97rble0","https://TH.xiapibuy.com/product/1434986386/28223209656","汽车零部件","减震器、支柱和悬架","IVCN202512229886","257446740515","相似款：https://detail.1688.com/offer/992068250365.html","P1","07-17","257446740515","29.86","","20-40美金","20-40单","高价品"
"2","便携式气泵、电动气泵、自行车气泵、USB充气泵、LED显示屏、自动充气、压力表、可充电。","🔥A pro max🔥LED","29.8","https://cf.shopee.co.th/file/th-11134207-81ztq-mncb1arh31mqf4","https://TH.xiapibuy.com/product/1469806007/25691833938","汽车工具","轮胎压力检测器","IVCN2026061516785","280744833176","相似款：https://detail.1688.com/offer/950893819326.html?kj_agent_plugin=aliprice&fromkv=xytTrace:0","P1","07-17","280744833176","29.8","","100-300美金","20-40单","高价品"
"1","涡轮增压器供油管路套件 + 涡轮增压器回油管路套件","D-Max","29.79","","https://TH.xiapibuy.com/product/83193532/16161555627","汽车零部件","发动机零件","IVCN2026031324050","126703405241","无同款","P1","07-17","126703405241","29.79","","40-60美金","20-40单","高价品"
"1","Foxsur FBT-200 12V/24V 电池分析仪和测试仪,可测量 CA 和 CCA,适用于汽车和摩托车。","新款FBT-300型,红色。","29.75","https://cf.shopee.co.th/file/th-11134207-7r98v-lvzjr58klf4f8b","https://TH.xiapibuy.com/product/131007075/14766329757","汽车工具","测试、诊断和维修工具","IVCN202605137479","250934866701","相似款：https://detail.1688.com/offer/792872483231.html?kj_agent_plugin=aliprice&fromkv=xytTrace:2132815517749424363672726e10d3&token=ExpADpibsbu81XOGS0pxgJgl7c1tJzLe1HLo2TIXEyy13LaudiBbxCU8Zl2DIuIs","P1","07-17","250934866701","29.75","","20-40美金","20-40单","高价品"
"1","婚礼拱门、波西米亚风、尤加利花环、花帘、装饰、欢迎牌人造花套装","白色的","29.62","https://cf.shopee.com.br/file/sg-11134201-8259r-meu8x4zsg5jb4b","https://BR.xiapibuy.com/product/1424703756/43520102132","汽车零部件","其他的","IVCN202512229094","276642941205","相似款：https://detail.1688.com/offer/769119939726.html?spm=a26352.b28411319/2508.0.0","P1","07-17","276642941205","29.62","","20-40美金","20-40单","高价品"
"1","NEVO Q05专用硅胶杯架。汽车内饰配件及装饰品。","A-Black","29.6","https://cf.shopee.co.th/file/sg-11134201-820l4-mnfm8inubnya7d","https://TH.xiapibuy.com/product/1509548725/55809431136","汽车内饰配件","收纳盒和隔层","IVCN202607108652","365833628897","相似款：https://detail.1688.com/offer/1050881394668.html?fromkv=cbuPcPlugin:imageSearchDrawerCard&spm=a2639h.29135425.offerlist.i1&source=action%23offerItem%3Borigin%23cf.shopee.co.th&amug_biz=oneself&amug_fl_src=awakeId_982","P0","07-17","365833628897","29.6","","20-40美金","20-40单","高价品"
"1","3M反光车贴,2英寸宽,50米长。","黄色的","29.6","","https://TH.xiapibuy.com/product/107468522/2131348975","汽车外饰配件","贴纸、标志和徽章","IVCN2026071013810","302576014581","相似款：https://detail.1688.com/offer/640889912694.html?kj_agent_plugin=aliprice&fromkv=xytTrace:0","P0","07-17","302576014581","29.6","","40-60美金","20-40单","高价品"
"1","适用于2005-2014年款（右舵车型）的上部手套箱抽屉。经久耐用,耐磨损。原厂配件。","黑色的","29.6","https://cf.shopee.co.th/file/th-11134207-81zto-mgzxa90c0lcc36","https://TH.xiapibuy.com/product/1195189248/45001273109","汽车内饰配件","收纳盒和隔层","IVCN2026071013366","302148727086","相似款：https://detail.1688.com/offer/956082743294.html?fromkv=cbuPcPlugin:imageSearchDrawerCard&spm=a2639h.29135425.offerlist.i1&source=action%23offerItem%3Borigin%23cf.shopee.co.th&amug_biz=oneself&amug_fl_src=awakeId_982","P1","07-17","302148727086","29.6","","20-40美金","20-40单","高价品"
"1","适用于D-MAX 4JJ、4JK、4JJ1、4JK1（非VGS）发动机的气门室盖垫片套装。包括新月形橡胶密封圈、喷油器座密封圈、橡胶密封圈和侧面喷油器座垫片。","4JJ 或 4JK 发动机上没有机翼。","29.57","https://cf.shopee.co.th/file/sg-11134201-7rbkt-lo82fw2p0d1f27","https://TH.xiapibuy.com/product/283721754/24601303528","汽车零部件","其他的","IVCN2026071012746","235813958117","无同款","P1","07-17","235813958117","29.57","","20-40美金","20-40单","高价品"
"1","全新 Perodua Alza 2023-2026 D27A 车门把手盖 车门碗盖 配件 碳纤维","亮黑色,手柄+碗","29.51","https://cf.shopee.com.my/file/cn-11134207-820l4-mp3ug0zih7uz84","https://MY.xiapibuy.com/product/1258181138/24532973041","汽车外饰配件","封面","IVCN2026031328084","222958750862","相似款：https://detail.1688.com/offer/820362886346.html?fromkv=cbuPcPlugin:imageSearchDrawerCard&spm=a2639h.29135425.offerlist.i0&source=action%23offerItem%3Borigin%23cf.shopee.com.my&amug_biz=oneself&amug_fl_src=awakeId_982","P1","07-17","222958750862","29.51","","20-40美金","20-40单","高价品"
"1","适用于电动摩托车的运动型油门杆,原装配件,可直接安装于 Lion E2 和 Z2 车型。","Z2（第二代）","29.5","https://cf.shopee.co.th/file/th-11134207-7rasf-m854tkfl56j3f9","https://TH.xiapibuy.com/product/54046643/23957276034","汽车内饰配件","踏板和变速杆","IVCN2026051323853","184880883556","相似款：https://detail.1688.com/offer/798442553262.html?spm=a26352.b28411319/2508.0.0","P0","07-17","184880883556","29.5","","20-40美金","20-40单","高价品"
"1","适用于多种车型的CarPlay和Android Auto无线适配器。安装简便,稳定性高。","M22","29.45","https://cf.shopee.co.th/file/th-11134207-81zth-mjtio5k160as6d","https://TH.xiapibuy.com/product/1289985933/56555154487","汽车内饰配件","USB充电器、FM和蓝牙发射器","IVCN2026071012758","345474070793","相似款：https://detail.1688.com/offer/1055027951867.html?spm=a26352.b28411319/2508.0.0&cosite=-&tracelog=p4p&_p_isad=1&clickid=802e84cb7ba44e9f88d06df94cbb2eb9&sessionid=717a4b7975b067433ac6b4e5c334d8a4","P1","07-17","345474070793","29.45","","80-100美金","20-40单","高价品"
"1","发动机曲轴箱 EX5 1 级 RH Kanan 盖 发动机离合器侧 RH Kriss100 Bonus110 发动机箱离合器侧发动机壳体","曲轴箱（右）","29.41","","https://MY.xiapibuy.com/product/312772735/18835677097","汽车零部件","其他的","IVCN202604230473","88151503774","https://detail.1688.com/offer/649798313602.html?kj_agent_plugin=aliprice&fromkv=xytTrace:212bc12a17566968231486922e0cbd&token=Z5gkGnHPA9wBVTzMaO8F2WGbmI3jc15qJQBSmfIt26ZYB9kqMCUf8eOyrGXcI3K%2B","P1","07-17","88151503774","29.41","","20-40美金","20-40单","高价品"
"1","汽车中央扶手箱储物盒 - 吉利EX2扶手分隔器,内部驱动装置","所以","29.15","https://cf.shopee.com.br/file/sg-11134201-823oz-molb9l701c7gb3","https://BR.xiapibuy.com/product/1788731542/41831124688","汽车内饰配件","收纳盒和隔层","IVCN2026071012718","262640552058","相似款：https://detail.1688.com/offer/1038624899946.html?fromkv=cbuPcPlugin:imageSearchDrawerCard&spm=a2639h.29135425.offerlist.i0&source=action%23offerItem%3Borigin%23cf.shopee.com.br&amug_biz=oneself&amug_fl_src=awakeId_982","P1","07-17","262640552058","29.15","","20-40美金","20-40单","高价品"
"1","Allan Superstore 10个装凸轮锁,适用于Piso Net Pisowifi自动售货机盒子洗车机","10件","29.06","https://cf.shopee.ph/file/47443ce5a38acaac6d4477b2b4de4019","https://PH.xiapibuy.com/product/609565947/10685965258","汽车内饰配件","锁具与安防","IVCN202508288046","134062461520","https://detail.1688.com/offer/40177002733.html?spm=a26352.b28411319.offerlist.6.472d1e62Ly3ODX","P1","07-17","134062461520","29.06","","40-60美金","20-40单","高价品"
"1","正品五十铃 D-Max、Mu7、MuX 空调阀,零件号 4118。Calsonic 空调排气阀。","正品五十铃 D-Max、Mu7、MuX 空调阀,零件号 4118。Calsonic 空调排气阀。","29","","https://TH.xiapibuy.com/product/831373146/17798225715","汽车零部件","其他的","IVCN2026021111435","221839271333","https://detail.1688.com/offer/611441141622.html?spm=","P0","07-17","221839271333","29","","20-40美金","20-40单","高价品"
"1","汽车方向盘无线通用遥控器,多功能按钮,DVD播放器,导航,收音机遥控器","汽车方向盘无线通用遥控器,多功能按钮,DVD播放器,导航,收音机遥控器","28.92","","https://BR.xiapibuy.com/product/1413009356/26481476775","汽车内饰配件","其他的","IVCN2026031324748","147765094740","https://detail.1688.com/offer/725461446396.html?fromkv=","P1","07-17","147765094740","28.92","","20-40美金","20-40单","高价品"
"1","橡胶减速带、减速器、橡胶减速垫、100厘米橡胶减速带。","减速带","28.63","https://cf.shopee.co.th/file/th-11134207-7r98y-lshsatk0yy5qbb","https://TH.xiapibuy.com/product/1009155604/20090939956","汽车外饰配件","其他的","IVCN2026041035967","165997855517","https://detail.1688.com/offer/771410350301.html?kj_agent_plugin=aliprice&fromkv=xytTrace:0b51056217694968909577210e0f4c&token=5TXRPAUu18OV8nZu0ouKhqSuKhyqDoQU%2Bbz6ytkIySSC5QVJwpxqGKE%2FJphCWMxs","P1","07-17","165997855517","28.63","","20-40美金","20-40单","高价品"
"1","Lensent 车门解锁工具包,包含车门和车窗安全气囊,配备长柄抓取器、汽车楔形泵、锁匠加厚车门维修气囊紧急开锁工具,适用于合金车门。","Lensent 车门解锁工具包,包含车门和车窗安全气囊,配备长柄抓取器、汽车楔形泵、锁匠加厚车门维修气囊紧急开锁工具,适用于合金车门。","28.59","","https://MY.xiapibuy.com/product/498984623/26418247810","汽车工具","其他的","IVCN2026031324212","129146649754","相似款：https://detail.1688.com/offer/749798268783.html?fromkv=cbuPcPlugin:imageSearchDrawerCard&spm=a2639h.29135425.offerlist.i1&source=action%23offerItem%3Borigin%23shopee.com.my&amug_biz=oneself&amug_fl_src=awakeId_982","P1","07-17","129146649754","28.59","","20-40美金","20-40单","高价品"
"2","Kipas Lori 24V Besar / Lorry Fan / Electric Metal Fan for Truck, Tractor, Lorry, Backhoe, Cavator (12V / 24V)","8英寸黑色24伏","28.53","https://cf.shopee.com.my/file/my-11134207-820l8-mmwkt2m9tbeu6c","https://MY.xiapibuy.com/product/310866923/18492471427","汽车内饰配件","其他的","IVCN202607109698","235574630124","相似款：https://detail.1688.com/offer/668909654865.html?fromkv=cbuPcPlugin:imageSearchDrawerCard&spm=a2639h.29135425.offerlist.i3&source=action%23offerItem%3Borigin%23cf.shopee.com.my&amug_biz=oneself&amug_fl_src=awakeId_982","P1","07-17","235574630124","28.53","","20-40美金","20-40单","高价品"
"1","DP-CL2E C-Load 136-174MHz/245-246MHz 1.5M 天线,双向无线电天线,汽车天线,C-Load 2 环,流行且质量优良。","245-246MHz","28.5","","https://TH.xiapibuy.com/product/102235030/11489992010","汽车外饰配件","天线","IVCN2026071013260","203205704016","相似款：https://detail.1688.com/offer/1048817612778.html?kj_agent_plugin=aliprice&fromkv=xytTrace:0","P0","07-17","203205704016","28.5","","20-40美金","20-40单","高价品"
"1","DP-CL2E C-Load 136-174MHz/245-246MHz 1.5M 天线,双向无线电天线,汽车天线,C-Load 2 环,流行且质量优良。","136-174MHz","28.5","","https://TH.xiapibuy.com/product/102235030/11489992010","汽车外饰配件","天线","IVCN2026061511931","203205704015","相似款：https://detail.1688.com/offer/1048817612778.html?kj_agent_plugin=aliprice&fromkv=xytTrace:0","P0","07-17","203205704015","28.5","","20-40美金","20-40单","高价品"
"1","COD汽车座椅垫、座椅套、防尘、适用于大多数车辆、高品质内饰装饰。","灰色后座","28.4","https://cf.shopee.co.th/file/sg-11134201-7rd67-m7byicv5t5ur67","https://TH.xiapibuy.com/product/894770711/28329591460","汽车内饰配件","座椅及座椅套","IVCN202607108274","89779329823","https://detail.1688.com/offer/720738678283.html?spm=a261y.7663282.3002526303362591.2.1f06594d72HTSg&sk=order&fromkv=cbuPcPlugin%3AimageSearchDrawerCard","P1","07-17","89779329823","28.4","","20-40美金","20-40单","高价品"
"2","Kipas Lori 24V Besar / Lorry Fan / Electric Metal Fan for Truck, Tractor, Lorry, Backhoe, Cavator (12V / 24V)","8英寸黑色12伏","28.33","https://cf.shopee.com.my/file/my-11134207-820l7-mmwksxy1rfgmc9","https://MY.xiapibuy.com/product/310866923/18492471427","汽车内饰配件","其他的","IVCN202607109698","235574630123","相似款：https://detail.1688.com/offer/668909654865.html?fromkv=cbuPcPlugin:imageSearchDrawerCard&spm=a2639h.29135425.offerlist.i3&source=action%23offerItem%3Borigin%23cf.shopee.com.my&amug_biz=oneself&amug_fl_src=awakeId_982","P1","07-17","235574630123","28.33","","20-40美金","20-40单","高价品"
"1","五十铃D-MAX尾灯,2002-2006款。一对尾灯总成（左侧和右侧）。不含灯泡和线束。","左侧 + 右侧","28.26","https://cf.shopee.co.th/file/th-11134207-7r98y-ltaic30n7ikd1b","https://TH.xiapibuy.com/product/809677542/25520743740","汽车零部件","电子","IVCN202605134275","232629747395","相似款：https://detail.1688.com/offer/680622997517.html?kj_agent_plugin=aliprice&fromkv=xytTrace:0","P1","07-17","232629747395","28.26","","20-40美金","20-40单","高价品"
"1","适用于五十铃 D-Max 2002-2011 (D-Max, D-Mac, D-Mac) 的空调鼓风机。","Bo1-DMAX","28.23","","https://TH.xiapibuy.com/product/403602595/8427848062","汽车零部件","散热器、发动机冷却和气候控制","IVCN2026031321982","46385619864","https://detail.1688.com/offer/524440480754.html?kj_agent_plugin=aliprice&fromkv=xytTrace:212b5ecd17539465680475440e0e0e&token=XM2EgMrSsQod8qazXq0buSQWZZEASuA9LJgQi5oj0yjJZx90Rv3hcz6VhWgzBT5d","P1","07-17","46385619864","28.23","","20-40美金","20-40单","高价品"
"1","NEVO Q05 后备箱储物盒,售后配件,防刮擦,防滑,防水,配件套装。","黑色 - 黑线 - 茎","28.2","https://cf.shopee.co.th/file/sg-11134201-820mf-mngs1m6p16h1d0","https://TH.xiapibuy.com/product/1509548725/43330362992","汽车内饰配件","收纳盒和隔层","IVCN2026071011632","375836502461","相似款：https://detail.1688.com/offer/1044607313044.html?fromkv=cbuPcPlugin:imageSearchDrawerCard&spm=a2639h.29135425.offerlist.i10&source=action%23offerItem%3Borigin%23cf.shopee.co.th&amug_biz=oneself&amug_fl_src=awakeId_982","P0","07-17","375836502461","28.2","","20-40美金","20-40单","高价品"
"1","自动启动 #Strada #SS-1530EPINA","自动启动 #Strada #SS-1530EPINA","28","","https://TH.xiapibuy.com/product/67369184/7764619093","汽车零部件","发动机零件","IVCN2026051312697","71939078044","相似款：https://detail.1688.com/offer/937526499181.html?kj_agent_plugin=aliprice&fromkv=xytTrace:21360a2e17743408847295566e0f55&token=zblgl4xuzfV7D03Z7LJo0Ujyt9Ln6d678c5DfKKtaTNzQv4l6ujny67aRFuLOEo5","P0","07-17","71939078044","28","","20-40美金","20-40单","高价品"
"1","适用于久保田ET95/ET110/ET115型拖拉机的加厚燃油箱总成。包含燃油箱、油箱盖和滤网。适用于手扶拖拉机的备件。","1套","28","https://cf.shopee.co.th/file/th-11134207-81ztg-mk3md8ddnkedc6","https://TH.xiapibuy.com/product/166556886/26954520569","汽车零部件","燃油系统","IVCN202605139587","49789513443","https://detail.1688.com/offer/938032358829.html?kj_agent_plugin=aliprice&fromkv=xytTrace:2132815517725279276285844e102e&token=6ozf59rQsCUdpWCD%2B%2B4RviJmArIWSOgKs3c4MqxmbF5befzS1gHmsBVaHKu%2FwXXq","P0","07-17","49789513443","28","","40-60美金","20-40单","高价品"
"1","适用于大众宝来 CC 尚酷 夏朗 途安 朗逸 速腾 的前置中央 5D LED 灯 后车标 D 直径 11cm","白色的","28","https://cf.shopee.com.br/file/8fb5f024b6aed060cf4afeb3aec81334","https://BR.xiapibuy.com/product/773673801/58150764071","汽车外饰配件","贴纸、标志和徽章","IVCN2026071012652","390069138560","https://detail.1688.com/offer/796607822223.html?spm=a26352.b28411319/2508.0.0","P0","07-17","390069138560","28","","20-40美金","20-40单","高价品"
"1","AES Velolaser Turbo SE EXP NV8 双激光投影机 80W/95W 5700K 蓝光超亮","单元","28","https://cf.shopee.ph/file/id-11134207-822wr-mn1d8t5e1p8mc7","https://PH.xiapibuy.com/product/1812966434/51759552975","汽车零部件","电子","IVCN2026071012086","277573005179","相似款：https://detail.1688.com/offer/1052071211195.html?fromkv=cbuPcPlugin:imageSearchDrawerCard&spm=a2639h.29135425.offerlist.i1&source=action%23offerItem%3Borigin%23cf.shopee.ph&amug_biz=oneself&amug_fl_src=awakeId_982","P0","07-17","277573005179","28","","60-80美金","20-40单","高价品"
"1","三菱TRITON / PAJERO运动型电磁阀、飞轮电磁阀、真空阀（适用于Triton和Pajero）。","三菱TRITON / PAJERO运动型电磁阀、飞轮电磁阀、真空阀（适用于Triton和Pajero）。","28","","https://TH.xiapibuy.com/product/145786/42300906437","汽车零部件","发动机零件","IVCN2026051322723","168931080105","https://detail.1688.com/offer/821057965615.html?fromkv=cbuPcPlugin:imageSearchDrawerCard&spm=a2639h.29135425.offerlist.i3&source=action%23offerItem%3Borigin%23shopee.co.th&amug_biz=oneself&amug_fl_src=awakeId_982","P0","07-17","168931080105","28","","20-40美金","20-40单","高价品"
"1","LOKHEN 轻便耐用的塑料车轮挡块,意大利进口,适用于卡车、轿车和六轮卡车。（车轮止动器/车轮支撑）","10轮卡车（E53）","28","https://cf.shopee.co.th/file/th-11134207-7qul4-lft9aq21uv4f48","https://TH.xiapibuy.com/product/282550514/16797194281","汽车外饰配件","其他的","IVCN2026051321131","156828018672","相似款：https://detail.1688.com/offer/620278832105.html?kj_agent_plugin=aliprice&fromkv=xytTrace:0b52090217739171022731066e0f01&token=CwtV9mWxNSa1BUafyK87vP%2BcFtD9nSiB%2B9WtEwFRuJxF139zjlrR9j4Oz8BFucVE","P0","07-17","156828018672","28","","20-40美金","20-40单","高价品"
"2","NEVO Q05 屏幕保护膜,智能触摸屏配件,汽车屏幕保护膜,钢化玻璃膜。","[A+B] 防反射涂层。","28","https://cf.shopee.co.th/file/sg-11134201-820m5-mnfr8e3a9r7n5e","https://TH.xiapibuy.com/product/1509548725/54909436290","汽车内饰配件","其他的","IVCN2026071013632","148011392706","相似款：https://detail.1688.com/offer/1009387560245.html?spm=a26352.b28411319/2508.0.0","P0","07-17","148011392706","28","","100-300美金","20-40单","高价品"
"1","吉利 EX2 ev / e.mas 5 / 宝腾 emas 5 特制车辆卡扣式一体式防虫网水箱改装配件 汽车配件","一套","27.97","https://cf.shopee.vn/file/sg-11134201-8227e-mhbzsw5hv1u54a","https://VN.xiapibuy.com/product/1268243488/44753315885","汽车外饰配件","封面","IVCN2026071012742","435316260930","https://detail.1688.com/offer/959986470750.html?spm=a26352.b28411319/2508.0.0","P1","07-17","435316260930","27.97","","20-40美金","20-40单","高价品"
"2","HOTOP 通用真皮汽车座椅套全套座椅保护垫 Kusyen Kereta 黑色蓝色红色适用于 Saga Bezza Viva Wira Waja Persona HRV City Civic 汽车配件","黑色前额套装 - 2件套","27.95","https://cf.shopee.com.my/file/cn-11134207-7ras8-m87mxf2dr6zh84","https://MY.xiapibuy.com/product/1013658762/16795198774","汽车内饰配件","座椅及座椅套","IVCN202607109928","178837067602","https://detail.1688.com/offer/921652791881.html?kj_agent_plugin=aliprice&fromkv=xytTrace:0","P1","07-17","178837067602","27.95","","20-40美金","20-40单","高价品"
"1","通用汽车方向盘遥控器,10键无线音乐DVD GPS导航收音机按钮","通用汽车方向盘遥控器,10键无线音乐DVD GPS导航收音机按钮","27.91","","https://BR.xiapibuy.com/product/348667685/42156175462","汽车内饰配件","方向盘及方向盘套","IVCN2026041043469","258562549104","https://detail.1688.com/offer/961270084927.html?spm=a26352.b28411319/2508.0.0","P1","07-17","258562549104","27.91","","20-40美金","20-40单","高价品"
"1","适用于DMAX 1.9、ALTIS、YARIS（新款）的自动启动电机,直接安装,型号SS-1685。（适用于DMAX 1.9、Altis、Yaris的自动启动电机）","适用于DMAX 1.9、ALTIS、YARIS（新款）的自动启动电机,直接安装,型号SS-1685。（适用于DMAX 1.9、Altis、Yaris的自动启动电机）","27.76","","https://TH.xiapibuy.com/product/564723752/27789075945","汽车零部件","其他的","IVCN2026031329376","243664681694","相似款：https://detail.1688.com/offer/710651323848.html?kj_agent_plugin=aliprice&fromkv=xytTrace:0bf8ca8917744359605188570e105e&token=w1UlbqYePEPqgRGPaE2HWgyi3IINLYvoiXCkPDydSMobKGSplAIVdYQ%2FEwSayeTR","P1","07-17","243664681694","27.76","","20-40美金","20-40单","高价品"
"1","通用高音喇叭电子涡轮增压汽车假泄压阀电动音效","通用高音喇叭电子涡轮增压汽车假泄压阀电动音效","27.74","","https://BR.xiapibuy.com/product/639802491/41073669235","汽车外饰配件","喇叭和配件","IVCN2026061516493","266923755791","https://detail.1688.com/offer/551977115249.html?kj_agent_plugin=aliprice&fromkv=xytTrace:210702e017840881484384393e0bfd&token=szfi0jAd4uFGVjS08YkaH0DYtnHT4YQAxw85A%2BW7wwzwVVE%2BXkfD%2F6De0EOh6T00","P1","07-17","266923755791","27.74","","20-40美金","20-40单","高价品"
"5","长城欧拉 5 电动车屏幕保护膜,2026 年款 - 目前 [长城欧拉 5] RACE GUARD ORA5","屏幕中央,透明。","27.63","https://cf.shopee.co.th/file/th-11134207-81ztf-mn584c0il0jo70","https://TH.xiapibuy.com/product/239204794/47358998259","汽车外饰配件","贴纸、标志和徽章","IVCN202607108426","310797003069","相似款：https://detail.1688.com/offer/1059468167711.html?fromkv=cbuPcPlugin:imageSearchDrawerCard&spm=a2639h.29135425.offerlist.i0&source=action%23offerItem%3Borigin%23cf.shopee.co.th&amug_biz=oneself&amug_fl_src=awakeId_982","P1","07-17","310797003069","27.63","","20-40美金","20-40单","高价品"
"1","Kstone 7.00/7.50R15 卡车内胎,带长气嘴。","Kstone 7.00/7.50R15 卡车内胎,带长气嘴。","27.6","","https://TH.xiapibuy.com/product/362030908/25341756872","汽车零部件","轮胎及配件","IVCN2026021113899","252702135372","无同款","P1","07-17","252702135372","27.6","","20-40美金","20-40单","高价品"
"1","高品质米其林卡车模型玩偶,共有5种尺寸可选。这些玩偶带有把手,方便抓握。❤️下单前请仔细阅读详情❤️如有任何疑问,欢迎随时咨询！🙏💕❣️❤️","16.""真实对比""","27.57","https://cf.shopee.co.th/file/th-11134207-7rasf-m79pc6okj7iy47","https://TH.xiapibuy.com/product/78046547/26779357437","汽车内饰配件","其他的","IVCN2026051311001","59532180232","相似款：https://detail.1688.com/offer/919198417068.html?kj_agent_plugin=aliprice&fromkv=xytTrace:0","P1","07-17","59532180232","27.57","","20-40美金","20-40单","高价品"
"5","长城欧拉 5 电动车屏幕保护膜,2026 年款 - 目前 [长城欧拉 5] RACE GUARD ORA5","中央屏幕,哑光表面。","27.55","https://cf.shopee.co.th/file/th-11134207-81ztf-mn584c0il0jo70","https://TH.xiapibuy.com/product/239204794/47358998259","汽车外饰配件","贴纸、标志和徽章","IVCN202607108426","310797003070","相似款：https://detail.1688.com/offer/1059468167711.html?fromkv=cbuPcPlugin:imageSearchDrawerCard&spm=a2639h.29135425.offerlist.i0&source=action%23offerItem%3Borigin%23cf.shopee.co.th&amug_biz=oneself&amug_fl_src=awakeId_982","P1","07-17","310797003070","27.55","","60-80美金","20-40单","高价品"
"1","大众途观、捷达、帕萨特、甲壳虫、R-Line、Polo、Voyage 2010-2014款汽车方向盘换挡拨片延长贴纸 DSG","讲话","27.49","https://cf.shopee.com.br/file/f824dbd999a248197a2d449381ea0063","https://BR.xiapibuy.com/product/603892013/17913122713","汽车内饰配件","方向盘及方向盘套","IVCN202602115828","170463142830","https://detail.1688.com/offer/907909502150.html?fromkv=cbuPcPlugin%3AimageSearchDrawerCard&spm=a2639h.29135425.offerlist.i5&source=action%23offerItem%3Borigin%23shopee.com.br&amug_biz=oneself&amug_fl_src=awakeId_982&version=default","P1","07-17","170463142830","27.49","","20-40美金","20-40单","高价品"
"1","AE101 AE111 歧管绝对压力传感器 89420-12070","AE101 AE111 歧管绝对压力传感器 89420-12070","27.46","","https://TH.xiapibuy.com/product/869013843/29363747072","汽车零部件","电子","IVCN202605138995","256756173265","https://detail.1688.com/offer/629958389847.html?","P1","07-17","256756173265","27.46","","20-40美金","20-40单","高价品"
"1","现货 🔥 Mega Raizin 完整稳压器套装（电压平衡盒、稳压器、接地线）","现货 🔥 Mega Raizin 完整稳压器套装（电压平衡盒、稳压器、接地线）","27.29","","https://TH.xiapibuy.com/product/2684876/7523436490","汽车内饰配件","USB充电器、FM和蓝牙发射器","IVCN2026051312993","73670167526","https://detail.1688.com/offer/654352642965.html?spm=a261y.7663282.3002526303362591.2.36b53a7a0LuMma&sk=order&fromkv=cbuPcPlugin%3AimageSearchDrawerCard","P1","07-17","73670167526","27.29","","20-40美金","20-40单","高价品"
"1","HL 18000LM LED 车头灯泡 H1 H4 LED 车灯灯泡 H7 H11 9005 9006 汽车大灯 Turbo LED 汽车灯泡 1 对","H4","27.19","https://cf.shopee.co.th/file/242e1bc6853cf3a0f986e2ee1c10cb9a","https://TH.xiapibuy.com/product/458621004/9577360038","汽车零部件","电子","IVCN2026071011250","46392553293","https://detail.1688.com/offer/598179196572.html","P1","07-17","46392553293","27.19","","20-40美金","20-40单","高价品"
"1","散热器风扇,汽车/挖掘机冷却风扇,双向冷凝器风扇,带碳刷,30厘米/38厘米,12伏/24伏,80瓦","38厘米/12伏直刀片","27.04","","https://VN.xiapibuy.com/product/837880848/21290491062","汽车零部件","散热器、发动机冷却和气候控制","IVCN2026031325088","158270884946","","P1","07-17","158270884946","27.04","","20-40美金","20-40单","高价品"
"1","库鲁玛2K 4:1漆料大套装。暖武里府的客户请选择快递配送。大批量订购请通过聊天联系我们获取批发价格。","库鲁玛2K 4:1漆料大套装。暖武里府的客户请选择快递配送。大批量订购请通过聊天联系我们获取批发价格。","27.02","","https://TH.xiapibuy.com/product/1413903064/26921936344","汽车保养","抛光剂、涂层和密封剂","IVCN2026041043507","258797210352","无同款","P1","07-17","258797210352","27.02","","60-80美金","20-40单","高价品"
"1","促销 - 1/2 件装汽车座椅套,多功能座椅垫,防水,防滑,带可调节弹性绑带。","黑色-2件装","27","https://cf.shopee.co.th/file/cn-11134207-7r98o-m0022fjzsn8ib7","https://TH.xiapibuy.com/product/54471145/18194986680","汽车内饰配件","座椅及座椅套","IVCN202607108114","236756719019","https://detail.1688.com/offer/895450666465.html?spm=a261y.7663282.3002526303362591.2.29d93f2dl4PL0S&sk=order&fromkv=cbuPcPlugin%3AimageSearchDrawerCard","P0","07-17","236756719019","27","","20-40美金","20-40单","高价品"
"1","Stictool 汽车散热器裂纹修复套件 水箱塑料焊接工具套件 stictite 散热器泄漏密封剂","Stictool 汽车散热器裂纹修复套件 水箱塑料焊接工具套件 stictite 散热器泄漏密封剂","26.82","","https://MY.xiapibuy.com/product/180654600/2862350916","汽车零部件","散热器、发动机冷却和气候控制","IVCN202605139707","50263782686","无同款","P1","07-17","50263782686","26.82","","20-40美金","20-40单","高价品"
"1","红黑线平行于汽车喇叭线,1根方线,2芯软线,LED监控","100米","26.54","https://cf.shopee.ph/file/c605b0b10170a98c462312782eac42c0","https://PH.xiapibuy.com/product/579361780/15948875049","汽车外饰配件","喇叭和配件","IVCN2025122212100","134065576469","","P1","07-17","134065576469","26.54","","20-40美金","20-40单","高价品"
"1","适用于Altis和Prius发动机的二手直装式点火线圈。日本进口,经测试与1ZR、2ZR和3ZR发动机的点火兼容性良好。（单价）","适用于Altis和Prius发动机的二手直装式点火线圈。日本进口,经测试与1ZR、2ZR和3ZR发动机的点火兼容性良好。（单价）","26.5","","https://TH.xiapibuy.com/product/44396867/43274868351","汽车零部件","电子","IVCN202607108808","262015383521","相似款：https://detail.1688.com/offer/836568907127.html?kj_agent_plugin=aliprice&fromkv=xytTrace:0","P0","07-17","262015383521","26.5","","20-40美金","20-40单","高价品"
"2","宽大的靠背带有腰部支撑,配有柔软的坐垫、颈枕,多种颜色可选,还有一个舒适的抱枕。角度可调节。","灰色【36*55*18cm】","26.5","https://cf.shopee.co.th/file/th-11134207-81ztk-mfs2oiwtmpl8da","https://TH.xiapibuy.com/product/919082501/41823922291","汽车内饰配件","座椅头枕和靠背","IVCN202607108542","238163368664","相似款：https://detail.1688.com/offer/984699258866.html?spm=a261y.7663282.3002526303362591.2.75ee8d96YZjGoA&sk=order&fromkv=cbuPcPlugin%3AimageSearchDrawerCard","P0","07-17","238163368664","26.5","","20-40美金","20-40单","高价品"
"2","宽大的靠背带有腰部支撑,配有柔软的坐垫、颈枕,多种颜色可选,还有一个舒适的抱枕。角度可调节。","黑色【36*55*18厘米】","26.5","https://cf.shopee.co.th/file/th-11134207-81ztj-mfs21ftr4m4p93","https://TH.xiapibuy.com/product/919082501/41823922291","汽车内饰配件","座椅头枕和靠背","IVCN202607108542","238163368663","相似款：https://detail.1688.com/offer/984699258866.html?spm=a261y.7663282.3002526303362591.2.75ee8d96YZjGoA&sk=order&fromkv=cbuPcPlugin%3AimageSearchDrawerCard","P0","07-17","238163368663","26.5","","20-40美金","20-40单","高价品"
"1","适用于12V汽油车的双孔分析器汽车火花塞测试仪","适用于12V汽油车的双孔分析器汽车火花塞测试仪","26.49","","https://BR.xiapibuy.com/product/446013155/24391820354","汽车工具","测试、诊断和维修工具","IVCN2026041040597","237414304286","https://detail.1688.com/offer/853261916006.html?fromkv=cbuPcPlugin:imageSearchDrawerCard&spm=a2639h.29135425.offerlist.i5&source=action%23offerItem%3Borigin%23shopee.com.br&amug_biz=oneself&amug_fl_src=awakeId_982","P1","07-17","237414304286","26.49","","20-40美金","20-40单","高价品"
"1","带 4.3 英寸液晶显示屏的行车记录仪,带 170° 广角的 4.3 英寸后视显示器,以及倒车摄像头。","4.3英寸+后视摄像头","26.36","https://cf.shopee.co.th/file/th-11134207-7r98w-lmmmacktt37y9e","https://TH.xiapibuy.com/product/258466836/23752040899","汽车内饰配件","摄像机和停车摄像头","IVCN202505261797","187087681646","https://detail.1688.com/offer/558061868190.html?","P1","07-17","187087681646","26.36","","20-40美金","20-40单","高价品"
"1","Maruni MU-02 轮胎补片,20 片装。高品质 Maruni 绿色轮胎补片,尺寸 78 毫米。轮胎修理套装。","Maruni MU-02 轮胎补片,20 片装。高品质 Maruni 绿色轮胎补片,尺寸 78 毫米。轮胎修理套装。","26.32","","https://TH.xiapibuy.com/product/47515160/6121559291","汽车工具","测试、诊断和维修工具","IVCN202604230501","90084014899","相似款：https://detail.1688.com/offer/914769795283.html?spm=a26352.b28411319.offerlist.6.8c2e1e62kBVD42","P1","07-17","90084014899","26.32","","20-40美金","20-40单","高价品"
"1","4.3英寸车载显示器,可折叠车载屏幕,高清后视摄像头,清晰高清后视摄像头,前置车载摄像头。","4.3英寸+后视摄像头","26.23","https://cf.shopee.co.th/file/sg-11134201-7rbni-lpg8iet34gii32","https://TH.xiapibuy.com/product/258466836/25603965579","汽车内饰配件","摄像机和停车摄像头","IVCN202607109806","29447266933","相似款：https://detail.1688.com/offer/952195299231.html?fromkv=cbuPcPlugin:imageSearchDrawerCard&spm=a2639h.29135425.offerlist.i5&source=action%23offerItem%3Borigin%23cf.shopee.co.th&amug_biz=oneself&amug_fl_src=awakeId_982https://detail.1688.com/offer/657457883803.html?fromkv=cbuPcPlugin:imageSearchDrawerCard&spm=a2639h.29135425.offerlist.i2&source=action%23offerItem%3Borigin%23cf.shopee.co.th&amug_biz=oneself&amug_fl_src=awakeId_982","P1","07-17","29447266933","26.23","","20-40美金","20-40单","高价品"
"1","日产 Almera N17 N17L 前/后轮轴承 #40210/43210-1HA1A-MY 日本制造","后部","26.19","https://cf.shopee.com.my/file/cn-11134207-7ras8-m1hu60gpj0acec","https://MY.xiapibuy.com/product/1251694818/26714371288","汽车零部件","轴承和密封件","IVCN202607109598","168475301854","无同款","P1","07-17","168475301854","26.19","","20-40美金","20-40单","高价品"
"1","72L 大容量汽车后备箱储物箱,配有坚固的铝合金把手,易于折叠和存放,防水（基本防水）。","黑色 - L (72L)","26.12","https://cf.shopee.co.th/file/th-11134207-7ra0l-mc4f5hoshumr57","https://TH.xiapibuy.com/product/1264406393/27838614190","汽车内饰配件","收纳盒和隔层","IVCN2026051314311","89205742804","https://detail.1688.com/offer/862263436291.html?fromkv=cbuPcPlugin:imageSearchDrawerCard&spm=a2639h.29135425.offerlist.i2&source=action%23offerItem%3Borigin%23cf.shopee.co.th&amug_biz=oneself&amug_fl_src=awakeId_982","P1","07-17","89205742804","26.12","","20-40美金","20-40单","高价品"
"1","Italco W80 汽车喷枪迷你维修手枪油漆控制器重力式 1.0mm 喷嘴 400ml 汽车维修迷你喷枪,Auarita","Italco W80 汽车喷枪迷你维修手枪油漆控制器重力式 1.0mm 喷嘴 400ml 汽车维修迷你喷枪,Auarita","26","","https://PH.xiapibuy.com/product/405893850/9437415357","汽车保养","抛光剂、涂层和密封剂","IVCN2026041033903","81365872372","https://detail.1688.com/offer/684705259324.html?kj_agent_plugin=aliprice&fromkv=xytTrace:213f491117455520947563111e1485&token=mIuRtH%2F0%2BAdeVf4ey82ZOBX7ZdA7FW6mrZLTQZkfWratF7SQgjZQRkAosy9sMyZv","P0","07-17","81365872372","26","","20-40美金","20-40单","高价品"
"1","12V汽车通用电动车窗开关套件 电动车窗玻璃升降开关","12V汽车通用电动车窗开关套件 电动车窗玻璃升降开关","26","","https://PH.xiapibuy.com/product/769866635/49555866084","汽车零部件","电子","IVCN2026071012162","340528135335","相似款：https://detail.1688.com/offer/980756463413.html?fromkv=cbuPcPlugin:imageSearchDrawerCard&spm=a2639h.29135425.offerlist.i4&source=action%23offerItem%3Borigin%23shopee.ph&amug_biz=oneself&amug_fl_src=awakeId_982","P0","07-17","340528135335","26","","20-40美金","20-40单","高价品"
"1","NGK 4477 激光铱火花塞 Proton Saga Blm/ Flx/ Exora/ Persona/ Satria Neo/ Preve/ Waja Cps","1 套（4 件）","26","https://cf.shopee.com.my/file/cn-11134207-820l4-mftj7fyeuk99b5","https://MY.xiapibuy.com/product/1570967662/44224094679","汽车零部件","电子","IVCN2026051312701","281956952213","https://detail.1688.com/offer/895961499188.html?kj_agent_plugin=aliprice&fromkv=xytTrace:0","P0","07-17","281956952213","26","","20-40美金","20-40单","高价品"
"1","适用于三菱蓝瑟、ASX、Xpander、Cross、蒙特罗、帕杰罗、欧蓝德运动版、Eclipse、Strada、Attrage、Mirage、L200、Triton 的赛车时尚风格汽车钥匙遥控器保护套 ABS 外壳","带钥匙扣的手机壳","26","https://cf.shopee.ph/file/sg-11134201-7rble-lnigo00ssngo7e","https://PH.xiapibuy.com/product/1013034412/24357716568","汽车钥匙扣和钥匙套","","IVCN2026031327120","204865067350","https://detail.1688.com/offer/866427612093.html?kj_agent_plugin=aliprice&fromkv=xytTrace:0bb405a417743258698187263e0e15&token=DFHq%2B3evTCJcHkniJxW48eALEW8wYu4VBVoqoQsXRCxMhrvJmtM0tCwt%2F8kD1OUP","P0","07-17","204865067350","26","","20-40美金","20-40单","高价品"
"1","8-25mm 内径轴承拉拔器套装,双爪,用于拉拔轴承和滑轮,重型摩托车和汽车,带收纳盒。","8-25mm 内径轴承拉拔器套装,双爪,用于拉拔轴承和滑轮,重型摩托车和汽车,带收纳盒。","25.98","","https://TH.xiapibuy.com/product/912642460/19976120766","汽车工具","测试、诊断和维修工具","IVCN202512091927","108006891258","https://detail.1688.com/offer/795532268415.html?spm=a26352.b28411319/2508.0.0","P1","07-17","108006891258","25.98","","60-80美金","20-40单","高价品"
"1","𝗠𝗢𝗨𝗡𝗧𝗣𝗥𝗢™ 𝗨𝗹𝘁𝗿𝗮 𝗦𝗲𝗿𝗶𝗲𝘀 Premium Dedicated Infotainment Screen Car Phone Holder Perodua Ativa (2021-2026)","一个支架 + 托架","25.9","https://cf.shopee.com.my/file/my-11134207-820lf-mfw00kys1ybt80","https://MY.xiapibuy.com/product/995060880/26357069322","汽车内饰配件","手机支架","IVCN2026071011286","88973090174","无同款","P1","07-17","88973090174","25.9","","20-40美金","20-40单","高价品"
"1","预混树脂玻璃纤维 - Litro 套装","玻璃纤维套装（含垫子）","25.9","https://cf.shopee.ph/file/ph-11134207-7rask-m60tsgwvs4771b","https://PH.xiapibuy.com/product/112446327/20152302807","汽车保养","抛光剂、涂层和密封剂","IVCN202604231073","174689399554","无同款","P1","07-17","174689399554","25.9","","20-40美金","20-40单","高价品"
"1","轮毂盖（4 件）105-106 毫米,适用于高底盘 Vigo、Revo、福特、Triton 以及 2020 年全新低/高底盘车型,或直径为 105-106 毫米的车轮。","黑色的","25.85","https://cf.shopee.co.th/file/e880ccf3c8242062df59fc8634088f1f","https://TH.xiapibuy.com/product/378029756/11715790207","汽车零部件","车轮、轮辋及配件","IVCN2026041034167","93191706544","相似款：https://detail.1688.com/offer/965153460377.html?fromkv=cbuPcPlugin:imageSearchDrawerCard&spm=a2639h.29135425.offerlist.i4&source=action%23offerItem%3Borigin%23shopee.co.th&amug_biz=oneself&amug_fl_src=awakeId_982","P1","07-17","93191706544","25.85","","20-40美金","20-40单","高价品"
"1","OneAudio VIFA 3英寸 8欧姆 40瓦 中音扬声器 汽车音响扬声器 DIY扬声器","3英寸 8Ω 40W","25.82","https://cf.shopee.ph/file/cn-11134207-7ras8-m2up36y1vlzh35","https://PH.xiapibuy.com/product/1274006410/27468277511","汽车内饰配件","功放、扬声器和低音炮","IVCN2026041041131","242076811704","https://detail.1688.com/offer/974009586063.html?fromkv=cbuPcPlugin:imageSearchDrawerCard&spm=a2639h.29135425.offerlist.i54&source=action%23offerItem%3Borigin%23shopee.ph&amug_biz=oneself&amug_fl_src=awakeId_982","P1","07-17","242076811704","25.82","","20-40美金","20-40单","高价品"
"1","Nasedal HVLP喷涂工具,1.4/1.7/2.0mm喷嘴,600ml涂料杯,适用于汽车喷漆、家具喷漆、墙面喷漆等。","绿色的","25.82","https://cf.shopee.co.th/file/cn-11134207-7ras8-m8twx5046z6a66","https://TH.xiapibuy.com/product/939736253/16292786774","汽车工具","其他的","IVCN2025111464677","183876987300","https://detail.1688.com/offer/618366397446.html?kj_agent_plugin=aliprice&fromkv=xytTrace:0","P1","07-17","183876987300","25.82","","20-40美金","20-40单","高价品"
"1","大灯涂层修复套装,含聚合物活化剂和蒸汽抛光片","A型","25.81","https://cf.shopee.com.br/file/cn-11134207-820l4-mp3604nim39n6c","https://BR.xiapibuy.com/product/1835538062/29794968870","汽车保养","抛光剂、涂层和密封剂","IVCN2026071013280","356010426692","https://detail.1688.com/offer/674745648242.html?spm=a26352.b28411319/2508.0.0https://detail.1688.com/offer/710582020394.html?spm=a26352.b28411319/2508.0.0","P0","07-17","356010426692","25.81","","40-60美金","20-40单","高价品"
"1","大灯涂层修复套装,含聚合物活化剂和蒸汽抛光片","第一组","25.81","https://cf.shopee.com.br/file/cn-11134207-820l4-mlpsb19qicxuee","https://BR.xiapibuy.com/product/1563967600/41118796296","汽车保养","抛光剂、涂层和密封剂","IVCN2026021114407","258890175166","https://detail.1688.com/offer/674745648242.html?spm=a26352.b28411319/2508.0.0https://detail.1688.com/offer/710582020394.html?spm=a26352.b28411319/2508.0.0","P0","07-17","258890175166","25.81","","100-300美金","20-40单","高价品"
"1","适用于 Jaecoo 5/6/7 的油门和刹车踏板套装 | 运动感十足,安装简便,增添运动驾驶体验！","银对","25.74","https://cf.shopee.co.th/file/th-11134207-81zti-mndyeskchg5g1f","https://TH.xiapibuy.com/product/1622830685/45403391011","汽车内饰配件","踏板和变速杆","IVCN2026061520207","385323589334","相似款：https://detail.1688.com/offer/604568939739.html?spm=a26352.b28411319/2508.0.0","P1","07-17","385323589334","25.74","","20-40美金","20-40单","高价品"
"1","（成对出售）适用于皮卡和卡车的车轮挡块、车轮支撑架、车轮止动器。用于停车并防止车辆滑动。黑色卡车车轮挡块（**泰国境内包邮**）","5公斤（大）","25.58","https://cf.shopee.co.th/file/th-11134207-7rask-ma86wnk1zclv44","https://TH.xiapibuy.com/product/1006767989/26917601781","汽车零部件","轮胎及配件","IVCN2026021114633","265180804852","无同款","P1","07-17","265180804852","25.58","","40-60美金","20-40单","高价品"
"1","*现货供应* 谨防假冒产品。JAECOO 5 EV 2025 汽车脚垫/后备箱垫。TPE材质,汽车脚垫,防水脚垫,Jaecoo 5 脚垫,Jaecoo 5,J5。","后托盘","25.56","https://cf.shopee.co.th/file/th-11134207-81ztj-miwfmv8lo7bbe9","https://TH.xiapibuy.com/product/34209991/49702781700","汽车内饰配件","地毯和垫子","IVCN202607107826","440343509532","相似款：https://detail.1688.com/offer/744143263049.html?kj_agent_plugin=aliprice&fromkv=xytTrace:0bb405a417701745950624079e1024&token=WriiYoK83VxWMQ%2FNOiGc%2Bm73pfL4oo4GRpCGbNP%2FpkL2bnjC8Khw%2FpCZmINTtg3R","P1","07-17","440343509532","25.56","","20-40美金","20-40单","高价品"
"1","适用于五十铃 D-max 2012-2019、D-Max、Mu-x、Mux 的防鼠板。不锈钢空气滤清器/驾驶室挡板 V2。","适用于五十铃 D-max 2012-2019、D-Max、Mu-x、Mux 的防鼠板。不锈钢空气滤清器/驾驶室挡板 V2。","25.51","","https://TH.xiapibuy.com/product/1044225273/22278906475","汽车零部件","其他的","IVCN202604230151","39708948591","无同款","P1","07-17","39708948591","25.51","","20-40美金","20-40单","高价品"
"1","通用型车载风扇 24V/12V 电动四头汽车风扇 360°可调冷却风扇 低噪音","4个风扇-12V","25.41","https://cf.shopee.ph/file/ph-11134207-7rasi-m34nvyj1hcvv30","https://PH.xiapibuy.com/product/322335353/11903145539","汽车内饰配件","其他的","IVCN202606158965","139156884887","https://detail.1688.com/offer/705712413586.html?kj_agent_plugin=aliprice&fromkv=xytTrace:0","P1","07-17","139156884887","25.41","","20-40美金","20-40单","高价品"
"1","TCS PERODUA MYVI GEN3 2018-2026 汽车标志装饰盖板配件,即插即用,无需拆卸。","2件套亮黑色","25.4","https://cf.shopee.com.my/file/my-11134207-7rasm-m4b7ovo4jyegc1","https://MY.xiapibuy.com/product/982307844/23067388716","汽车外饰配件","贴纸、标志和徽章","IVCN202602113939","119362913401","https://detail.1688.com/offer/660338829532.html?kj_agent_plugin=aliprice&fromkv=xytTrace:0","P1","07-17","119362913401","25.4","","20-40美金","20-40单","高价品"
"1","*现货供应* 谨防假冒产品。JAECOO 5 EV 2025 汽车脚垫/后备箱垫。TPE材质,汽车脚垫,防水脚垫,Jaecoo 5 脚垫,Jaecoo 5,J5。","后部下方托盘","25.32","https://cf.shopee.co.th/file/th-11134207-81zth-mjinx9u7lv5w6b","https://TH.xiapibuy.com/product/34209991/49702781700","汽车内饰配件","地毯和垫子","IVCN2026021116621","335476375503","相似款：https://detail.1688.com/offer/820338744764.html?fromkv=cbuPcPlugin:imageSearchDrawerCard&spm=a2639h.29135425.offerlist.i6&source=action%23offerItem%3Borigin%23cf.shopee.co.th&amug_biz=oneself&amug_fl_src=awakeId_982","P1","07-17","335476375503","25.32","","20-40美金","20-40单","高价品"
"1","【5年质保】1500W车载逆变器,电源变压器,车载电源转换器,12V/24V（卡车/汽车逆变器,车载电源逆变器,车载逆变器）","智能数字模型 🔥","25.25","https://cf.shopee.co.th/file/cn-11134207-820l4-mlxclyc1iqkie8","https://TH.xiapibuy.com/product/1521408327/54655247411","汽车内饰配件","USB充电器、FM和蓝牙发射器","IVCN2026061517063","277360699554","https://detail.1688.com/offer/956422748048.html?kj_agent_plugin=aliprice&fromkv=xytTrace:2154647417785724311314586e0fe2&token=63ldAnEkZi2bR7JD5e%2BoDDrJxbtY1da%2FArwPFwTLyrNQHBq4G8%2BK2DAPiPXsW%2BHh","P1","07-17","277360699554","25.25","","40-60美金","20-40单","高价品"
"1","适用于所有柴油皮卡车型的 304 不锈钢中段消音器,带有直通式和螺纹式嵌件。","中场休息,2.5","25.22","https://cf.shopee.co.th/file/3e5267904c78125fbf1b1bc00b01d47d","https://TH.xiapibuy.com/product/25871039/9816963368","汽车零部件","散热器、发动机冷却和气候控制","IVCN202505143741","33755473257","相似款：https://detail.1688.com/offer/807757516810.html?kj_agent_plugin=aliprice&fromkv=xytTrace:0b52090217645600128037831e0d0e&token=lVF4jN3PHn8Dk%2Fq0IzPgg1rdcNtLJ%2FjFLwerVsOmIRH5iKgUYNp0hHrbdOTUmeUH","P1","07-17","33755473257","25.22","","20-40美金","20-40单","高价品"
"1","CI实用卡车充电器OBD安全定位保护GPS屏蔽适配器远程定位跟踪保护干扰","如图所示。","25.2","https://cf.shopee.co.th/file/sg-11134201-7qvda-lht76qqz33qy89","https://TH.xiapibuy.com/product/1136771791/28937244919","汽车内饰配件","导航和AV接收器","IVCN2026021115069","275276163033","https://detail.1688.com/offer/936983557256.html?kj_agent_plugin=aliprice&fromkv=xytTrace:0b52090217725096089403572e0f84&token=7iWZMgaCDBNUSp7IhdEs%2B3OvpBa1E5khZweqouiLHP8IJmaakHMGzJgv8alAZKyi","P1","07-17","275276163033","25.2","","20-40美金","20-40单","高价品"
"1","COD汽车座椅腿部支撑垫,带腿托,通用座椅延长器,透气,记忆海绵和羽绒材质。","黑色,很珍贵🔥","25.19","https://cf.shopee.co.th/file/sg-11134201-81zub-mimwgvft35l2b6","https://TH.xiapibuy.com/product/894753946/47755500440","汽车内饰配件","座椅及座椅套","IVCN2026031333180","400497632456","相似款：https://detail.1688.com/offer/999110568433.html?kj_agent_plugin=aliprice&fromkv=xytTrace:0b52090217745777110637701e0f22&token=So7uz7%2BqAzYR%2FUCFfXAbKwYVQDsryz7PcsqoKWDmjRthPenACQkGP6ApHP76WV0n","P1","07-17","400497632456","25.19","","20-40美金","20-40单","高价品"
"1","适用于所有柴油皮卡车型的 304 不锈钢中段消音器,带有直通式和螺纹式嵌件。","中途休息时吃的香肠,2.5","25.11","https://cf.shopee.co.th/file/10f00f55778dbc954ac2a0f9fec81eca","https://TH.xiapibuy.com/product/25871039/9816963368","汽车零部件","散热器、发动机冷却和气候控制","IVCN202604230129","33755473258","https://detail.1688.com/offer/860513040869.html?spm=a26352.b28411319.offerlist.32.383f1e62ZE87fb","P1","07-17","33755473258","25.11","","40-60美金","20-40单","高价品"
"1","适用于 12-13-14-15-16-17 英寸轮毂的轮毂盖。复古风格,美观独特。采用 ABS 塑料制成,表面光亮。单价。","镀色,小号,22 厘米。","25.07","https://cf.shopee.co.th/file/th-11134207-7qul7-lh59mhwptsz8df","https://TH.xiapibuy.com/product/730503280/21180073074","汽车零部件","车轮、轮辋及配件","IVCN2025111472777","247345839741","无同款","P1","07-17","247345839741","25.07","","20-40美金","20-40单","高价品"
"1","亮黑色 JOYC Perodua Myvi Bezza Axia Alza Ativa 门把手盖碗盖汽车配件","Bezza（无钥匙）,把手盖+碗","25","","https://MY.xiapibuy.com/product/61670738/4774006433","汽车外饰配件","其他的","IVCN202607109294","76246404462","相似款：https://detail.1688.com/offer/655531675904.html?fromkv=cbuPcPlugin:imageSearchDrawerCard&spm=a2639h.29135425.offerlist.i0&source=action%23offerItem%3Borigin%23shopee.com.my&amug_biz=oneself&amug_fl_src=awakeId_982","P0","07-17","76246404462","25","","20-40美金","20-40单","高价品"
"1","YCL-396 Perodua Myvi Icon SE / Advance 1.5 2015 - 2017 动态后保险杠反光片（带转向灯）","清除","25","https://cf.shopee.com.my/file/3cb8f7e2102b38bba665506c4421d017","https://MY.xiapibuy.com/product/91859407/12715768951","汽车零部件","电子","IVCN2026071014020","67860429615","相似款：https://detail.1688.com/offer/744833999992.html?fromkv=cbuPcPlugin:imageSearchDrawerCard&spm=a2639h.29135425.offerlist.i11&source=action%23offerItem%3Borigin%23cf.shopee.com.my&amug_biz=oneself&amug_fl_src=awakeId_982","P0","07-17","67860429615","25","","20-40美金","20-40单","高价品"
"1","日产 Serena C28 (2024-2028) 仪表板储物盒/托盘,黑色。","黑色的","25","https://cf.shopee.co.th/file/cn-11134207-820l4-mnkx5aag2br736","https://TH.xiapibuy.com/product/627002759/55359601296","汽车内饰配件","收纳盒和隔层","IVCN2026071011378","385848507780","https://detail.1688.com/offer/960807280511.html?kj_agent_plugin=aliprice&fromkv=xytTrace:0","P0","07-17","385848507780","25","","20-40美金","20-40单","高价品"
"1","适用于五十铃D-Max 3.0/1.9的鼓风机电机,最新款2020-2023年款（DTM-6057）。五十铃D-Max空调风扇电机/鼓风机。","适用于五十铃D-Max 3.0/1.9的鼓风机电机,最新款2020-2023年款（DTM-6057）。五十铃D-Max空调风扇电机/鼓风机。","25","","https://TH.xiapibuy.com/product/155395522/23648980889","汽车零部件","散热器、发动机冷却和气候控制","IVCN2026021112171","231833393667","相似款：https://detail.1688.com/offer/724015812565.html?spm=a26352.b28411319/2508.0.0","P0","07-17","231833393667","25","","20-40美金","20-40单","高价品"
"1","适用于丰田Innova 2016-2021款的多功能LED尾灯/后雾灯/保险杠灯/刹车灯/反光灯（一对）。","红色的","25","https://cf.shopee.ph/file/cn-11134207-7r98o-lvs936rlznmve3","https://PH.xiapibuy.com/product/1008515294/22046620808","汽车零部件","电子","IVCN2026051321507","158261868193","相似款：https://detail.1688.com/offer/617988855492.html?spm=a26352.b28411319.offerlist.5.18c31e62O6uk56","P0","07-17","158261868193","25","","20-40美金","20-40单","高价品"
"1","适用于 X11 PLUS、30kg EFT 电机系统、425 30L 农业机架无人机、4314 折叠螺旋桨叶片。","CCW,黑色","25","https://cf.shopee.co.th/file/sg-11134201-82265-mhq0qmj3z7k694","https://TH.xiapibuy.com/product/1594959454/49702855900","汽车内饰配件","摄像机和停车摄像头","IVCN2026071011938","118773401265","相似款：https://detail.1688.com/offer/762527413546.html?fromkv=cbuPcPlugin:imageSearchDrawerCard&spm=a2639h.29135425.offerlist.i2&source=action%23offerItem%3Borigin%23cf.shopee.co.th&amug_biz=oneself&amug_fl_src=awakeId_982","P0","07-17","118773401265","25","","20-40美金","20-40单","高价品"
"1","适用于大众高尔夫、捷达、宝来 MK4（1999-2004）的黑色汽车前面板杯架配件,1 件装,零件编号：1J0858601D,kgabbe678g.br","适用于大众高尔夫、捷达、宝来 MK4（1999-2004）的黑色汽车前面板杯架配件,1 件装,零件编号：1J0858601D,kgabbe678g.br","24.95","","https://BR.xiapibuy.com/product/953689793/28110253786","汽车内饰配件","收纳盒和隔层","IVCN202607109498","251531720518","相似款：https://detail.1688.com/offer/44854269359.html?fromkv=cbuPcPlugin:imageSearchDrawerCard&spm=a2639h.29135425.offerlist.i0&source=action%23offerItem%3Borigin%23shopee.com.br&amug_biz=oneself&amug_fl_src=awakeId_982","P1","07-17","251531720518","24.95","","20-40美金","20-40单","高价品"
"1","【ITSOK】丰田 Revo 铝合金机油压力表盖（2016-2024 年款）","蓝色的","24.95","https://cf.shopee.com.my/file/cn-11134207-7ras8-mcuhvnp0cexo04","https://MY.xiapibuy.com/product/981849346/43411037238","汽车外饰配件","其他的","IVCN2026071012638","208624424640","相似款：https://detail.1688.com/offer/907906820143.html?spm=a26352.b28411319/2508.0.0","P1","07-17","208624424640","24.95","","20-40美金","20-40单","高价品"
"1","吉利 EX2 的防石击和防虫罩安装简便（露出汽车原有的镀铬饰条）。","哑光黑","24.85","https://cf.shopee.co.th/file/cn-11134207-820l4-mo3hbn3uic5kb2","https://TH.xiapibuy.com/product/1822014602/51860287108","汽车外饰配件","其他的","IVCN2026071012350","405903831235","https://detail.1688.com/offer/944624661780.html?spm=a26352.b28411319/2508.0.0","P1","07-17","405903831235","24.85","","20-40美金","20-40单","高价品"
"1","离合器主缸隔热罩,粉末涂层。","老款D-MAX共轨","24.84","","https://TH.xiapibuy.com/product/83193532/41606053842","汽车零部件","其他的","IVCN2026031331064","280507238046","无同款","P1","07-17","280507238046","24.84","","20-40美金","20-40单","高价品"
"1","通用型氧传感器垫片 02 螺纹延长器催化转化器氧传感器延长器 90/0/135 度 P0420 P0430","90度","24.77","https://cf.shopee.com.my/file/sg-11134201-7rcdx-lry31zwvzxh7e4","https://MY.xiapibuy.com/product/832864387/18092250373","汽车零部件","其他的","IVCN2025111467703","214528490274","https://detail.1688.com/offer/995177361162.html?fromkv=cbuPcPlugin:imageSearchDrawerCard&spm=a2639h.29135425.offerlist.i0&source=action%23offerItem%3Borigin%23shopee.com.my&amug_biz=oneself&amug_fl_src=awakeId_982","P1","07-17","214528490274","24.77","","20-40美金","20-40单","高价品"
"1","适用于磷酸铁锂电池32650/32700 LiFePO4的电池保护电路BMS,支持6S/4S/8S,电流范围10A/20A/30A。","BMS 8S 30A - 简版","24.65","https://cf.shopee.co.th/file/th-11134207-81ztn-mn78jxavipdte5","https://TH.xiapibuy.com/product/428950305/16871228824","汽车内饰配件","其他的","IVCN2026061520503","395803814852","相似款：https://detail.1688.com/offer/605082858184.html?fromkv=cbuPcPlugin:imageSearchDrawerCard&spm=a2639h.29135425.offerlist.i0&source=action%23offerItem%3Borigin%23cf.shopee.co.th&amug_biz=oneself&amug_fl_src=awakeId_982","P1","07-17","395803814852","24.65","","20-40美金","20-40单","高价品"
"1","3M EGP级反光贴纸,白色和红色,隔离带,卡车贴纸。","3M EGP级反光贴纸,白色和红色,隔离带,卡车贴纸。","24.58","","https://TH.xiapibuy.com/product/11850093/6682539760","汽车外饰配件","贴纸、标志和徽章","IVCN2026041033759","74270001446","https://detail.1688.com/offer/593012541184.html?spm=a26352.b28411319/2508.0.0","P1","07-17","74270001446","24.58","","20-40美金","20-40单","高价品"
"1","UGREEN 蓝牙接收器 5.3 适配器 免提蓝牙车载套件 AUX 音频 3.5mm 插孔 立体声音乐无线接收器","UGREEN 蓝牙接收器 5.3 适配器 免提蓝牙车载套件 AUX 音频 3.5mm 插孔 立体声音乐无线接收器","24.55","","https://MY.xiapibuy.com/product/82080415/7863916958","汽车内饰配件","USB充电器、FM和蓝牙发射器","IVCN202602111839","71893839871","https://detail.1688.com/offer/922762846585.html?kj_agent_plugin=aliprice&fromkv=xytTrace:2107d64617545348348708357e0eba&token=MKEpHd1razhXoJf9DAMhOghp%2BkHVeeNBYBUabk7ArGaMyXd0y6lEmMpCmwKsIPJX","P1","07-17","71893839871","24.55","","20-40美金","20-40单","高价品"
"1","促销活动：购买 1 瓶 Samurai 2K07/2k07S 卡车货箱衬里,即可免费获赠 1 支 Aerogun 喷枪 - 黑色/银色/面漆 2K01","卡车底盘 LNR-BLK-2K07","24.49","https://cf.shopee.ph/file/ph-11134207-81ztd-mlhhpy8zzsw86a","https://PH.xiapibuy.com/product/282322300/20913803202","汽车保养","抛光剂、涂层和密封剂","IVCN2025122213492","127094947638","无同款","P1","07-17","127094947638","24.49","","20-40美金","20-40单","高价品"
"1","Tolsen 重型液压千斤顶【线上专享】（2吨-20吨）带过载保护","2吨","24.41","","https://PH.xiapibuy.com/product/165664989/17229385701","汽车工具","测试、诊断和维修工具","IVCN2026071014038","171161985036","相似款：https://detail.1688.com/offer/712468133402.html?kj_agent_plugin=aliprice&fromkv=xytTrace:0","P1","07-17","171161985036","24.41","","20-40美金","20-40单","高价品"
"1","金属伸缩杯架,铝合金杆平板支架,车载水杯架,多功能通用支架","0703橙色","24.24","https://cf.shopee.com.my/file/sg-11134201-820n9-mnfda64ew0e872","https://MY.xiapibuy.com/product/1000189454/55209410809","汽车内饰配件","手机支架","IVCN2026071011268","179152850088","https://detail.1688.com/offer/1034621243721.html?fromkv=cbuPcPlugin:imageSearchDrawerCard&spm=a2639h.29135425.offerlist.i1&source=action%23offerItem%3Borigin%23cf.shopee.com.my&amug_biz=oneself&amug_fl_src=awakeId_982","P1","07-17","179152850088","24.24","","20-40美金","20-40单","高价品"
"1","适用于五十铃 D-Max（老款）和雪佛兰（老款）的前桥总成,共轨发动机（涡轮增压,标准型,2005-2011 年）。","适用于五十铃 D-Max（老款）和雪佛兰（老款）的前桥总成,共轨发动机（涡轮增压,标准型,2005-2011 年）。","24.17","","https://TH.xiapibuy.com/product/815718382/23600240814","汽车零部件","尾气和排放","IVCN2025111465451","192743075252","无同款","P1","07-17","192743075252","24.17","","20-40美金","20-40单","高价品"
"1","Vediot 车载逆变器 120W 12V/24V 车载充电器 快速充电器 TYPE C PD 电压 数字显示 点烟器插座*3+ USB*3+TYPE C*2","Vediot 车载逆变器 120W 12V/24V 车载充电器 快速充电器 TYPE C PD 电压 数字显示 点烟器插座*3+ USB*3+TYPE C*2","24.13","","https://PH.xiapibuy.com/product/508474448/18379593342","汽车内饰配件","USB充电器、FM和蓝牙发射器","IVCN2026051319942","146851350502","https://detail.1688.com/offer/726627211060.html?kj_agent_plugin=aliprice&fromkv=xytTrace:2107d64617500611880245792e124d&token=gLoZW1oT9x%2FN9Xg95fje%2B70p5UdJ%2BId4CcayUgNCG7%2BzXOlFIvHtgyrgVP8hAkIK","P1","07-17","146851350502","24.13","","20-40美金","20-40单","高价品"
"1","久保田设计的不锈钢机油滤清器盖,适用于久保田L、M、B系列。","L32 L36 L40 L47 L50","24.01","","https://TH.xiapibuy.com/product/62188797/23865127631","汽车零部件","发动机零件","IVCN202605139217","257580176113","无同款","P1","07-17","257580176113","24.01","","20-40美金","20-40单","高价品"
"1","变色龙贴纸,白色变蓝色/金色车身贴膜","由白到蓝,24英寸 x 60英寸","24","https://cf.shopee.ph/file/ph-11134207-81ztk-mgczqcqja1ajd0","https://PH.xiapibuy.com/product/55061641/18138910541","汽车外饰配件","贴纸、标志和徽章","IVCN2026041050015","425024560653","无同款","P1","07-17","425024560653","24","","20-40美金","20-40单","高价品"
"1","OneAudio HK 6.5英寸 4Ω 200W 低音炮扬声器 汽车低音扬声器 更深沉的低音炮","6.5英寸 4Ω 200W","24","https://cf.shopee.ph/file/cn-11134207-7r98o-lws84fjgyw5h52","https://PH.xiapibuy.com/product/1274006410/29253405875","汽车内饰配件","功放、扬声器和低音炮","IVCN2026041040967","241060867793","相似款：https://detail.1688.com/offer/747909631089.html?kj_agent_plugin=aliprice&fromkv=xytTrace:21080f7717793581040814577e0c58&token=5bAF6nb2KQbpHdvvp1Tl4xYle6HOTrQbOud871wYk0t%2F30HE6aWEYY92hQ8Dtj3M","P0","07-17","241060867793","24","","20-40美金","20-40单","高价品"
"1","适用于 Proton S70 S 70 EVA 共聚物 EVA 行李箱托盘 可重复使用后备箱托盘 DIY 防滑 Dulang But Kereta","适用于 Proton S70 S 70 EVA 共聚物 EVA 行李箱托盘 可重复使用后备箱托盘 DIY 防滑 Dulang But Kereta","24","","https://MY.xiapibuy.com/product/67722637/26950213304","汽车内饰配件","收纳盒和隔层","IVCN2026031329132","240844060036","","P0","07-17","240844060036","24","","20-40美金","20-40单","高价品"
"1","【50片装】3D超细纤维汽车清洁布 30*30厘米 / 加厚,优质,柔软,高吸水性,正品","30x30厘米 - 50片","23.94","https://cf.shopee.co.th/file/th-11134207-81ztp-mf58ir7owmx4b8","https://TH.xiapibuy.com/product/1008608919/40221853269","汽车保养","洗车和打蜡","IVCN2026031330624","266778248797","https://detail.1688.com/offer/887675295207.html?fromkv=cbuPcPlugin:imageSearchDrawerCard&spm=a2639h.29135425.offerlist.i1&source=action%23offerItem%3Borigin%23shopee.co.th&amug_biz=oneself&amug_fl_src=awakeId_982","P1","07-17","266778248797","23.94","","100-300美金","20-40单","高价品"
"1","碳纤维织物,245克,双股编织,意大利制造（150 x 50厘米）。有两种面料可供选择。","245克。意大利/托雷","23.8","https://cf.shopee.co.th/file/th-11134207-7r98z-lq30dzz1ke78d9","https://TH.xiapibuy.com/product/237495324/6584204854","其他的","","IVCN202602110975","44562568997","相似款：https://detail.1688.com/offer/814243315312.html?fromkv=cbuPcPlugin:imageSearchDrawerCard&spm=a2639h.29135425.offerlist.i1&source=action%23offerItem%3Borigin%23shopee.co.th&amug_biz=oneself&amug_fl_src=awakeId_982","P1","07-17","44562568997","23.8","","20-40美金","20-40单","高价品"
"1","适用于所有柴油皮卡车型的 304 不锈钢中段消音器,带有直通式和螺纹式嵌件。","静置于直肠中部,2.5","23.73","https://cf.shopee.co.th/file/4cbd034e7ba55a75c8e8c98d9b709863","https://TH.xiapibuy.com/product/25871039/9816963368","汽车零部件","散热器、发动机冷却和气候控制","IVCN202602110687","33755473259","相似款：相似款：https://detail.1688.com/offer/807757516810.html?kj_agent_plugin=aliprice&fromkv=xytTrace:0b52090217645600128037831e0d0e&token=lVF4jN3PHn8Dk%2Fq0IzPgg1rdcNtLJ%2FjFLwerVsOmIRH5iKgUYNp0hHrbdOTUmeUH","P1","07-17","33755473259","23.73","","20-40美金","20-40单","高价品"
"1","适用于D-MAX/VIGO的涡轮增压器机油进油编织软管套件,长60厘米（包含回油管和所有必要的配件）。可直接安装于D-MAX/VIGO车型。","Dmax","23.69","https://cf.shopee.co.th/file/th-11134207-7r98z-lwfagefh167k79","https://TH.xiapibuy.com/product/319576529/24332063789","汽车零部件","其他的","IVCN202602111369","59431946864","相似款：https://detail.1688.com/offer/640118328362.html?spm=a26352.b28411319.offerlist.42.31481e62GcD1v5","P1","07-17","59431946864","23.69","","20-40美金","20-40单","高价品"
"1","全新 5 合 1 HKS Type 0 赛车黑色涡轮增压定时器继电器控制器套件,带 LED 数字显示屏,适用于 DC 12V 汽车","全新 5 合 1 HKS Type 0 赛车黑色涡轮增压定时器继电器控制器套件,带 LED 数字显示屏,适用于 DC 12V 汽车","23.66","","https://PH.xiapibuy.com/product/272922906/6737997009","汽车零部件","发动机零件","IVCN2026041033631","70273928410","https://detail.1688.com/offer/543962520777.html?kj_agent_plugin=aliprice&fromkv=xytTrace:0","P1","07-17","70273928410","23.66","","20-40美金","20-40单","高价品"
"1","超清透明聚氨酯面漆（含固化剂） - 1升","超清透明聚氨酯面漆（含固化剂） - 1升","23.51","","https://PH.xiapibuy.com/product/698597941/22079166948","汽车保养","抛光剂、涂层和密封剂","IVCN202602115354","138730803228","无同款","P1","07-17","138730803228","23.51","","40-60美金","20-40单","高价品"
"1","吉利EX2星愿石挡,吉利汽车配件,前挡风玻璃猫咪导流板,汽车猫咪导流板。","吉利EX2星愿石挡,吉利汽车配件,前挡风玻璃猫咪导流板,汽车猫咪导流板。","23.5","","https://TH.xiapibuy.com/product/1822014602/40180778652","汽车外饰配件","其他的","IVCN2026071010188","272607793941","相似款：https://detail.1688.com/offer/1060208878182.html?spm=a26352.b28411319/2508.0.0","P0","07-17","272607793941","23.5","","20-40美金","20-40单","高价品"
"1","正品 DENSO 散热器风扇电机,S 号,购自二手汽车配件市场（精心挑选）。","正品 DENSO 散热器风扇电机,S 号,购自二手汽车配件市场（精心挑选）。","23.48","","https://TH.xiapibuy.com/product/62733836/19489458100","汽车零部件","散热器、发动机冷却和气候控制","IVCN2026041034073","89374340875","https://detail.1688.com/offer/735950467253.html?kj_agent_plugin=aliprice&fromkv=xytTrace:0","P1","07-17","89374340875","23.48","","20-40美金","20-40单","高价品"
"1","液压千斤顶,低位/高位,2吨、5吨、10吨、20吨。汽车千斤顶、千斤顶、汽车维修工具、瓶式千斤顶。","10吨","23.42","https://cf.shopee.co.th/file/th-11134207-81zti-metmtinihnnnff","https://TH.xiapibuy.com/product/1233725523/41719950267","汽车工具","测试、诊断和维修工具","IVCN2026041039507","228105838247","https://detail.1688.com/offer/606493966657.html?kj_agent_plugin=aliprice&fromkv=xytTrace:2133d7d417775366851335619e0e86&token=jcYXisGZz4SPlPl0Oc6Hcp%2BrQ4LHmtnh94wPYSSHbSGJcRxriEQblZp4m1v0lzvL","P1","07-17","228105838247","23.42","","20-40美金","20-40单","高价品"
"1","（COD）5/10 升手动输油泵,适用于发动机油和齿轮油,带软管,适用于汽车、摩托车和维修工作,便携式。","10升","23.35","https://cf.shopee.co.th/file/th-11134207-81ztf-mfevoazkpt6ye5","https://TH.xiapibuy.com/product/492981628/29392575170","汽车工具","其他的","IVCN202606158149","118758496943","https://detail.1688.com/offer/727412570289.html?fromkv=cbuPcPlugin:imageSearchDrawerCard&spm=a2639h.29135425.offerlist.i0&source=action%23offerItem%3Borigin%23shopee.co.th&amug_biz=oneself&amug_fl_src=awakeId_982","P1","07-17","118758496943","23.35","","20-40美金","20-40单","高价品"
"1","使用优惠码 MT11BT 可享 50 泰铢折扣。黑色 PVC 波纹导管/电缆槽（1 卷）- 加厚型。#选择内径 5 - 36 毫米。","直径5毫米,长度100米的条带。","23.3","","https://TH.xiapibuy.com/product/163453805/5216229148","汽车零部件","其他的","IVCN2026031321190","13373121059","相似款：https://detail.1688.com/offer/914390555951.html?kj_agent_plugin=aliprice&fromkv=xytTrace:0","P1","07-17","13373121059","23.3","","20-40美金","20-40单","高价品"
"1","适用于奇瑞ICAR V23的汽车扶手箱储物盒,支持无线充电、NFC、硅胶垫、静音储物盒和防滑内饰配件。","B","23.27","https://cf.shopee.co.th/file/sg-11134201-82253-mhkc11lu64u975","https://TH.xiapibuy.com/product/265065114/55452208967","汽车内饰配件","收纳盒和隔层","IVCN2026061519755","365215035865","相似款：https://detail.1688.com/offer/1059710969920.html?fromkv=cbuPcPlugin:imageSearchDrawerCard&spm=a2639h.29135425.offerlist.i0&source=action%23offerItem%3Borigin%23cf.shopee.co.th&amug_biz=oneself&amug_fl_src=awakeId_982","P1","07-17","365215035865","23.27","","20-40美金","20-40单","高价品"
"3","（直播期间购买可享额外 10% 折扣）WC 汽车涂层、玻璃涂层、防水汽车漆涂层、汽车光泽喷剂（已获得 FDA 认证）","2WC01","23.21","https://cf.shopee.co.th/file/4e913c0bdca29bbaad240166774ee78c","https://TH.xiapibuy.com/product/23763794/1471563616","汽车保养","抛光剂、涂层和密封剂","IVCN2026051310777","58025714233","https://detail.1688.com/offer/833960595854.html?spm=a26352.13672862.offerlist.41.7a911e62YJGzx9","P1","07-17","58025714233","23.21","","40-60美金","20-40单","高价品"
"1","通用型车载风扇 12V/24V 电动三头汽车风扇 360° 可调风量 低噪音","四头风扇 USB-5V","23.2","https://cf.shopee.ph/file/ph-11134207-7rasj-m1gjiydp3a9qb1","https://PH.xiapibuy.com/product/335188817/21060078268","汽车内饰配件","其他的","IVCN202602112311","246791073353","https://detail.1688.com/offer/705712413586.html?kj_agent_plugin=aliprice&fromkv=xytTrace:0","P1","07-17","246791073353","23.2","","20-40美金","20-40单","高价品"
"1","（现货）两件套：车轮挡块、车轮支撑架、车轮止动器。坚固耐用。","PWC-7 2 件装（大号）","23.15","https://cf.shopee.co.th/file/th-11134207-7rasc-macdxyzr5y0mf7","https://TH.xiapibuy.com/product/1479342462/27632643430","汽车零部件","轮胎及配件","IVCN2026021114441","260208729988","无同款","P1","07-17","260208729988","23.15","","20-40美金","20-40单","高价品"
"1","Proton X50 S70 X90 SUV 遥控器皮套","红色钥匙扣1","23.11","https://cf.shopee.com.my/file/sg-11134201-7rd3s-lwmryvrsc6ia53","https://MY.xiapibuy.com/product/188708381/28653071257","汽车钥匙扣和钥匙套","","IVCN2026071011406","226453592867","https://detail.1688.com/offer/852637104776.html?kj_agent_plugin=aliprice&fromkv=xytTrace:0b52090217743335915541018e0e3a&token=9PP9X1lwKRg5VkJh7PZ350%2FaOv1O%2BOaTrhrUkRGZ1JPLO4JThU4paX1v1MiuiVSR","P1","07-17","226453592867","23.11","","20-40美金","20-40单","高价品"
"1","大灯涂层修复套装,含聚合物活化剂和蒸汽抛光片","A型","23.1","https://cf.shopee.com.br/file/cn-11134207-820l4-mlq34wubb37zdb","https://BR.xiapibuy.com/product/1670712997/52854097864","汽车保养","抛光剂、涂层和密封剂","IVCN2026061516525","267308513127","相似款：https://detail.1688.com/offer/674745648242.html?spm=a26352.b28411319/2508.0.0https://detail.1688.com/offer/710582020394.html?spm=a26352.b28411319/2508.0.0","P0","07-17","267308513127","23.1","","100-300美金","20-40单","高价品"
"1","适用于五十铃 Crosswind Sportivo Hilander Fuego TFR Crosswind xuv xwind 的空调通风口百叶窗,空调格栅出风口汽车配件","4件","23.06","https://cf.shopee.ph/file/cn-11134207-7r98o-lxuyjzsx0jet3a","https://PH.xiapibuy.com/product/998494654/25433649846","汽车零部件","散热器、发动机冷却和气候控制","IVCN202605132361","215249250244","https://detail.1688.com/offer/707558320862.html?kj_agent_plugin=aliprice&fromkv=xytTrace:0b0fdc4f17646494029597654e18fe&token=uI%2F56eDWT19I0%2FXqHC6I6DKoSWnyJuOiMPl7TcODjZEtY%2B6mRLBCx7ZdbLzKU8M4","P1","07-17","215249250244","23.06","","20-40美金","20-40单","高价品"
"1","无线胎压监测系统（TPMS）,带太阳能充电功能。可监测四个车轮的胎压。","汽车胎压监测系统","23.05","https://cf.shopee.co.th/file/th-11134207-7qul8-li789s30v0k197","https://TH.xiapibuy.com/product/835101689/18032900536","汽车工具","轮胎压力检测器","IVCN2026031326122","184377075134","https://detail.1688.com/offer/595183546420.html?kj_agent_plugin=aliprice&fromkv=xytTrace:2108837b17455504475017861e1328&token=ZAqrHHFKA%2FUHeRJhf3N%2FcfLWg3c6V1Z4HhU2SxfYnidnjdJ1A1yAPTqwB8vQ5Aod","P1","07-17","184377075134","23.05","","20-40美金","20-40单","高价品"
"1","7线拖车连接器套装,母头/公头,短/长,台湾制造。","7线拖车连接器套装,母头/公头,短/长,台湾制造。","23","","https://TH.xiapibuy.com/product/170198744/2746753412","汽车零部件","其他的","IVCN202604230317","62152355279","相似款：https://detail.1688.com/offer/735268326218.html?spm=a26352.b28411319.offerlist.11.34761e62EVxqa3","P0","07-17","62152355279","23","","20-40美金","20-40单","高价品"
"1","Lieto 婴儿遮阳帘 *并非适用于所有欧洲车型*（1 件装）","1. 大熊湖","23","https://cf.shopee.co.th/file/th-11134207-7qukz-ljashwwauup420","https://TH.xiapibuy.com/product/217383026/5318346560","汽车内饰配件","遮阳罩和仪表盘罩","IVCN202505263055","31482513944","https://detail.1688.com/offer/563399895938.html?spm=a26352.b28411319/2508.0.0.203f1e62UibC1d","P0","07-17","31482513944","23","","40-60美金","20-40单","高价品"
"1","轮拱加宽件、挡泥板加宽件、磁性挡泥板加宽件、轿车轮拱、皮卡车轮拱、挡泥板加宽件、汽车造型挡泥板加宽件、定制汽车轮拱。","适用于所有皮卡车型,黑色,4轮,自粘式安装。","23","https://cf.shopee.co.th/file/th-11134207-7r98x-lrx937mkh27i35","https://TH.xiapibuy.com/product/309449523/25364137199","汽车外饰配件","挡泥板和防溅板","IVCN202508283590","29459381919","相似款：https://detail.1688.com/offer/554955878730.html?kj_agent_plugin=aliprice&fromkv=xytTrace:0","P0","07-17","29459381919","23","","40-60美金","20-40单","高价品"
"1","🔥3C认证🔥 全高清行车记录仪,4K前置摄像头,360°旋转,APP连接,包含高速存储卡,清晰的前置摄像头。","4K + 32G（含高速存储卡）","23","https://cf.shopee.co.th/file/th-11134207-81ztk-mezkqe2b67t665","https://TH.xiapibuy.com/product/1368208849/43170738397","汽车内饰配件","摄像机和停车摄像头","IVCN2026071012000","291693810185","https://detail.1688.com/offer/934904042039.html?fromkv=cbuPcPlugin:imageSearchDrawerCard&spm=a2639h.29135425.offerlist.i2&source=action%23offerItem%3Borigin%23cf.shopee.co.th&amug_biz=oneself&amug_fl_src=awakeId_982","P0","07-17","291693810185","23","","20-40美金","20-40单","高价品"
"2","新款 ORA5 车饰,Aura 5 2026 年款,硅胶材质,可爱又实用。","放下杯子,给我打电话。","23","https://cf.shopee.co.th/file/sg-11134201-820mc-mnbrexhvmjns49","https://TH.xiapibuy.com/product/64472685/50209259420","汽车内饰配件","收纳盒和隔层","IVCN2026071010620","277558478984","相似款：https://detail.1688.com/offer/1057523393421.html?fromkv=cbuPcPlugin:imageSearchDrawerCard&spm=a2639h.29135425.offerlist.i0&source=action%23offerItem%3Borigin%23cf.shopee.co.th&amug_biz=oneself&amug_fl_src=awakeId_982","P0","07-17","277558478984","23","","20-40美金","20-40单","高价品"
"1","可爱卡通汽车座椅套,亚麻棉垫,通用型汽车前排座椅套,四季通用,透气亚麻汽车座椅套,汽车配件。","前排,灰色,1个座位。","23","https://cf.shopee.co.th/file/sg-11134201-824hj-meic7srqrvuu34","https://TH.xiapibuy.com/product/1344006287/42518520132","汽车内饰配件","座椅及座椅套","IVCN202607108160","266520207342","https://detail.1688.com/offer/966663396203.html?spm=a261y.7663282.3002526303362591.2.9ae01461JFk8UV&sk=order&fromkv=cbuPcPlugin%3AimageSearchDrawerCard","P0","07-17","266520207342","23","","20-40美金","20-40单","高价品"
"1","🌟更佳的雨天防护🌟 适用于五十铃D-MAX 02-19款四门/两门/两门敞篷车型的车窗遮阳板,无需钻孔。内含背胶。车门遮阳板,雨挡。","双门敞篷驾驶室","23","https://cf.shopee.co.th/file/th-11134207-81zti-mm8r7q2km6tr1f","https://TH.xiapibuy.com/product/425065463/50107683525","汽车外饰配件","门槛板","IVCN2026061516275","262479322990","相似款：https://detail.1688.com/offer/1039875115649.html?spm=a26352.b28411319/2508.0.0","P0","07-17","262479322990","23","","20-40美金","20-40单","高价品"
"1","Deepal S05 中控台下收纳盒储物格,充电托盘保护套,汽车内饰配件。","底部隔层","23","https://cf.shopee.co.th/file/th-11134207-81ztq-meu6p2cbqrcw60","https://TH.xiapibuy.com/product/853595596/29890275817","汽车内饰配件","收纳盒和隔层","IVCN2026071011572","261185979820","相似款：https://detail.1688.com/offer/947929462297.html?fromkv=cbuPcPlugin:imageSearchDrawerCard&spm=a2639h.29135425.offerlist.i1&source=action%23offerItem%3Borigin%23cf.shopee.co.th&amug_biz=oneself&amug_fl_src=awakeId_982","P0","07-17","261185979820","23","","20-40美金","20-40单","高价品"
"5","Lieto 婴儿遮阳帘 *并非适用于所有欧洲车型*（1 件装）","6. 朋友","23","https://cf.shopee.co.th/file/th-11134207-7qul5-ljashwwb3a3s3a","https://TH.xiapibuy.com/product/217383026/5318346560","汽车内饰配件","遮阳罩和仪表盘罩","IVCN202606155209","221734971200","相似款：https://detail.1688.com/offer/563399895938.html?spm=a26352.b28411319/2508.0.0.203f1e62UibC1d","P0","07-17","221734971200","23","","20-40美金","20-40单","高价品"
"1","RECOIL扬声器环绕密封圈防水,并能减少声音泄漏。","RECOIL扬声器环绕密封圈防水,并能减少声音泄漏。","23","","https://TH.xiapibuy.com/product/267183015/22654752090","汽车内饰配件","其他的","IVCN202607108052","167861082115","相似款：https://detail.1688.com/offer/576692159118.html?kj_agent_plugin=aliprice&fromkv=xytTrace:0","P0","07-17","167861082115","23","","20-40美金","20-40单","高价品"
"1","自吸式燃油泵,型号 Rapi25,耐用,可旋转。","红色的","22.99","https://cf.shopee.co.th/file/cn-11134207-7ras8-ma51s18ac14l12","https://TH.xiapibuy.com/product/1547010508/41052002690","汽车工具","其他的","IVCN2026031331766","300163695217","https://detail.1688.com/offer/799847875744.html?kj_agent_plugin=aliprice&fromkv=xytTrace:2127a84b17744941764262758e0ff5&token=j2FAFBCcy%2Frhw2ORG0SKLbxFSs1uWNWfxCjBferJH1MBGDNR3hf3z%2BvCE49DiBf%2B","P1","07-17","300163695217","22.99","","20-40美金","20-40单","高价品"
"1","7.00/7.50R15 Kstone卡车内胎,短气门嘴。","7.00/7.50R15 Kstone卡车内胎,短气门嘴。","22.95","","https://TH.xiapibuy.com/product/362030908/27877089664","汽车零部件","轮胎及配件","IVCN2025111463253","166983581096","相似款：https://detail.1688.com/offer/37812935118.html?spm=a26352.b28411319/2508.0.0","P1","07-17","166983581096","22.95","","20-40美金","20-40单","高价品"
"1","（🚚新加坡现货🚚）2026新款K3 K5车载磁吸无线充电支架 720°旋转可折叠 15W彩色灯真空吸盘手机支架","K5 带充电器","22.92","https://cf.shopee.sg/file/cn-11134207-820l4-mf2cm3wb9ong85","https://SG.xiapibuy.com/product/293604391/44204995033","汽车内饰配件","手机支架","IVCN202607108800","296742735637","https://detail.1688.com/offer/981185776797.html?fromkv=cbuPcPlugin:imageSearchDrawerCard&spm=a2639h.29135425.offerlist.i0&source=action%23offerItem%3Borigin%23shopee.sg&amug_biz=oneself&amug_fl_src=awakeId_982","P1","07-17","296742735637","22.92","","20-40美金","20-40单","高价品"
"1","特斯拉新款 Model 3/Y 车门储物盒 车门把手储物盒 车内储物","全新 YL 四件套,四门拉手储物柜","22.8","https://cf.shopee.ph/file/sg-11134201-822yw-mo59ouzpz37sc5","https://PH.xiapibuy.com/product/1452715800/26644807163","汽车内饰配件","收纳盒和隔层","IVCN2026071012122","425909791624","相似款：https://detail.1688.com/offer/846778035323.html?fromkv=cbuPcPlugin:imageSearchDrawerCard&spm=a2639h.29135425.offerlist.i1&source=action%23offerItem%3Borigin%23cf.shopee.ph&amug_biz=oneself&amug_fl_src=awakeId_982","P0","07-17","425909791624","22.8","","20-40美金","20-40单","高价品"
"1","日立挖掘机配件 EX70/EX120-3/ZAX120-6/ZAX200-6 维修套件 O 型圈 丁腈橡胶垫圈 O 型圈套装","油管专用【1套】","22.8","","https://PH.xiapibuy.com/product/927667818/23051902602","汽车零部件","轴承和密封件","IVCN2026031328590","231935633352","https://detail.1688.com/offer/969573942311.html?kj_agent_plugin=aliprice&fromkv=xytTrace:210702e017744949205922292e0de5&token=EIoNikKzZJTpi%2FaJb4ZB5UWfDAOSv74WdjMtufyEG12%2BwMlzDgHF7xY9sLzL6Bx4","P0","07-17","231935633352","22.8","","20-40美金","20-40单","高价品"
"1","allgen 拖车连接器球帽 2x2 / 2x3 英寸 3500磅 易于使用的拖车配件","2x2英寸","22.75","https://cf.shopee.co.th/file/th-11134207-7rase-m6xjl3e7bit319","https://TH.xiapibuy.com/product/1062356500/26858114639","汽车外饰配件","其他的","IVCN202607109930","223109643010","https://detail.1688.com/offer/606745512222.html?spm=a26352.b28411319/2508.0.0","P1","07-17","223109643010","22.75","","100-300美金","20-40单","高价品"
"1","可爱女孩娃娃汽车纸巾盒,汽车内饰装饰纸巾盒。","1","22.7","https://cf.shopee.co.th/file/cn-11134207-820l4-mojwbwyr6cjy88","https://TH.xiapibuy.com/product/1707252929/43678088954","汽车内饰配件","收纳盒和隔层","IVCN2026071010580","425446399786","相似款：https://detail.1688.com/offer/1040203603028.html?fromkv=cbuPcPlugin:imageSearchDrawerCard&spm=a2639h.29135425.offerlist.i0&source=action%23offerItem%3Borigin%23cf.shopee.co.th&amug_biz=oneself&amug_fl_src=awakeId_982","P0","07-17","425446399786","22.7","","20-40美金","20-40单","高价品"
"1","🥏五十铃 D MAX 全新 2012-2019🥏 右侧电动车窗电机,6 针连接器。","右侧 6 针","22.59","https://cf.shopee.co.th/file/th-11134207-81ztn-ml7lzntra6tc85","https://TH.xiapibuy.com/product/425065463/43263880628","汽车外饰配件","镜子及配件","IVCN2026061519309","345280699762","相似款：https://detail.1688.com/offer/940100911284.html?fromkv=cbuPcPlugin:imageSearchDrawerCard&spm=a2639h.29135425.offerlist.i10&source=action%23offerItem%3Borigin%23shopee.co.th&amug_biz=oneself&amug_fl_src=awakeId_982","P1","07-17","345280699762","22.59","","40-60美金","20-40单","高价品"
"1","包括适用于 D-Max 3.0、4JH1（大孔）的燃油滤清器和燃油滤清器支架,以及通用燃油滤清器支架。","包括适用于 D-Max 3.0、4JH1（大孔）的燃油滤清器和燃油滤清器支架,以及通用燃油滤清器支架。","22.59","","https://TH.xiapibuy.com/product/283721754/19409978198","汽车零部件","发动机零件","IVCN2025101415367","163164176989","相似款：https://detail.1688.com/offer/39398152431.html?kj_agent_plugin=aliprice&fromkv=xytTrace:0bab14ad17605255133122415e0e2f&token=F9L8t8%2BY%2FCoVTZNEooM5EeMcqlIyrVbeKZwXr%2FMyzxytnYp3QQMnq2Obh9ammX84","P1","07-17","163164176989","22.59","","20-40美金","20-40单","高价品"
"1","🇩🇪德国氧气传感器垫片适配器 欧4 400孔规格催化转化器","陶瓷,90度","22.5","","https://MY.xiapibuy.com/product/28833910/19571060802","汽车零部件","尾气和排放","IVCN2026031326940","199157136137","相似款：https://detail.1688.com/offer/996338127502.html?kj_agent_plugin=aliprice&fromkv=xytTrace:212b9de517743412911724237e11b7&token=O7gIE6MtEA4iXM5WjZCEVstU13QDdOuBGv6fNIFshEttemklo%2BkxKbHgyY6jbS7%2B","P0","07-17","199157136137","22.5","","20-40美金","20-40单","高价品"
"1","无绳电动气泵,便携式气泵 150PSI,12V 电动气泵,120W​​ 汽车轮胎充气泵。","无绳电动气泵,便携式气泵 150PSI,12V 电动气泵,120W​​ 汽车轮胎充气泵。","22.1","","https://TH.xiapibuy.com/product/835101689/21133378431","汽车工具","轮胎压力检测器","IVCN2026051316897","117229554079","https://detail.1688.com/offer/691018150095.html?spm=a26352.b28411319.offerlist.11.633c1e62jgdMTE&cosite=-&tracelog=p4p&_p_isad=1&clickid=48044eea2d6d4129a676592d45fe68ce&sessionid=4694c8129044702182a9db76cf9e2ba3","P1","07-17","117229554079","22.1","","40-60美金","20-40单","高价品"
"1","S11车载手机支架,带自动无线快充功能。","黑色-S11","22.09","https://cf.shopee.co.th/file/sg-11134201-7rff5-m3x2mhip09dvf3","https://TH.xiapibuy.com/product/413425065/26670986587","汽车内饰配件","手机支架","IVCN2026021113399","247278176579","https://detail.1688.com/offer/646388285676.html?spm=a26352.b28411319.offerlist.25.516d1e62Gt3b5E","P1","07-17","247278176579","22.09","","20-40美金","20-40单","高价品"
"1","适用于五十铃所有车型的备胎拆卸器/备用轮胎拆卸器/车轮修理工具包（含收纳袋）","适用于五十铃所有车型的备胎拆卸器/备用轮胎拆卸器/车轮修理工具包（含收纳袋）","22.07","","https://PH.xiapibuy.com/product/1037117418/25332183932","汽车工具","测试、诊断和维修工具","IVCN202604230981","158667552703","无同款","P1","07-17","158667552703","22.07","","20-40美金","20-40单","高价品"
"1","五菱星光达里恩汽车配件：储物箱、触摸屏中控台、车内装饰。","屏幕收纳盒","22","https://cf.shopee.co.th/file/sg-11134201-823py-mogs2ommqtxr74","https://TH.xiapibuy.com/product/1509548725/51160853572","汽车内饰配件","收纳盒和隔层","IVCN2026071012722","320948000118","相似款：https://detail.1688.com/offer/928877376620.html?fromkv=cbuPcPlugin:imageSearchDrawerCard&spm=a2639h.29135425.offerlist.i4&source=action%23offerItem%3Borigin%23cf.shopee.co.th&amug_biz=oneself&amug_fl_src=awakeId_982","P0","07-17","320948000118","22","","20-40美金","20-40单","高价品"
"1","F2 LED 前大灯灯泡亮度高达 12000 流明,色温 6500K,且不刺眼。提供 H4、H1、H7、H11、HB3 和 HB4 灯座。","H4","22","","https://TH.xiapibuy.com/product/388496863/13670168215","汽车零部件","电子","IVCN2026051320707","151815545662","","P0","07-17","151815545662","22","","20-40美金","20-40单","高价品"
"1","适用于2022年至今Yaris Ativ车型的车头灯保护膜,烟灰色。","适用于2022年至今Yaris Ativ车型的车头灯保护膜,烟灰色。","22","","https://TH.xiapibuy.com/product/360381021/28559772530","汽车外饰配件","贴纸、标志和徽章","IVCN2026051317373","119251497277","相似款：https://detail.1688.com/offer/751950921103.html?spm=a26352.b28411319/2508.0.0","P0","07-17","119251497277","22","","20-40美金","20-40单","高价品"
"1","OATSBASF 800ml 车载垃圾桶,车载垃圾桶,车载垃圾桶,车载垃圾袋,悬挂式车载垃圾桶,小型垃圾桶,按压式,车载垃圾桶,带整理器的垃圾桶,免费赠送 90 个垃圾袋。","90个垃圾桶和垃圾袋。","21.89","https://cf.shopee.co.th/file/45ae143ccefb14f78712bbe8464e4aa7","https://TH.xiapibuy.com/product/463590339/10993039425","汽车内饰配件","收纳盒和隔层","IVCN202509128142","125240588975","相似款：https://detail.1688.com/offer/648937348431.html?spm=a26352.b28411319/2508.0.0.6b751e627NfBzYhttps://detail.1688.com/offer/636798079211.html?spm=a26352.13672862.offerlist.57.60e11e62EIbJR2&cosite=-&tracelog=p4p&_p_isad=1&clickid=6e4ef13152a14885a197b4e8bebc4e6a&sessionid=0fd8e81643cea3deaa19c985246c142b","P1","07-17","125240588975","21.89","","20-40美金","20-40单","高价品"
"1","【PT82】新款 Proton X50 扶手储物盒硅胶充电垫下部储物托盘杯架后屏幕储物托盘","下层储物托盘","21.84","https://cf.shopee.com.my/file/my-11134207-820la-mlztp8znitc33a","https://MY.xiapibuy.com/product/1043039732/51956578680","汽车内饰配件","收纳盒和隔层","IVCN2026071010488","425591670304","相似款：https://detail.1688.com/offer/1038841916219.html?fromkv=cbuPcPlugin:imageSearchDrawerCard&spm=a2639h.29135425.offerlist.i0&source=action%23offerItem%3Borigin%23cf.shopee.com.my&amug_biz=oneself&amug_fl_src=awakeId_982","P1","07-17","425591670304","21.84","","20-40美金","20-40单","高价品"
"1","小米CF02 USB车载风扇,风力强劲,适用于轿车、SUV、房车和卡车","CF02-黑色","21.79","https://cf.shopee.vn/file/sg-11134201-7rfht-m33d66sjv952bc","https://VN.xiapibuy.com/product/85262197/29018945487","汽车内饰配件","其他的","IVCN202605135391","242131296235","相似款：https://detail.1688.com/offer/769139550018.html?spm=a26352.b28411319/2508.0.0","P1","07-17","242131296235","21.79","","20-40美金","20-40单","高价品"
"1","汽车和摩托车燃油泵压力表测试套件,11 件套","汽车和摩托车燃油泵压力表测试套件,11 件套","21.77","","https://BR.xiapibuy.com/product/863455856/27386368275","汽车工具","测试、诊断和维修工具","IVCN202604232121","270004082884","https://detail.1688.com/offer/942522528352.html?kj_agent_plugin=aliprice&fromkv=xytTrace%3A0&tracelog=cps&clickid=b92337ee3d85c0b82363ef86baf3760e&targetUrl=https%3A%2F%2Fs.click.1688.com%2Ft%3Fe%3DD2DC7A927D55C03D6511A0CCA913FD65D6FA062685DFF8F7D920A558D1D5758C4B369BE324A83E744B8F19128B0D93E33FB8088B45F57B9E47F28FD2CC0E231B18AD4F779334558760FEF997084D4D5331EB6FC8DBCADED4C6C8CEEEE21320CC4BD39EA2FE12E3B1B5A0FFBB9406BB0639B0973D989BAC96F6C68F1FCCE74EB1886EC8C205101A43348394BC3CC3C62B9992F8828C4BE8924F7BE7AEB28A1D09A259B82D98015EC578A86008068F278C4794690FBB2ABFEC6A8BED077D73A1585E5B770E53A41CCE66E7B186BED3B336F1E903E468A740D6891561BE17444C75569316B223A165326F252DC2E9A9DEC5%26cbu_cps_trace_flag%3Dwrite","P1","07-17","270004082884","21.77","","80-100美金","20-40单","高价品"
"1","ORA 汽车配件 5 个方向盘按钮贴纸,透明环氧树脂贴纸,保护贴纸,防刮擦。","汽车方向盘按钮贴纸","21.65","https://cf.shopee.co.th/file/sg-11134201-820lx-mnxzl3wynh1kf5","https://TH.xiapibuy.com/product/1807667633/50760094006","汽车外饰配件","贴纸、标志和徽章","IVCN202607107986","385887811689","无同款","P1","07-17","385887811689","21.65","","20-40美金","20-40单","高价品"
"1","磁性橡胶片,宽60厘米,厚1毫米,按米出售。适用于冰箱、汽车及制作标牌的橡胶磁性片。支持货到付款。","60厘米 x 1米（无背胶）,无背胶磁性片。","21.65","","https://TH.xiapibuy.com/product/208068615/5744298467","汽车外饰配件","贴纸、标志和徽章","IVCN2026041045604","290250373616","相似款：https://detail.1688.com/offer/651024881421.html?spm=a26352.b28411319/2508.0.0","P1","07-17","290250373616","21.65","","20-40美金","20-40单","高价品"
"1","150W车载充电器,USB+双Type-C接口,带伸缩线,支持PD快充,车载手机数字显示适配器,适用于手机","Type-C+iOS延长线","21.65","https://cf.shopee.ph/file/sg-11134201-7repo-mdu23wx5gt5w48","https://PH.xiapibuy.com/product/518623616/42114986197","汽车内饰配件","USB充电器、FM和蓝牙发射器","IVCN202602275855","266241009808","https://detail.1688.com/offer/921155179661.html?fromkv=cbuPcPlugin:imageSearchDrawerCard&spm=a2639h.29135425.offerlist.i0&source=action%23offerItem%3Borigin%23cf.shopee.ph&amug_biz=oneself&amug_fl_src=awakeId_982","P1","07-17","266241009808","21.65","","20-40美金","20-40单","高价品"
"1","高端汽车颈枕 NAPPA真皮头枕腰部支撑垫","黑色头枕","21.64","https://cf.shopee.co.th/file/sg-11134201-7reqd-m8nfz9lvozaa94","https://TH.xiapibuy.com/product/1519781730/26233701050","汽车内饰配件","座椅头枕和靠背","IVCN202607109856","243201193687","https://detail.1688.com/offer/1049045202960.html?fromkv=cbuPcPlugin:imageSearchDrawerCard&spm=a2639h.29135425.offerlist.i0&source=action%23offerItem%3Borigin%23cf.shopee.vn&amug_biz=oneself&amug_fl_src=awakeId_982","P1","07-17","243201193687","21.64","","20-40美金","20-40单","高价品"
"1","适用于五十铃 D-MAX 2500-3000 COMMONRAIL 的涡轮增压器跨接管,年份为 2005-2011。零件号 8-96209-860。","适用于五十铃 D-MAX 2500-3000 COMMONRAIL 的涡轮增压器跨接管,年份为 2005-2011。零件号 8-96209-860。","21.62","","https://TH.xiapibuy.com/product/213319446/24533214325","汽车零部件","发动机零件","IVCN2026051324293","187637548229","https://detail.1688.com/offer/836234237342.html?kj_agent_plugin=aliprice&fromkv=xytTrace:0bab14ad17661392613467660e10c0&token=hQIxuXu0g7lyd4OTmGMb5DcHV1ptiKv9f%2Bn1Uun5reazW9jhStwOCO%2BkCI%2BzrJa%2F","P1","07-17","187637548229","21.62","","20-40美金","20-40单","高价品"
"1","正品日野天然气货车火花塞（一套6个）","正品日野天然气货车火花塞（一套6个）","21.6","","https://TH.xiapibuy.com/product/1511386/2948139214","汽车零部件","电子","IVCN202605137873","35052219933","https://detail.1688.com/offer/755620462279.html?kj_agent_plugin=aliprice&fromkv=xytTrace:0","P0","07-17","35052219933","21.6","","40-60美金","20-40单","高价品"
"1","适用于日产 Big-M TD25 的燃油滤清器壳体 + 燃油滤清器。包括燃油滤清器壳体和油水分离器。","腿 + 过滤器","21.57","https://cf.shopee.co.th/file/sg-11134201-7qvef-lg8zqh4klhqme9","https://TH.xiapibuy.com/product/283721754/18979360173","汽车零部件","发动机零件","IVCN202605132529","216714070004","相似款：https://detail.1688.com/offer/686636457270.html?spm=a26352.b28411319.offerlist.11.10381e62petLQ8","P1","07-17","216714070004","21.57","","20-40美金","20-40单","高价品"
"1","5升装内饰涂层溶液。集内饰蜡、座椅护理剂、怡人香味、增亮和清洁于一体。适用于汽车和摩托车的多功能蜡。","5升清新香型","21.54","","https://TH.xiapibuy.com/product/296315526/26656292725","汽车保养","室内护理","IVCN202605132461","215849823551","相似款：https://detail.1688.com/offer/884002919952.html?kj_agent_plugin=aliprice&fromkv=xytTrace:21365bc417513397618911947e1a00&token=pTrA0Hi%2FCBf%2BSnNlj%2FwLcEXZWHHai0ukG92KtDPVuDp8OylE5LglD8NPVzBVaxRp","P1","07-17","215849823551","21.54","","20-40美金","20-40单","高价品"
"4","适用于特斯拉 Model 3 Y YL 的钢化玻璃屏幕保护膜（2021-2026 款）,中央后导航贴膜,3 秒轻松安装。","AR 软膜版,MYL 2026 F+R 16 英寸","21.5","https://cf.shopee.ph/file/sg-11134201-820mr-mnvwknz7xceca9","https://PH.xiapibuy.com/product/1654750683/52609969733","汽车内饰配件","其他的","IVCN202607107720","400880763649","https://detail.1688.com/offer/733881308981.html?kj_agent_plugin=aliprice&fromkv=xytTrace:21360a2e17840258946651174e0f8c&token=OzUiaYAtwwN%2BP4gWUu9IENPMue3yGGOMtniR%2BymwQvbrM8io91uP6yasCsjJJL87","P0","07-17","400880763649","21.5","","20-40美金","20-40单","高价品"
"1","0.8/1.0mm喷嘴 H-2000 专业HVLP喷枪迷你气动喷漆枪,适用于汽车喷漆","1.0mm 带量规套装","21.42","https://cf.shopee.com.my/file/sg-11134201-7rdvo-m004lzbeuij94f","https://MY.xiapibuy.com/product/526162453/10158934643","汽车工具","其他的","IVCN2026071011654","226756535088","https://detail.1688.com/offer/842580904581.html?kj_agent_plugin=aliprice&fromkv=xytTrace:0bb405a417657987146052559e0f8a&token=1qvmjynAatpW%2B4Y8oTGnKRa4s%2BpOMrKeIWKQQ4h%2FcKCW8p2xKgMPUNErlv2xqQr7 https://detail.1688.com/offer/800476414634.html?kj_agent_plugin=aliprice&fromkv=xytTrace%3A0bf8ca8917657988418121277e0c29&token=Cr2S%2FrejjgzV8ucA8CEaO5GfVbmJ9zUwcZnOrOR0hSg1y1A%2FxS5DPh3U4FyYYAR9&tracelog=cps&clickid=2178786aabe6fdcae2c8e545364fa94b&targetUrl=https%3A%2F%2Fs.click.1688.com%2Ft%3Fe%3DD2DC7A927D55C03D6511A0CCA913FD65D6FA062685DFF8F7D920A558D1D5758C4B369BE324A83E744B8F19128B0D93E33FB8088B45F57B9E47F28FD2CC0E231B18AD4F779334558760FEF997084D4D5331EB6FC8DBCADED4C6C8CEEEE21320CC4BD39EA2FE12E3B144206896AB5ED60D5742AF1DDAA5DB845496BD365B316D25B0FAC8A29C491432348394BC3CC3C62B9992F8828C4BE8921A30FE1C67274072DAF0C942B1A0FCA4710CA32E4D8BE2BF7C76A8AC51E38D0C20D179F68D5F65AB854701ACCCD8BFA92F6C75A1983505EBA75779E39C0C0E757C53BA9959F66DD3D4FE1D35578AFAEEA2E738F71FA9D35D%26cbu_cps_trace_flag%3Dwrite","P1","07-17","226756535088","21.42","","20-40美金","20-40单","高价品"
"1","🌟【正品】Kako 无内胎轮胎修补枪,汽车摩托车无内胎轮胎修补套装,蘑菇形修补枪 - 现货","补丁枪","21.42","https://cf.shopee.vn/file/vn-11134207-7r98o-m05rgofus58va2","https://VN.xiapibuy.com/product/757802348/14390610485","汽车工具","测试、诊断和维修工具","IVCN202512091435","181540593856","https://detail.1688.com/offer/563555704933.html?kj_agent_plugin=aliprice&fromkv=xytTrace:0","P1","07-17","181540593856","21.42","","20-40美金","20-40单","高价品"
"1","适用于配备 Starlink Mini 的车辆的磁吸式吸顶支架","白色的","21.4","","https://BR.xiapibuy.com/product/1354650881/56309625399","汽车外饰配件","其他的","IVCN2026071013198","390850278997","https://detail.1688.com/offer/1056290848986.html?kj_agent_plugin=aliprice&fromkv=xytTrace:21080f7717841001167052101e0f03&token=ZXxewJ3D82dnc78MCGZK4KcMV8KuXnnuBik6UBFbN%2BDeXjiWvnSO%2Be5ZSiI0rye5","P1","07-17","390850278997","21.4","","20-40美金","20-40单","高价品"
"1","适用于三菱 XForce 的高级后备箱隔板可优化空间,保持车辆整洁美观。","适用于三菱 XForce 的高级后备箱隔板可优化空间,保持车辆整洁美观。","21.38","","https://VN.xiapibuy.com/product/1366188147/28176501000","汽车内饰配件","收纳盒和隔层","IVCN202605131877","208221849527","https://detail.1688.com/offer/782293318392.html?spm=a26352.b28411319.offerlist.1.62911e628Lq5O6","P1","07-17","208221849527","21.38","","20-40美金","20-40单","高价品"
"1","COD汽车座椅套,透气,通用,PU皮革,四季通用,防污,适用于所有车型","黑色的","21.35","https://cf.shopee.co.th/file/sg-11134201-821gd-mgggb4ykym16c4","https://TH.xiapibuy.com/product/895343666/48400593959","汽车内饰配件","座椅及座椅套","IVCN2026061520527","400051695772","https://detail.1688.com/offer/993234302952.html?spm=a261y.7663282.3002526303362591.2.7f0f5a93Mgq7cM&sk=order&fromkv=cbuPcPlugin%3AimageSearchDrawerCard","P1","07-17","400051695772","21.35","","20-40美金","20-40单","高价品"
"1","汽车无钥匙进入系统遥控中央门锁套件 VH13P","汽车无钥匙进入系统遥控中央门锁套件 VH13P","21.35","","https://PH.xiapibuy.com/product/1452892288/24141135378","汽车内饰配件","锁具与安防","IVCN202605133345","223775366701","https://detail.1688.com/offer/663380426108.html?spm=a26352.b28411319.offerlist.5.643f1e62jmJxBg","P1","07-17","223775366701","21.35","","20-40美金","20-40单","高价品"
"1","D1 机油收集罐、冷却液储液罐、动力转向液储液罐、发动机舱","黑色的","21.35","","https://TH.xiapibuy.com/product/4429586/1896921232","汽车零部件","车身、车架和保险杠","IVCN202602119396","188085277093","https://detail.1688.com/offer/670417083516.html?fromkv=cbuPcPlugin:imageSearchDrawerCard&spm=a2639h.29135425.offerlist.i2&source=action%23offerItem%3Borigin%23shopee.co.th&amug_biz=oneself&amug_fl_src=awakeId_982","P1","07-17","188085277093","21.35","","20-40美金","20-40单","高价品"
"1","RILEY'S IRON X DECON","升","21.19","https://cf.shopee.ph/file/ph-11134207-7rask-m2ukpvuv4d1bf2","https://PH.xiapibuy.com/product/574207770/21408361795","汽车外饰配件","挡泥板和防溅板","IVCN2026031324614","144719160600","无同款","P1","07-17","144719160600","21.19","","20-40美金","20-40单","高价品"
"1","BERATO 12V8AH 密封电池,适用于 UPS、应急照明、农业设备和 16-20 升喷雾器。","黑色的","21.18","","https://TH.xiapibuy.com/product/230813287/14865610495","汽车零部件","电子","IVCN202607108594","153262273306","相似款:https://detail.1688.com/offer/816850239879.html?","P1","07-17","153262273306","21.18","","100-300美金","20-40单","高价品"
"1","【现货】前后双录行车记录仪,全高清1080P录制,140°广角镜头 / 前后双摄像头","前置摄像头","21.15","https://cf.shopee.co.th/file/5c96ed2a4f7265d4c14968c7f6a67a8a","https://TH.xiapibuy.com/product/325746875/20720899167","汽车内饰配件","摄像机和停车摄像头","IVCN2025101414327","155106994659","相似款:https://detail.1688.com/offer/679269683426.html?fromkv=cbuPcPlugin:imageSearchDrawerCard&spm=a2639h.29135425.offerlist.i12&source=action%23offerItem%3Borigin%23shopee.co.th&amug_biz=oneself&amug_fl_src=awakeId_982","P1","07-17","155106994659","21.15","","20-40美金","20-40单","高价品"
"1","前后双录行车记录仪,全高清宽动态,型号 T626,1080P,140° 广角镜头 / 前后双录行车记录仪","摄像机（单摄像机）","21.09","https://cf.shopee.co.th/file/26640dd99c32f05c2a531a80fbb3e359","https://TH.xiapibuy.com/product/315848768/18820197037","汽车内饰配件","摄像机和停车摄像头","IVCN2026031326514","192185742042","相似款：https://detail.1688.com/offer/562173487338.html?spm=a26352.b28411319/2508.0.0","P1","07-17","192185742042","21.09","","20-40美金","20-40单","高价品"
"1","适用于五十铃 TFR 4JA1 的完整燃油滤清器总成,包括法兰和油水分离器。","适用于五十铃 TFR 4JA1 的完整燃油滤清器总成,包括法兰和油水分离器。","21.08","","https://TH.xiapibuy.com/product/283721754/19317156012","汽车零部件","发动机零件","IVCN2025111467419","210938690691","相似款：https://detail.1688.com/offer/845304752320.html?fromkv=cbuPcPlugin:imageSearchDrawerCard&spm=a2639h.29135425.offerlist.i6&source=action%23offerItem%3Borigin%23shopee.co.th&amug_biz=oneself&amug_fl_src=awakeId_982","P1","07-17","210938690691","21.08","","20-40美金","20-40单","高价品"
"1","🔥本地现货🔥4合1多功能汽车侧门窗储物盒收纳架,带杯架、手机槽和悬挂式储物架","升级版黑色 2 件装","21.01","https://cf.shopee.com.my/file/cn-11134207-7ras8-macd2rchhiqw5b","https://MY.xiapibuy.com/product/1032444488/41752530566","汽车内饰配件","收纳盒和隔层","IVCN2026071011758","89189808728","相似款：https://detail.1688.com/offer/948615042120.html?fromkv=cbuPcPlugin:imageSearchDrawerCard&spm=a2639h.29135425.offerlist.i0&source=action%23offerItem%3Borigin%23cf.shopee.com.my&amug_biz=oneself&amug_fl_src=awakeId_982","P0","07-17","89189808728","21.01","","60-80美金","20-40单","高价品"
"1","2/4个LED车门灯投影迎宾标志车门幽灵灯适用于宝马E60 E61 E90 E91 E92 E93 F10 F11 X1 X3 X5 GT Z4配件","宝马,4件套超高清模型。","21","https://cf.shopee.com.br/file/cn-11134207-7ras8-m6pbuny0obvg3d","https://BR.xiapibuy.com/product/1246185650/25727513312","汽车零部件","电子","IVCN2026071012316","69417574868","https://detail.1688.com/offer/817956244527.html?kj_agent_plugin=aliprice&fromkv=xytTrace:0b5681be17840159074878515e0fb7&token=QesasrvX6t8mUkTAAD0AluLn2C3MaRmln%2FB%2BrU11GucX27CDHIXsxmzkTtGpSjs2","P0","07-17","69417574868","21","","20-40美金","20-40单","高价品"
"1","适用于奥迪 A1 A3 8P 8V A4 A5 A6 A7 A8 Q3 Q5 Q7 Q8 Sline TT 的 2/4 件装 LED 车门灯,带迎宾投影和遮光罩","奥迪四环,4件套超高清模型。","21","https://cf.shopee.com.br/file/cn-11134207-7r98o-luq3ug5yjjr4c8","https://BR.xiapibuy.com/product/1246185650/25777517078","汽车零部件","电子","IVCN202605137427","250741463284","https://detail.1688.com/offer/817956244527.html?kj_agent_plugin=aliprice&fromkv=xytTrace:0b5681be17840159074878515e0fb7&token=QesasrvX6t8mUkTAAD0AluLn2C3MaRmln%2FB%2BrU11GucX27CDHIXsxmzkTtGpSjs2","P0","07-17","250741463284","21","","20-40美金","20-40单","高价品"
"1","适用于奥迪 A1 A3 8P 8V A4 A5 A6 A7 A8 Q3 Q5 Q7 Q8 Sline TT 的 2/4 件装 LED 车门灯,带迎宾投影和遮光罩","奥迪,4件套超高清型号","21","https://cf.shopee.com.br/file/cn-11134207-7r98o-luq3ug5ygqm8b3","https://BR.xiapibuy.com/product/1246185650/25777517078","汽车零部件","电子","IVCN2026061515295","250741463276","https://detail.1688.com/offer/817956244527.html?kj_agent_plugin=aliprice&fromkv=xytTrace:0b5681be17840159074878515e0fb7&token=QesasrvX6t8mUkTAAD0AluLn2C3MaRmln%2FB%2BrU11GucX27CDHIXsxmzkTtGpSjs2","P0","07-17","250741463276","21","","20-40美金","20-40单","高价品"
"1","适用于比亚迪海豚迷你/比亚迪海鸥中控台下方托盘收纳盒组件","所以","21","https://cf.shopee.com.br/file/cn-11134207-7r98o-lwmmhs9jtwzp6f","https://BR.xiapibuy.com/product/1273745765/27303053843","汽车内饰配件","收纳盒和隔层","IVCN2026041040953","241035434547","https://detail.1688.com/offer/727114334998.html?kj_agent_plugin=aliprice&fromkv=xytTrace%3A21080f7717708775560494900e0fbd&token=uwBTwyy9iwwn26RN3M9La3K8GHDYxTxpegJaivisn6Tgxt9%2BKOm%2B93zRr9zNdI5f&tracelog=cps&clickid=a32bb2f861c8286faf381decf2a5833e&targetUrl=https%3A%2F%2Fs.click.1688.com%2Ft%3Fe%3DD2DC7A927D55C03D6511A0CCA913FD65D6FA062685DFF8F7D920A558D1D5758C4B369BE324A83E744B8F19128B0D93E33FB8088B45F57B9E47F28FD2CC0E231B18AD4F779334558760FEF997084D4D5331EB6FC8DBCADED4C6C8CEEEE21320CC4BD39EA2FE12E3B1C436B1E27209E46BE9DF7C1664C5DBB97DA031B8392439F5268C7F6A369D3FB1348394BC3CC3C62B9992F8828C4BE892DD9A442A023B1772DE40B1D66AD8A9C0DC9335A26E87495E7609108057EA9CE4BD8941E5E397D1937D5FBFEDE1E1813BD21E4394D53F721F4241707C6AB8DCA009611A7FF239F622795EBC17F2B74241F5D31131E3A6BBC7%26cbu_cps_trace_flag%3Dwrite","P0","07-17","241035434547","21","","20-40美金","20-40单","高价品"
"1","汽车大灯修复套装 大灯玻璃划痕修复工具 汽车大灯透镜修复套装 大灯透镜修复 氧化黄斑划痕模糊修复","家居风格","20.95","https://cf.shopee.ph/file/cn-11134207-820l4-mfs0ygkgt0jy74","https://PH.xiapibuy.com/product/1262309494/25537038099","汽车保养","抛光剂、涂层和密封剂","IVCN2025111477205","286943037797","https://detail.1688.com/offer/705957556927.html?fromkv=cbuPcPlugin:imageSearchDrawerCard&spm=a2639h.29135425.offerlist.i3&source=action%23offerItem%3Borigin%23shopee.ph&amug_biz=oneself&amug_fl_src=awakeId_982","P1","07-17","286943037797","20.95","","20-40美金","20-40单","高价品"
"1","VH11P 汽车通用遥控中央门锁无钥匙进入系统,带车门车窗后备箱控制功能,汽车防盗报警系统","405/T417","20.92","https://cf.shopee.ph/file/cn-11134207-7r98o-lzoj71oaesmr63","https://PH.xiapibuy.com/product/854961271/27406583821","汽车内饰配件","锁具与安防","IVCN2025101414651","251511829883","https://detail.1688.com/offer/538019840681.html?fromkv=cbuPcPlugin:imageSearchDrawerCard&spm=a2639h.29135425.offerlist.i3&source=action%23offerItem%3Borigin%23shopee.ph&amug_biz=oneself&amug_fl_src=awakeId_982","P1","07-17","251511829883","20.92","","20-40美金","20-40单","高价品"
"1","H型汽车数字LED水温表 -10-110摄氏度,带水温接头管传感器、10毫米适配器、1/8NPT电压表二合一","带 28mm 适配器","20.81","https://cf.shopee.ph/file/38236d19e112c5d9a360af35204fd688","https://PH.xiapibuy.com/product/172460267/22524948638","汽车内饰配件","抬头显示器、速度表和仪表","IVCN2026031328530","230976950537","https://detail.1688.com/offer/950899321992.html?kj_agent_plugin=aliprice&fromkv=xytTrace%3A0b51056217744067642558868e0de0&token=CkkIEMT%2FfcK10lGp%2BcZmcS8k8wdwdz2OJQe758ASouTimL1gYX8GBlDyEKbfPob7&tracelog=cps&clickid=2d08efd59f169e140e981fc118794eb9&targetUrl=https%3A%2F%2Fs.click.1688.com%2Ft%3Fe%3DD2DC7A927D55C03D6511A0CCA913FD65D6FA062685DFF8F7D920A558D1D5758C4B369BE324A83E744B8F19128B0D93E33FB8088B45F57B9E47F28FD2CC0E231B18AD4F779334558760FEF997084D4D5331EB6FC8DBCADED4C6C8CEEEE21320CC4BD39EA2FE12E3B1D24E0CC14DD2AFC0983A5FA9A5C761CB1331DDC4753847ADEA5DD589B13E2FE9348394BC3CC3C62B9992F8828C4BE892FC76A3EC35A15B4AD4F76A0C1ED2CD675C510CB2C2821345A8FCC58D5F843A52E999850C3CA14C177A154C94E82269152E4FB92C4CB3A8709ED95454189F17B32ECB8CDADDE13A1EB4DC5434B022B38C4C18D83BB8EFE06C%26cbu_cps_trace_flag%3Dwrite","P1","07-17","230976950537","20.81","","20-40美金","20-40单","高价品"
"2","吉利EX2（2025年至今）屏幕保护膜 [吉利EX2] 赛车保护膜","屏幕中央贴膜,减少 80% 的光线。","20.8","https://cf.shopee.co.th/file/th-11134207-81ztq-mkhl6tcklnuwe0","https://TH.xiapibuy.com/product/239204794/45155949385","汽车外饰配件","贴纸、标志和徽章","IVCN2026061521535","440537333216","相似款：https://detail.1688.com/offer/1049466779400.html?spm=a26352.13672862.offerlist.173.6df71e62muTaSZ&offerId=1049466779400&sortType=&pageId=&abBizDataType=cbuOffer&hotSaleSkuId=6246898767207&trace_log=normal&uuid=26bed56cd03445b3a3d2d12d51023bef&forcePC=1781598773509","P0","07-17","440537333216","20.8","","20-40美金","20-40单","高价品"
"1","SEAFLO备用柴油桶（黄色,带加油管）。免运费。0%分期付款。正品保证。","5升","20.74","https://cf.shopee.co.th/file/th-11134207-7r98o-lnuyebypwr53a2","https://TH.xiapibuy.com/product/1103635512/24750519685","汽车零部件","燃油系统","IVCN2025111464105","177936630377","https://detail.1688.com/offer/533961929692.html?spm=a26352.b28411319/2508.0.0&cosite=-&tracelog=p4p&_p_isad=1&clickid=eeea40e3dc3a4a4f96326445a6494210&sessionid=12045994f9e4e46fa1710d11dcd95f71","P1","07-17","177936630377","20.74","","20-40美金","20-40单","高价品"
"1","适用于奇瑞ICAR V23汽车的中央扶手箱收纳盒工具箱副驾驶储物盒配件收纳托盘（泰国发货）","乘客","20.63","https://cf.shopee.co.th/file/sg-11134201-822wk-mi4dgflwhjb65b","https://TH.xiapibuy.com/product/265065114/42777180392","汽车内饰配件","收纳盒和隔层","IVCN2026061520195","385284069267","无同款","P1","07-17","385284069267","20.63","","20-40美金","20-40单","高价品"
"1","五十铃原厂空调出风口格栅,适用于五十铃Crosswind、Hilander、Fuego、TFR、Crosswind XUV、Xwind、Sportivo车型,尺寸为9.5*6.4*4.2厘米,五十铃配件","4件","20.57","https://cf.shopee.ph/file/cn-11134207-7qukw-lgm2jvznpvxb57","https://PH.xiapibuy.com/product/998494654/23142039499","汽车零部件","散热器、发动机冷却和气候控制","IVCN2026061510781","184285257365","https://detail.1688.com/offer/809628269733.html?kj_agent_plugin=aliprice&fromkv=xytTrace:2108837b17446990605766120e13ef&token=MEXUysbp5q%2FsYMcr8knX6z3HVNdZUFHT5s1b9rCKwdsI4N%2FDFX04xeR2rGzbYnDl","P1","07-17","184285257365","20.57","","20-40美金","20-40单","高价品"
"1","4.19英寸高清1080P双镜头车载录像后视镜","4.19英寸高清1080P双镜头车载录像后视镜","20.55","","https://VN.xiapibuy.com/product/983530988/23342874219","汽车内饰配件","摄像机和停车摄像头","IVCN2026041039660","231618370430","相似款：https://detail.1688.com/offer/884629978968.html?spm=a26352.b28411319/2508.0.0","P1","07-17","231618370430","20.55","","20-40美金","20-40单","高价品"
"1","正品凯夫拉材质车门把手保护套。适用于所有车型。保护车门把手免受刮擦。","4 门","20.43","https://cf.shopee.co.th/file/th-11134207-7rasa-m9ikgu28du1s84","https://TH.xiapibuy.com/product/309449523/44150185387","汽车外饰配件","其他的","IVCN2026051320595","149180064032","相似款：https://detail.1688.com/offer/750950065956.html?spm=a26352.b28411319/2508.0.0","P1","07-17","149180064032","20.43","","20-40美金","20-40单","高价品"
"1","适用于吉利EX2/星愿的汽车脚垫。耐用、防刮、防滑、防水,并包含一个储物垫。定制汽车配件。","黑色——黑线","20.42","https://cf.shopee.co.th/file/th-11134207-81zti-mlcxd500ivia4e","https://TH.xiapibuy.com/product/1281957010/44656691178","汽车内饰配件","地毯和垫子","IVCN202605135931","244175015387","https://detail.1688.com/offer/1048623997013.html?kj_agent_plugin=aliprice&fromkv=xytTrace:0b0fdc4f17840841754864927e0fb2&token=j09oD4XT792AFSK0lPhPj5lNoMTiwApMCSeKT%2B%2BXglcXP13xlp8oVaAWfcZHUQkm","P1","07-17","244175015387","20.42","","20-40美金","20-40单","高价品"
"1","12V 150psi车载轮胎充气泵 双缸电动车载气泵 迷你空气压缩机 | 数字显示,压力可调 | LED灯 | 便携式","一个","20.34","https://cf.shopee.co.th/file/sg-11134201-7rept-m8vbfaoslzfr71","https://TH.xiapibuy.com/product/928330062/29734373844","汽车保养","其他的","IVCN202607108150","253255937505","https://detail.1688.com/offer/915805022244.html?fromkv=cbuPcPlugin:imageSearchDrawerCard&spm=a2639h.29135425.offerlist.i6&source=action%23offerItem%3Borigin%23cf.shopee.co.th&amug_biz=oneself&amug_fl_src=awakeId_982","P1","07-17","253255937505","20.34","","20-40美金","20-40单","高价品"
"1","汽车专用降噪、除臭、防水橡胶密封条。""高品质加厚20毫米版本。""","2.5米长","20.32","","https://TH.xiapibuy.com/product/37185045/2296469426","汽车零部件","其他的","IVCN2026071014116","230519704472","无同款","P1","07-17","230519704472","20.32","","20-40美金","20-40单","高价品"
"1","汽车和摩托车大灯修复套装,含聚合物活化剂和抛光杯","100毫升套装","20.25","https://cf.shopee.com.br/file/cn-11134207-820l4-mlptkkmafytc8a","https://BR.xiapibuy.com/product/1562413507/43868671338","汽车保养","抛光剂、涂层和密封剂","IVCN2026041038993","224497469793","https://detail.1688.com/offer/1014228065053.html?spm=a26352.b28411319/2508.0.0","P0","07-17","224497469793","20.25","","100-300美金","20-40单","高价品"
"1","一罐 Maruni 胶水,轮胎修补胶,绿色罐装,200 毫升。轮胎修补套装。","一罐 Maruni 胶水,轮胎修补胶,绿色罐装,200 毫升。轮胎修补套装。","20.21","","https://TH.xiapibuy.com/product/47515160/4702118708","汽车保养","轮胎及轮毂保养","IVCN202602111533","62159478600","相似款：https://detail.1688.com/offer/915607273300.html?kj_agent_plugin=aliprice&fromkv=xytTrace:212b9de517678458281977437e102a&token=gKDXrHHHxWyNSDvtEyQTpxZC6wJR9TwuvNzv5RRJwhcUUzNte4EBPMsYelII2woK","P1","07-17","62159478600","20.21","","100-300美金","20-40单","高价品"
"1","（🚚马来西亚现货🚚）蓝牙V6.0音频接收器,3.5mm AUX/RCA立体声无损音乐无线适配器,支持U盘,适用于车载音响套件","黑色的","20.19","https://cf.shopee.com.my/file/cn-11134207-7ras8-mc04jdmwfswm53","https://MY.xiapibuy.com/product/1150870729/27492850948","汽车内饰配件","USB充电器、FM和蓝牙发射器","IVCN2026031330824","271938863692","https://detail.1688.com/offer/902932011778.html?kj_agent_plugin=aliprice&fromkv=xytTrace:2132815517749483235045383e0f26&token=2hvMnmw6ziI77cn%2FQd48iWoftPBuo9kuqwi7JwnqRh210vQuRZ8ubwuBKKT%2BVjpW","P1","07-17","271938863692","20.19","","20-40美金","20-40单","高价品"
"1","三菱Canter PS125汽车零部件油水分离器","PS125","20.19","https://cf.shopee.ph/file/cn-11134207-7r98o-lxuhthubn9cz69","https://PH.xiapibuy.com/product/1279625066/27605685342","汽车零部件","发动机零件","IVCN202604231981","251221700698","相似款：https://detail.1688.com/offer/840730270171.html?fromkv=cbuPcPlugin:imageSearchDrawerCard&spm=a2639h.29135425.offerlist.i8&source=action%23offerItem%3Borigin%23shopee.ph&amug_biz=oneself&amug_fl_src=awakeId_982","P1","07-17","251221700698","20.19","","20-40美金","20-40单","高价品"
"1","适用于柴油皮卡的正品 304 不锈钢中段消音器,直径 2.5 英寸,高性能型,带有螺旋形、斜面形或直形内部挡板。","螺旋插入件","20.19","","https://TH.xiapibuy.com/product/70084463/7862770938","汽车零部件","尾气和排放","IVCN2026041041363","243380472333","无同款","P1","07-17","243380472333","20.19","","40-60美金","20-40单","高价品"
"1","通用型黑色安全带,三点式汽车安全带,适用于轿车和VIP厢式货车。兼容所有车型。安全带,汽车安全带。","安全带","20.14","https://cf.shopee.co.th/file/sg-11134201-7rdwr-m0e5euceph9s62","https://TH.xiapibuy.com/product/593690013/28961907963","汽车内饰配件","其他的","IVCN202505092071","226796609117","https://detail.1688.com/offer/954038709233.html?fromkv=cbuPcPlugin:imageSearchDrawerCard&spm=a2639h.29135425.offerlist.i0&source=action%23offerItem%3Borigin%23shopee.co.th&amug_biz=oneself&amug_fl_src=awakeId_982","P1","07-17","226796609117","20.14","","20-40美金","20-40单","高价品"
"1","球形3D冰丝汽车座椅套 简约前排单座垫 四季通用透气汽车座椅套 汽车配件","黑色前排1号座椅","20.1","https://cf.shopee.com.my/file/sg-11134201-7rdvs-mc4rjgurqt2mbf","https://MY.xiapibuy.com/product/1272077524/41158348384","汽车内饰配件","座椅及座椅套","IVCN2026051324441","188596833599","https://detail.1688.com/offer/950760252487.html?spm=a26352.b28411319/2508.0.0&cosite=-&tracelog=p4p&_p_isad=1&clickid=758896eea39146df80cbe9d70ca22070&sessionid=affaa19fb2cb41d69f921c9a87292346","P1","07-17","188596833599","20.1","","20-40美金","20-40单","高价品"
"1","卡车用反光胶带,长30/45米,宽5厘米。粘性强,经久耐用,反光效果极佳。104R-00821(E1)","黄色 45米","20.1","","https://TH.xiapibuy.com/product/262504582/45654287548","汽车外饰配件","贴纸、标志和徽章","IVCN202607107648","109594335560","https://detail.1688.com/offer/606525510433.html?spm=a26352.b28411319/2508.0.0","P1","07-17","109594335560","20.1","","20-40美金","20-40单","高价品"
"1","现货 🔥 PIVOT 电源平衡盒（紫色盒子）、电压表、稳压器、接地线 - 全套 - Mega Raizin 稳压器","现货 🔥 PIVOT 电源平衡盒（紫色盒子）、电压表、稳压器、接地线 - 全套 - Mega Raizin 稳压器","20.09","","https://TH.xiapibuy.com/product/33441/1691968253","汽车零部件","其他的","IVCN2026041033745","73670169798","https://detail.1688.com/offer/798228123065.html?fromkv=cbuPcPlugin:imageSearchDrawerCard&spm=a2639h.29135425.offerlist.i12&source=action%23offerItem%3Borigin%23shopee.co.th&amug_biz=oneself&amug_fl_src=awakeId_982","P1","07-17","73670169798","20.09","","20-40美金","20-40单","高价品"
"1","FNKvision 行车记录仪,全高清 WDR,4.0 英寸 IPS 屏幕,1296P 全高清双摄像头,WDR 动态范围（夜视清晰）,高清夜视功能","V1+32GB","20","https://cf.shopee.co.th/file/th-11134207-7r98x-lqeb8hhontwa4c","https://TH.xiapibuy.com/product/204551805/9927469634","汽车内饰配件","摄像机和停车摄像头","IVCN202604230415","78728954170","https://detail.1688.com/offer/669171202660.html?kj_agent_plugin=aliprice&fromkv=xytTrace:0","P0","07-17","78728954170","20","","20-40美金","20-40单","高价品"
"1","正品玻璃,ORA 5 屏幕保护膜,配件,智能触摸屏,汽车屏幕保护膜,汽车配件,ORA5 钢化玻璃屏幕保护膜。","A+B - 防反射","20","https://cf.shopee.co.th/file/sg-11134201-8261d-mmicqsz4cf7z24","https://TH.xiapibuy.com/product/1509548725/47558273337","汽车内饰配件","其他的","IVCN2026061520497","395733667773","https://detail.1688.com/offer/1064139462090.html?spm=a26352.b28411319/2508.0.0","P0","07-17","395733667773","20","","20-40美金","20-40单","高价品"
"1","吉利 EX2/星愿屏幕保护膜套装（8.8英寸+14.6英寸）钢化玻璃屏幕保护膜","哑光保护膜","20","https://cf.shopee.co.th/file/th-11134207-81ztq-mngxu0k41n9d7e","https://TH.xiapibuy.com/product/1283608441/53409475338","汽车内饰配件","其他的","IVCN202607108630","310837853191","https://detail.1688.com/offer/893564213491.html?spm=a26352.b28411319/2508.0.0","P0","07-17","310837853191","20","","20-40美金","20-40单","高价品"
"1","💯 Giorno 油箱盖,采用真正的碳纤维包裹。提供四种编织纹理和两种编织纹理可选。原厂配件,从经销商处订购。亮面处理。","模式 4","20","","https://TH.xiapibuy.com/product/1758128656/58110511758","汽车外饰配件","其他的","IVCN2026071011150","238286504249","https://detail.1688.com/offer/1060844811015.html?kj_agent_plugin=aliprice&fromkv=xytTrace:21360a2e17841009508625617e0bf1&token=HzoUYQwrXlPBeOUjDvT%2BEfBRxlqP1ivn320mKFe9fBtWtFxzrSJoRSO%2FjwNZq1%2F8","P0","07-17","238286504249","20","","20-40美金","20-40单","高价品"
"1","Kstone 10.00R20 卡车内胎,带长气嘴。","Kstone 10.00R20 卡车内胎,带长气嘴。","20","","https://TH.xiapibuy.com/product/362030908/28977093549","汽车零部件","轮胎及配件","IVCN2025122211188","233837063215","相似款：https://detail.1688.com/offer/924709646976.html?kj_agent_plugin=aliprice&fromkv=xytTrace:213f867c17670641942476035e109e&token=1wwN4tu7HKYnbSndt72pYemSlUnI56JSqra7IKghP%2FDXMaj%2Fhz%2Bhwq9U377PyLSt","P0","07-17","233837063215","20","","20-40美金","20-40单","高价品"
"1","（单价）全新原装日产燃油喷射器,适用于March（2010-2022）、Almera（2011-2020）、Tiida 1.6（2005-2012）、Note（2017-2022）。建议更换全部3个喷射器。","（单价）全新原装日产燃油喷射器,适用于March（2010-2022）、Almera（2011-2020）、Tiida 1.6（2005-2012）、Note（2017-2022）。建议更换全部3个喷射器。","20","","https://TH.xiapibuy.com/product/312143017/20872793710","汽车零部件","燃油系统","IVCN202605130183","193816206686","https://detail.1688.com/offer/550613781445.html?kj_agent_plugin=aliprice&fromkv=xytTrace:0","P0","07-17","193816206686","20","","20-40美金","20-40单","高价品"
"1","高级专用车载手机支架 Perodua Bezza (2016-2026)","支架 + 托架","20","https://cf.shopee.com.my/file/my-11134207-820l4-mfw51dt3rea3b6","https://MY.xiapibuy.com/product/995060880/22380639601","汽车内饰配件","手机支架","IVCN2025101412875","168078945693","相似款：https://detail.1688.com/offer/921423020522.html?kj_agent_plugin=aliprice&fromkv=xytTrace:0","P0","07-17","168078945693","20","","20-40美金","20-40单","高价品"
"1","适用于 Deepal S05 汽车的屏幕保护膜,2025 年款至今。","60%透明减光膜","20","https://cf.shopee.co.th/file/th-11134207-7rasl-m7xk8fnd30uh65","https://TH.xiapibuy.com/product/239204794/25843277040","汽车外饰配件","贴纸、标志和徽章","IVCN202606159631","157761887847","相似款：https://detail.1688.com/offer/984899123983.html?spm=a26352.b28411319/2508.0.0","P0","07-17","157761887847","20","","20-40美金","20-40单","高价品"
"1","🔥适用于2012-2015款车型的左侧前挡风玻璃雨刮电机盖 74220-TR0-A00 74220TR0A00","左,黑色","19.98","https://cf.shopee.com.br/file/sg-11134201-7rau1-manjd6nlkagz67","https://BR.xiapibuy.com/product/207174365/42203457073","汽车零部件","挡风玻璃雨刮器和清洗器","IVCN2026021110446","206108824147","https://detail.1688.com/offer/778090990011.html?fromkv=cbuPcPlugin:imageSearchDrawerCard&spm=a2639h.29135425.offerlist.i0&source=action%23offerItem%3Borigin%23shopee.com.br&amug_biz=oneself&amug_fl_src=awakeId_982","P1","07-17","206108824147","19.98","","40-60美金","20-40单","高价品"
"1","HOTOP 通用真皮汽车座椅套全套座椅保护垫 Kusyen Kereta 黑色蓝色红色适用于 Saga Bezza Viva Wira Waja Persona HRV City Civic 汽车配件","冷却纤维黑色全套","19.84","https://cf.shopee.com.my/file/cn-11134207-7ras8-mckhomcv68lcda","https://MY.xiapibuy.com/product/1013658762/16795198774","汽车内饰配件","座椅及座椅套","IVCN2026061514093","253667154152","https://detail.1688.com/offer/963878606342.html?kj_agent_plugin=aliprice&fromkv=xytTrace:0","P1","07-17","253667154152","19.84","","20-40美金","20-40单","高价品"
"1","最好的轮毂漆。亮黑色,包含刷子和砂纸。","最好的轮毂漆。亮黑色,包含刷子和砂纸。","19.8","","https://TH.xiapibuy.com/product/113215679/7718276022","汽车零部件","车轮、轮辋及配件","IVCN202605136441","22942025918","相似款：https://detail.1688.com/offer/799545410004.html?spm=a26352.b28411319/2508.0.0.59f61e624A1zxG","P0","07-17","22942025918","19.8","","20-40美金","20-40单","高价品"
"2","夏季透气汽车座椅套 通用超薄PU皮革前后座垫 豪华汽车内饰保护配件","黑色（后排 1 件）","19.77","https://cf.shopee.sg/file/sg-11134201-7rdx9-mcgiivaba6hab2","https://SG.xiapibuy.com/product/1510756637/27938899004","汽车内饰配件","座椅及座椅套","IVCN202607108292","270781474292","https://detail.1688.com/offer/1046986065679.html?fromkv=cbuPcPlugin:imageSearchDrawerCard&spm=a2639h.29135425.offerlist.i2&source=action%23offerItem%3Borigin%23cf.shopee.sg&amug_biz=oneself&amug_fl_src=awakeId_982","P1","07-17","270781474292","19.77","","20-40美金","20-40单","高价品"
"1","儿童汽车座椅靠背枕 - 长排座椅安全舒适,可爱颈部支撑枕","可爱小猪造型抱枕 * 1","19.74","https://cf.shopee.vn/file/sg-11134201-7rff2-m4384sdppkz433","https://VN.xiapibuy.com/product/1067078730/27571430243","汽车内饰配件","座椅头枕和靠背","IVCN2026071013784","147613375566","https://detail.1688.com/offer/899797021439.html?fromkv=cbuPcPlugin:imageSearchDrawerCard&spm=a2639h.29135425.offerlist.i0&source=action%23offerItem%3Borigin%23cf.shopee.vn&amug_biz=oneself&amug_fl_src=awakeId_982","P1","07-17","147613375566","19.74","","20-40美金","20-40单","高价品"
"1","Js racing carknalpot 适用于所有类型汽车的干式低音炮","Js镀锌","19.66","https://cf.shopee.ph/file/779b23985f13281d84a668c6c974b0c9","https://PH.xiapibuy.com/product/332215533/15389245759","汽车零部件","尾气和排放","IVCN2026021110708","211051357114","相似款：https://detail.1688.com/offer/892601015799.html?kj_agent_plugin=aliprice&fromkv=xytTrace:210702e017725322034828556e0f8d&token=r%2F3iFWVCsgmXamFOOVMy6w2iThZfWHIVILpk0AFFwBchPSToIB7dH%2BLkE%2FFZ%2FJRy","P1","07-17","211051357114","19.66","","20-40美金","20-40单","高价品"
"1","通用型LED水晶手动变速器换挡按钮杆头","通用型LED水晶手动变速器换挡按钮杆头","19.64","","https://BR.xiapibuy.com/product/953670848/24532481943","汽车内饰配件","踏板和变速杆","IVCN2026021113701","251056183680","相似款：https://detail.1688.com/offer/729205948274.html?spm=a26352.b28411319.offerlist.1.b9ce1e62gx29pm&cosite=-&tracelog=p4p&_p_isad=1&clickid=8e2b0abf3cdc40f4a5b1f6d26dcd30b0&sessionid=9031a4744ccaa8adb4e56f4edbce2502","P1","07-17","251056183680","19.64","","100-300美金","20-40单","高价品"
"1","[WISH] 二合一精密钩锁套装 O型环拾取工具 维修保养工具 汽车开锁技巧 SS001 SS002 GE","A2 SS002","19.6","https://cf.shopee.vn/file/sg-11134201-7rdvv-mcbuqqtaz6cy1b","https://VN.xiapibuy.com/product/1105643352/43309078965","汽车工具","其他的","IVCN202604232221","285760129112","无同款","P1","07-17","285760129112","19.6","","20-40美金","20-40单","高价品"
"1","水温油压表电压表 52mm 三合一套装 黑/铬 黑/白表圈,带温度和传感器","黑色边框","19.59","https://cf.shopee.com.br/file/c13a8677f9fdfb500d0ccd99f225201b","https://BR.xiapibuy.com/product/790162402/16073482286","汽车内饰配件","抬头显示器、速度表和仪表","IVCN2026061512401","210542725128","https://detail.1688.com/offer/711239155764.html?kj_agent_plugin=aliprice&fromkv=xytTrace:2133d7d417744064742263073e0f6d&token=dtTvHky%2BVNdwp5HLZ5lBxDzONFS3lBMPaVAouWalvyV%2B5Mh0qoXjuiJm%2BoLr90lU","P1","07-17","210542725128","19.59","","20-40美金","20-40单","高价品"
"1","适用于越野车的多功能车载手机支架 - A柱铝合金支架和卡车方向盘支架。","黑色的","19.56","https://cf.shopee.vn/file/sg-11134201-8260e-mlq9rlz1kydk4e","https://VN.xiapibuy.com/product/642827822/58057112579","汽车内饰配件","手机支架","IVCN2026071011130","435634789367","https://detail.1688.com/offer/894288518758.html?fromkv=cbuPcPlugin:imageSearchDrawerCard&spm=a2639h.29135425.offerlist.i8&source=action%23offerItem%3Borigin%23cf.shopee.vn&amug_biz=oneself&amug_fl_src=awakeId_982","P1","07-17","435634789367","19.56","","20-40美金","20-40单","高价品"
"1","脚踏式气泵,适用于给自行车轮胎、摩托车轮胎、球类和汽车轮胎充气。便携、方便、耐用。","黑色的","19.56","https://cf.shopee.co.th/file/sg-11134201-7reph-m2gcr3rkv6m353","https://TH.xiapibuy.com/product/301032844/29267234374","汽车工具","轮胎压力检测器","IVCN2026051322377","166792682720","https://detail.1688.com/offer/723970892425.html?kj_agent_plugin=aliprice&fromkv=xytTrace:213d7cd717512739725922029e0f36&token=JPCL9TX8uSwq5F2shcwzwRVXW0AglWy2dSbAxvDrbO7QhF2k5loUvLkiYmvp9sBg","P1","07-17","166792682720","19.56","","20-40美金","20-40单","高价品"
"1","新款车牌框,凯夫拉和钛合金饰面。采用塑料内层和真正的不锈钢结构。标准尺寸。一套包含两个车牌框（前牌和后牌）。","S3塑料,凯夫拉图案,1对=2件。","19.5","https://cf.shopee.co.th/file/th-11134207-81ztf-mf1g99yovdvtc0","https://TH.xiapibuy.com/product/90697320/1533168791","汽车外饰配件","车牌配件","IVCN2026031331326","286528392352","相似款：https://detail.1688.com/offer/724015009075.html?kj_agent_plugin=aliprice&fromkv=xytTrace:0","P1","07-17","286528392352","19.5","","20-40美金","20-40单","高价品"
"1","适用于2021年至今的五十铃MU-X车型（4件装）车窗遮阳板。采用注塑成型材料,深黑色,表面光滑亮泽。配备正品3M胶粘剂。","适用于2021年至今的五十铃MU-X车型（4件装）车窗遮阳板。采用注塑成型材料,深黑色,表面光滑亮泽。配备正品3M胶粘剂。","19.5","","https://TH.xiapibuy.com/product/272732940/25301118818","汽车外饰配件","装饰","IVCN202604231651","225807426238","相似款：https://detail.1688.com/offer/870882569315.html?fromkv=cbuPcPlugin:imageSearchDrawerCard&spm=a2639h.29135425.offerlist.i1&source=action%23offerItem%3Borigin%23cf.shopee.co.th&amug_biz=oneself&amug_fl_src=awakeId_982","P0","07-17","225807426238","19.5","","20-40美金","20-40单","高价品"
"1","150-200片/套 轮胎补片套装 32/42mm 圆形橡胶补片 轮胎穿孔冷补胎片","42毫米","19.37","https://cf.shopee.ph/file/sg-11134201-22090-4zktnpufx2hv69","https://PH.xiapibuy.com/product/620419774/19250621959","汽车保养","轮胎及轮毂保养","IVCN202605131073","202551937500","https://detail.1688.com/offer/610579239774.html","P1","07-17","202551937500","19.37","","20-40美金","20-40单","高价品"
"1","KEDIS 32/42/58MM 汽车无内胎轮胎补片 轮胎穿刺修补套装 摩托车橡胶冷补片","32毫米","19.33","https://cf.shopee.ph/file/cn-11134207-7ras8-m8o97td7nhf6e9","https://PH.xiapibuy.com/product/1235461671/27533758767","汽车保养","轮胎及轮毂保养","IVCN2025111468477","218434719169","https://detail.1688.com/offer/610579239774.html?spm=a26352.b28411319/2508.0.0&cosite=-&tracelog=p4p&_p_isad=1&clickid=c086d3f25293486dbc5d3158349e5d68&sessionid=9a2f420d1b863b41e47b05d8a6fdf332","P1","07-17","218434719169","19.33","","20-40美金","20-40单","高价品"
"1","[WISH] 二合一精密钩锁套装 O型环拾取工具 维修保养工具 汽车开锁技巧 SS001 SS002 GE","A1 SS001","19.28","https://cf.shopee.vn/file/sg-11134201-7rdxx-mcbuqqgtfzx561","https://VN.xiapibuy.com/product/1105643352/43309078965","汽车工具","其他的","IVCN202508282906","285760129111","无同款","P1","07-17","285760129111","19.28","","20-40美金","20-40单","高价品"
"1","12V 24V 通用液晶数字燃油液位计,适用于汽车、1KΩ-10KΩ、卡车/摩托车。","12V 24V 通用液晶数字燃油液位计,适用于汽车、1KΩ-10KΩ、卡车/摩托车。","19.22","","https://BR.xiapibuy.com/product/207765542/27431450779","汽车内饰配件","抬头显示器、速度表和仪表","IVCN202512226288","185937175675","https://detail.1688.com/offer/667020709873.html?fromkv=cbuPcPlugin:imageSearchDrawerCard&spm=a2639h.29135425.offerlist.i1&source=action%23offerItem%3Borigin%23shopee.com.br&amug_biz=oneself&amug_fl_src=awakeId_982","P1","07-17","185937175675","19.22","","20-40美金","20-40单","高价品"
"1","正品不锈钢车牌框。防锈、坚固耐用（至少可使用5年）。安装简便,随附螺丝。适用于汽车牌照。","无品牌","19.21","https://cf.shopee.co.th/file/th-11134207-7ra0p-mc85hvyt6qtgb8","https://TH.xiapibuy.com/product/62144331/3244367742","汽车外饰配件","车牌配件","IVCN2025091210652","21398983614","相似款：https://detail.1688.com/offer/722770198754.html?kj_agent_plugin=aliprice&fromkv=xytTrace:0","P1","07-17","21398983614","19.21","","20-40美金","20-40单","高价品"
"1","空调歧管压力表（带一对接头）适用于汽车空调R134a/R22软管,优质汽车空调配件","空调歧管压力表（带一对接头）适用于汽车空调R134a/R22软管,优质汽车空调配件","19.18","","https://PH.xiapibuy.com/product/31945205/3717259338","汽车零部件","散热器、发动机冷却和气候控制","IVCN2026031323168","90024951275","相似款：https://detail.1688.com/offer/685495431314.html?kj_agent_plugin=aliprice&fromkv=xytTrace:212b5ecd17645793104387597e0e29&token=tceLxidVrwGgEzKRemV2fVXgih91TryyfveQR1E%2F5UhiqefQqADqWNp0xJAh2eFs","P1","07-17","90024951275","19.18","","20-40美金","20-40单","高价品"
"1","HOCO 车载充电器,带 3 个点烟器插座和 4 个 USB 端口,LED 显示屏,用途广泛,Z64。","车载充电器","19.17","https://cf.shopee.co.th/file/th-11134207-81zti-mhpqxi5bby107b","https://TH.xiapibuy.com/product/374944741/55500711413","汽车内饰配件","手机支架","IVCN2026071013100","277119842140","相似款：https://detail.1688.com/offer/740822089793.html?spm=a261y.7663282.3002526303362591.2.3a175a94MZMA7F&sk=order&fromkv=cbuPcPlugin%3AimageSearchDrawerCard","P1","07-17","277119842140","19.17","","20-40美金","20-40单","高价品"
"1","轮毂盖、轮毂罩、轮毂保护罩。适用于 Vigo、Revo、Ford、Triton 和 D-max 2020 等车型上 105-106 毫米的轮毂。提供 5 种颜色可选。","4 个轮子（2 对）,黑色。","19.08","","https://TH.xiapibuy.com/product/33441/1400904334","汽车零部件","车轮、轮辋及配件","IVCN202604231283","195189700247","相似款：https://detail.1688.com/offer/744276105362.html?k","P1","07-17","195189700247","19.08","","20-40美金","20-40单","高价品"
"1","适用于 2025 2026 款特斯拉 Model Y 的 Juniper 后备箱储物盒座椅储物盒汽车用品改装配件","后备箱储物盒（6 件套）,Y 型杜松","19.04","https://cf.shopee.sg/file/cn-11134207-7ras8-m8thooj3spwd62","https://SG.xiapibuy.com/product/1024731014/27234171870","汽车内饰配件","收纳盒和隔层","IVCN202607109652","253237736369","相似款：https://detail.1688.com/offer/1015476317428.html?fromkv=cbuPcPlugin:imageSearchDrawerCard&spm=a2639h.29135425.offerlist.i3&source=action%23offerItem%3Borigin%23cf.shopee.sg&amug_biz=oneself&amug_fl_src=awakeId_982","P1","07-17","253237736369","19.04","","20-40美金","20-40单","高价品"
"5","长城欧拉 5 电动车屏幕保护膜,2026 年款 - 目前 [长城欧拉 5] RACE GUARD ORA5","透明仪表盘显示屏。","19","https://cf.shopee.co.th/file/th-11134207-81ztm-mn584eg55a8357","https://TH.xiapibuy.com/product/239204794/47358998259","汽车外饰配件","贴纸、标志和徽章","IVCN202607108426","310797003080","相似款：https://detail.1688.com/offer/1059468167711.html?fromkv=cbuPcPlugin:imageSearchDrawerCard&spm=a2639h.29135425.offerlist.i0&source=action%23offerItem%3Borigin%23cf.shopee.co.th&amug_biz=oneself&amug_fl_src=awakeId_982","P0","07-17","310797003080","19","","20-40美金","20-40单","高价品"
"1","吉利 EX2 14.6/8.8 英寸屏幕保护膜,99% 透明,9H 抗刮擦,30 秒轻松安装。汽车配件。","14.6英寸GPS+仪表盘——防眩光","19","https://cf.shopee.co.th/file/cn-11134207-820l4-mhw2oz47b0ug77","https://TH.xiapibuy.com/product/1191016947/50602657274","汽车内饰配件","其他的","IVCN2026021115027","272231089312","https://detail.1688.com/offer/893564213491.html?fromkv=cbuPcPlugin:imageSearchDrawerCard&spm=a2639h.29135425.offerlist.i0&source=action%23offerItem%3Borigin%23shopee.co.th&amug_biz=oneself&amug_fl_src=awakeId_982","P1","07-17","272231089312","19","","20-40美金","20-40单","高价品"
"5","长城欧拉 5 电动车屏幕保护膜,2026 年款 - 目前 [长城欧拉 5] RACE GUARD ORA5","采用纳米玻璃 9H 的仪表盘显示屏。","19","https://cf.shopee.co.th/file/th-11134207-81ztm-mn584eg55a8357","https://TH.xiapibuy.com/product/239204794/47358998259","汽车外饰配件","贴纸、标志和徽章","IVCN202607108426","267545020657","相似款：https://detail.1688.com/offer/1059468167711.html?fromkv=cbuPcPlugin:imageSearchDrawerCard&spm=a2639h.29135425.offerlist.i0&source=action%23offerItem%3Borigin%23cf.shopee.co.th&amug_biz=oneself&amug_fl_src=awakeId_982","P0","07-17","267545020657","19","","20-40美金","20-40单","高价品"
"1","汽车用数字GPS速度计,带彩色LED显示屏、时钟和指南针功能,以及超速报警功能。","汽车用数字GPS速度计,带彩色LED显示屏、时钟和指南针功能,以及超速报警功能。","19","","https://BR.xiapibuy.com/product/397121305/28218926573","汽车内饰配件","抬头显示器、速度表和仪表","IVCN2025111467223","208015469036","https://detail.1688.com/offer/822797979012.html?kj_agent_plugin=aliprice&fromkv=xytTrace:0bb405a417637185872356664e0fac&token=ChYT0xllz5D%2BJImqsE5nGOY%2FrFLasMinzmSlouGx04Z8yCPO9fRCiS%2BnRol%2B%2BZPQ","P0","07-17","208015469036","19","","20-40美金","20-40单","高价品"
"1","【一对】LED汽车雾灯 LED大灯射灯灯泡投影透镜恶魔天使眼 LED雾灯 H11 H7 9005 9006 12V 3000K 6000K 100W 15000LM CSP 3570芯片","H11/H8/H9,3000K（黄色）","19","https://cf.shopee.com.my/file/cn-11134207-7r98o-ltf8rfdnj07xd9","https://MY.xiapibuy.com/product/142124155/19096434814","汽车零部件","电子","IVCN2026051319059","137879744670","https://detail.1688.com/offer/675361745657.html?fromkv=cbuPcPlugin:imageSearchDrawerCard&spm=a2639h.29135425.offerlist.i3&source=action%23offerItem%3Borigin%23shopee.com.my&amug_biz=oneself&amug_fl_src=awakeId_982","P0","07-17","137879744670","19","","20-40美金","20-40单","高价品"
"2","HOTOP 通用真皮汽车座椅套全套座椅保护垫 Kusyen Kereta 黑色蓝色红色适用于 Saga Bezza Viva Wira Waja Persona HRV City Civic 汽车配件","冷却纤维蓝色全套","18.92","https://cf.shopee.com.my/file/cn-11134207-7ras8-mckhont10i21ef","https://MY.xiapibuy.com/product/1013658762/16795198774","汽车内饰配件","座椅及座椅套","IVCN202607109928","253667154154","https://detail.1688.com/offer/963878606342.html?kj_agent_plugin=aliprice&fromkv=xytTrace:0","P1","07-17","253667154154","18.92","","20-40美金","20-40单","高价品"
"1","日本品质 HVLP 喷枪 W101 气动/手动喷枪,喷枪口径可选 1.0/1.3/1.5/1.8mm,W-101 喷漆枪,400 杯装油漆杯","1.3毫米","18.9","","https://PH.xiapibuy.com/product/1032049167/22348341457","汽车工具","其他的","IVCN2026031328820","235417036850","https://detail.1688.com/offer/592160306834.html?fromkv=cbuPcPlugin:imageSearchDrawerCard&spm=a2639h.29135425.offerlist.i0&source=action%23offerItem%3Borigin%23shopee.ph&amug_biz=oneself&amug_fl_src=awakeId_982","P0","07-17","235417036850","18.9","","60-80美金","20-40单","高价品"
"1","便携式气泵、电动气泵、自行车气泵、USB充气泵、LED显示屏、自动充气、压力表、可充电。","无线高清","18.85","https://cf.shopee.co.th/file/th-11134207-81ztl-mncb2h3lob9ie5","https://TH.xiapibuy.com/product/1469806007/25691833938","汽车工具","轮胎压力检测器","IVCN2026041032689","29573201517","https://detail.1688.com/offer/778209566233.html?kj_agent_plugin=aliprice&fromkv=xytTrace:0","P1","07-17","29573201517","18.85","","100-300美金","40-60单","高价品"
"1","适用于思域 06 1.8 (FD)、CRV 07 2.0 (G3)、雅阁 08 2.3 (G8) 的原装点火线圈 30520-RNA-A01","THMT050010-0","18.78","","https://TH.xiapibuy.com/product/392934250/23777106793","汽车零部件","电子","IVCN202606155939","49339549267","https://detail.1688.com/offer/657797157691.html?spm=a26352.b28411319.offerlist.29.34cd1e622AAYue","P1","07-17","49339549267","18.78","","20-40美金","20-40单","高价品"
"1","汽车修理工维修爬行板汽车修理厂维修板","36英寸","18.75","","https://PH.xiapibuy.com/product/360983503/22270219935","汽车工具","其他的","IVCN2026071012890","235286074308","https://detail.1688.com/offer/988542524826.html?kj_agent_plugin=aliprice&fromkv=xytTrace:0bf89a7417679538379141442e104f&token=KiTpK0yV4WCsbv2Pmwx%2F%2FNaZd0QixuWk%2BbQamGmOIXAXJg2LEJp4qTbB9UFO7phU","P1","07-17","235286074308","18.75","","20-40美金","20-40单","高价品"
"1","适用于 Starlink Mini 的面板安装支架,带两个吸盘,灰色,防刮擦","支架 + 线缆（3米）","18.74","https://cf.shopee.com.br/file/cn-11134207-820l4-mpsuj8b2rbb603","https://BR.xiapibuy.com/product/1582998871/48859630250","汽车内饰配件","其他的","IVCN2026071010776","371094439415","https://detail.1688.com/offer/1026063948515.html?kj_agent_plugin=aliprice&fromkv=xytTrace:21080f7717840878220065713e0c34&token=SERau7FNzESpiQnZ%2FphMMmqK9%2FL2zPwg8HSgOqgcExItW1uYKnr%2BKY2Tz2E54yDM","P1","07-17","371094439415","18.74","","20-40美金","20-40单","高价品"
"1","带集成式车牌架的车牌框。适用于所有车型。","凯夫拉","18.7","https://cf.shopee.co.th/file/a38927f9994875b757082459ff7d18a0","https://TH.xiapibuy.com/product/33361/11187511564","汽车外饰配件","车牌配件","IVCN2026021110122","201873869630","无同款","P0","07-17","201873869630","18.7","","20-40美金","20-40单","高价品"
"1","奔驰 W205 W212 W207 722.9 变速箱油底壳垫片和滤纸 2222772000 & 2202710380","2222772000 过滤器","18.63","https://cf.shopee.co.th/file/cn-11134207-7ras8-m7umslambvi322","https://TH.xiapibuy.com/product/817430232/29781038292","汽车零部件","发动机零件","IVCN2026021110036","198356642444","相似款：https://detail.1688.com/offer/520573141276.html?kj_agent_plugin=aliprice&fromkv=xytTrace:212b5ecd17513395845936465e0f43&token=KSYUgJE0yP18ci8QKgPUhGVULON%2BeX%2FxWRp0vJIvVCuOkkEFD%2B4Sr6jSuAy0weKG","P1","07-17","198356642444","18.63","","40-60美金","20-40单","高价品"
"1","2026 Zeekr X 扶手箱储物盒 中央控制储物盒 汽车储物盒","黑色的","18.5","https://cf.shopee.co.th/file/cn-11134207-820l4-mmu0a2w31fk375","https://TH.xiapibuy.com/product/1451145580/51708476377","汽车内饰配件","收纳盒和隔层","IVCN202607107744","345752214649","相似款：https://detail.1688.com/offer/1009692028263.html?fromkv=cbuPcPlugin:imageSearchDrawerCard&spm=a2639h.29135425.offerlist.i0&source=action%23offerItem%3Borigin%23cf.shopee.co.th&amug_biz=oneself&amug_fl_src=awakeId_982","P0","07-17","345752214649","18.5","","20-40美金","20-40单","高价品"
"1","2026迷你无线CarPlay适配器安卓车载无线加密狗WiFi 5.8G车载连接盒","2026迷你无线CarPlay适配器安卓车载无线加密狗WiFi 5.8G车载连接盒","18.43","","https://TH.xiapibuy.com/product/698537525/50555030457","汽车内饰配件","导航和AV接收器","IVCN2026061518631","315463738799","https://detail.1688.com/offer/980318600653.html?kj_agent_plugin=aliprice&fromkv=xytTrace:0","P1","07-17","315463738799","18.43","","20-40美金","20-40单","高价品"
"1","汽车座椅垫、办公椅垫、竹制座椅垫","棕色座垫 126*40厘米","18.39","https://cf.shopee.vn/file/vn-11134207-7r98o-lx5e01tlo3x5da","https://VN.xiapibuy.com/product/2958976/10798992066","汽车内饰配件","座椅及座椅套","IVCN2026041038279","217619962951","https://detail.1688.com/offer/933131310022.html?fromkv=cbuPcPlugin:imageSearchDrawerCard&spm=a2639h.29135425.offerlist.i0&source=action%23offerItem%3Borigin%23cf.shopee.vn&amug_biz=oneself&amug_fl_src=awakeId_982","P1","07-17","217619962951","18.39","","20-40美金","20-40单","高价品"
"1","Hypersonic 2件装通用黑色汽车挡风玻璃雨刮器支架,适用于车辆,汽车配件 LHR","Hypersonic 2件装通用黑色汽车挡风玻璃雨刮器支架,适用于车辆,汽车配件 LHR","18.33","","https://PH.xiapibuy.com/product/367074809/6573650456","汽车零部件","挡风玻璃雨刮器和清洗器","IVCN2026041032793","33094268274","https://detail.1688.com/offer/571298975864.html?kj_agent_plugin=aliprice&fromkv=xytTrace:0","P1","07-17","33094268274","18.33","","60-80美金","20-40单","高价品"
"1","铃木 CARRY DA63 / DA63T / DA65T 冷却液储液罐","铃木 CARRY DA63 / DA63T / DA65T 冷却液储液罐","18.33","","https://PH.xiapibuy.com/product/1009085387/27087798941","汽车零部件","散热器、发动机冷却和气候控制","IVCN2026051314785","300447697296","https://detail.1688.com/offer/772670035175.html?spm=a26352.b28411319/2508.0.0.29ae1e62fotRBD","P1","07-17","300447697296","18.33","","20-40美金","20-40单","高价品"
"1","适用于卡车和轿车的150dB气喇叭,12V/24V,30A,带压缩机,镀铬锌双喇叭套件","12伏","18.22","https://cf.shopee.com.my/file/sg-11134201-7rfi4-m3k6wftyv1nf60","https://MY.xiapibuy.com/product/1008645528/43353078534","汽车外饰配件","喇叭和配件","IVCN2026021116205","305254954002","https://detail.1688.com/offer/818048579847.html?kj_agent_plugin=aliprice&fromkv=xytTrace%3A210702e017840882226565348e0bfd&token=LWFnMFz%2FaoYcuIQMPFJxWZF1OPU8UvT3hnfRZu1ODS3Tt0xV4Xn508x3xHx%2FSXXX&tracelog=cps&clickid=109e33fb2ee69618b379ee0899ebea37&targetUrl=https%3A%2F%2Fs.click.1688.com%2Ft%3Fe%3DD2DC7A927D55C03D6511A0CCA913FD65D6FA062685DFF8F7D920A558D1D5758C4B369BE324A83E744B8F19128B0D93E33FB8088B45F57B9E47F28FD2CC0E231B18AD4F779334558760FEF997084D4D5331EB6FC8DBCADED4C6C8CEEEE21320CC4BD39EA2FE12E3B19E392492B33CC137D434DABDF5CCE2A0CA98B61C247FB08958472617B2255084348394BC3CC3C62B9992F8828C4BE89213EE7447E0CC7E9B3C74D494004C56F73E1151DDBA9C04B94B2972F2D39BE77C4A9625CAB972C4734920196D0CD0E76C3E46381182538264948C42AFDD00EBE19F735ACFDD480DCC6635D716316017BDEB49886363A27A62%26cbu_cps_trace_flag%3Dwrite","P1","07-17","305254954002","18.22","","20-40美金","20-40单","高价品"
"1","车载扬声器 6.5 英寸 2 分频低音炮扬声器音乐播放器,适用于功放 HiFi 同轴全频扬声器","2件套升级版","18.18","https://cf.shopee.ph/file/ph-11134207-81ztc-mf84okbss9oo73","https://PH.xiapibuy.com/product/1198016952/24876806242","汽车内饰配件","功放、扬声器和低音炮","IVCN2026071012624","301810325927","https://detail.1688.com/offer/944994758367.html?kj_agent_plugin=aliprice&fromkv=xytTrace:0","P1","07-17","301810325927","18.18","","20-40美金","20-40单","高价品"
"1","适用于三菱蒙特罗、幻影、Xpander、Strada 汽车钥匙盒的新款改装折叠钥匙配件","2 按钮","18.18","https://cf.shopee.ph/file/cn-11134207-820l4-meny1l462zup94","https://PH.xiapibuy.com/product/513070152/18050204524","汽车钥匙扣和钥匙套","","IVCN202606159109","145890009321","相似款：https://detail.1688.com/offer/844087421411.html?kj_agent_plugin=aliprice&fromkv=xytTrace:2127a84b17743241006017694e0e8b&token=RAUIMVJPxZZUU8BJwE63u7gcjMaMreJZiZp%2BDc%2FWkyKXhKdipTcc3%2BxsAb7Y7I38","P1","07-17","145890009321","18.18","","20-40美金","20-40单","中价品"
"1","适用于五十铃D-MAX MUX 2012-2016款的汽车前保险杠格栅镀铬引擎盖饰条","1","18.15","https://cf.shopee.ph/file/sg-11134201-7rd6j-lwpiayzemp88f0","https://PH.xiapibuy.com/product/1218276599/27903237991","汽车零部件","车身、车架和保险杠","IVCN2026051320485","148674980434","相似款：https://detail.1688.com/offer/990310390321.html?spm=a26352.b28411319.offerlist.17.1e421e62KnZn7G","P1","07-17","148674980434","18.15","","20-40美金","20-40单","高价品"
"1","⛽厚实耐用的冷轧钢板⛽ 10升燃油箱,备用燃油箱（可加注汽油/柴油）,燃油箱。","⛽厚实耐用的冷轧钢板⛽ 10升燃油箱,备用燃油箱（可加注汽油/柴油）,燃油箱。","18","","https://TH.xiapibuy.com/product/422452540/46554588594","汽车零部件","燃油系统","IVCN2026031332592","350425819537","https://detail.1688.com/offer/640585560220.html?fromkv=cbuPcPlugin:imageSearchDrawerCard&spm=a2639h.29135425.offerlist.i1&source=action%23offerItem%3Borigin%23cf.shopee.ph&amug_biz=oneself&amug_fl_src=awakeId_982","P0","07-17","350425819537","18","","20-40美金","20-40单","高价品"
"1","铃木 DA17V 雨刮器 17""+17"" 英寸挡风玻璃雨刮片","铃木 DA17V 雨刮器 17""+17"" 英寸挡风玻璃雨刮片","18","","https://PH.xiapibuy.com/product/494519024/43307593401","汽车零部件","挡风玻璃雨刮器和清洗器","IVCN2025111478141","300645492070","https://detail.1688.com/offer/900262438540.html?fromkv=cbuPcPlugin:imageSearchDrawerCard&spm=a2639h.29135425.offerlist.i15&source=action%23offerItem%3Borigin%23shopee.ph&amug_biz=oneself&amug_fl_src=awakeId_982","P0","07-17","300645492070","18","","20-40美金","20-40单","高价品"
"1","（50片装）空调泡沫条,尺寸1.5*1.5*99.5厘米。带粘性条的泡沫条,用于密封通风口,防止漏气,并降低噪音。","（50片装）空调泡沫条,尺寸1.5*1.5*99.5厘米。带粘性条的泡沫条,用于密封通风口,防止漏气,并降低噪音。","18","","https://TH.xiapibuy.com/product/155395522/25704089485","汽车零部件","散热器、发动机冷却和气候控制","IVCN2026061511069","187227260079","相似款：https://detail.1688.com/offer/863573773054.html?kj_agent_plugin=aliprice&fromkv=xytTrace:0","P0","07-17","187227260079","18","","20-40美金","20-40单","高价品"
"2","NEVO Q05 屏幕保护膜,智能触摸屏配件,汽车屏幕保护膜,钢化玻璃膜。","[A+B] 高清","18","https://cf.shopee.co.th/file/sg-11134201-820o5-mnfr86k0f6rk11","https://TH.xiapibuy.com/product/1509548725/54909436290","汽车内饰配件","其他的","IVCN2026071013632","148011392705","相似款：https://detail.1688.com/offer/1009387560245.html?spm=a26352.b28411319/2508.0.0","P0","07-17","148011392705","18","","20-40美金","20-40单","高价品"
"1","经久耐用,可使用50年。100%真牛皮汽车座椅套。适用于所有车型。不会开裂。","2 个座位（米色）","17.95","https://cf.shopee.co.th/file/cn-11134207-820l4-mg7afhds4kcu5b","https://TH.xiapibuy.com/product/1175586492/42605390632","汽车内饰配件","座椅及座椅套","IVCN202607108288","420008058871","https://detail.1688.com/offer/835802244517.html?spm=a261y.7663282.3002526303362591.2.7c426c83u4fx81&sk=order&fromkv=cbuPcPlugin%3AimageSearchDrawerCard","P1","07-17","420008058871","17.95","","20-40美金","20-40单","高价品"
"1","[PM2.5] 适用于MG4 / MG S5 EV (MG) 2022-2026的香氛型车内空气滤清器。活性炭,去除异味,强劲气流。","[PM2.5] 适用于MG4 / MG S5 EV (MG) 2022-2026的香氛型车内空气滤清器。活性炭,去除异味,强劲气流。","17.9","","https://TH.xiapibuy.com/product/1657841277/44655600234","汽车零部件","发动机零件","IVCN2026031331570","292375200225","https://detail.1688.com/offer/833531704374.html?kj_agent_plugin=aliprice&fromkv=xytTrace:2108837b17743373997394746e113a&token=dYvUEOgqGNG8SKQIYjuFgagKAKvtVAwxuJXXilDoRS%2FfKXY7giSLgmGUr5GxUxZs","P0","07-17","292375200225","17.9","","20-40美金","20-40单","高价品"
"1","1 根 100N-200N 10mm 汽车气弹簧支撑杆 气弹簧引擎盖 210-510mm M8 支撑杆减震升降器,适用于房车床窗巴士大篷车","310毫米,100牛顿","17.88","https://cf.shopee.co.th/file/sg-11134201-7rdwn-m02id7dmtpfk48","https://TH.xiapibuy.com/product/1350216669/28810987724","汽车零部件","减震器、支柱和悬架","IVCN2025111469507","226762535398","https://detail.1688.com/offer/964137441581.html?kj_agent_plugin=aliprice&fromkv=xytTrace:0","P1","07-17","226762535398","17.88","","20-40美金","20-40单","高价品"
"1","吉利EX2（2025年至今）屏幕保护膜 [吉利EX2] 赛车保护膜","仪表板贴膜,透光率降低 80%。","17.8","https://cf.shopee.co.th/file/th-11134207-81ztg-mkhl6wrhvmdh6b","https://TH.xiapibuy.com/product/239204794/45155949385","汽车外饰配件","贴纸、标志和徽章","IVCN2026071014034","440537333227","相似款：https://detail.1688.com/offer/1059235815049.html?spm=a26352.b28411319/2508.0.0","P0","07-17","440537333227","17.8","","20-40美金","20-40单","高价品"
"1","4 件装汽车千斤顶橡胶垫 特斯拉 Model 3/S/X/Y 底盘保护 举升千斤顶橡胶垫 液压千斤顶垫 安全 重型","4 件装,带包装盒","17.75","https://cf.shopee.com.my/file/my-11134207-7r98v-lr9p01398xyv53","https://MY.xiapibuy.com/product/423109982/25262119334","汽车工具","测试、诊断和维修工具","IVCN202512092017","176330376033","https://detail.1688.com/offer/748615536143.html?kj_agent_plugin=aliprice&fromkv=xytTrace:213f867c17654483473623773e0e31&token=q3GwWUEJz2CxjUJED%2B2pr%2F5EAD8OiLnXuRk%2BWUQiKs7TTNyjPA00XSvqaE93AMhA","P1","07-17","176330376033","17.75","","20-40美金","20-40单","高价品"
"1","空调压缩机转速传感器,可替代日本电装空调压缩机转速传感器。","空调压缩机转速传感器,可替代日本电装空调压缩机转速传感器。","17.65","","https://TH.xiapibuy.com/product/226954718/7241413246","汽车零部件","发动机零件","IVCN2026031321506","30228728877","相似款：https://detail.1688.com/offer/892437946629.html?kj_agent_plugin=aliprice&fromkv=xytTrace:0b0fdc4f17743407393852451e0e0c&token=Buf%2FmYBliQFr%2FVg9CA79ahN2ws1PgX1Lj%2FbKI8%2FPPEO8fusuBSkjR1Wzu0k7oeme","P1","07-17","30228728877","17.65","","20-40美金","20-40单","高价品"
"1","前轮抬升支架,价格实惠,适用于所有车型。","黑色,M","17.65","https://cf.shopee.co.th/file/th-11134207-23030-9dhvy8dcbqov6a","https://TH.xiapibuy.com/product/104705464/5249671937","汽车零部件","减震器、支柱和悬架","IVCN2026051323717","184060594236","相似款：https://detail.1688.com/offer/995174333791.html?fromkv=cbuPcPlugin:imageSearchDrawerCard&spm=a2639h.29135425.offerlist.i45&source=action%23offerItem%3Borigin%23shopee.co.th&amug_biz=oneself&amug_fl_src=awakeId_982","P1","07-17","184060594236","17.65","","20-40美金","20-40单","高价品"
"1","带毛绒尾巴的汽车装饰品,遥控操作,声控摇晃功能,适用于汽车","黑尾白尖","17.6","https://cf.shopee.com.br/file/sg-11134201-81zuw-mn1a8uzyk5q865","https://BR.xiapibuy.com/product/1147006272/45958831840","汽车内饰配件","其他的","IVCN2026071014480","287536927360","https://detail.1688.com/offer/1058948605253.html?kj_agent_plugin=aliprice&fromkv=xytTrace:0bb405a417840871007356128e0c34&token=o%2FMmGoE0ypZr70KRwbvmvdKcWiMHO0JS5ibYFU%2FeDfy7WK78ujpB80Uyr5DnfVM4","P0","07-17","287536927360","17.6","","20-40美金","20-40单","高价品"
"1","GAC AION V/Y 定制汽车遮阳帘,采用 UVPROTECT 六层隔热技术。安装和拆卸都很方便。","AION V Y2024-现在","17.6","https://cf.shopee.co.th/file/sg-11134201-7repp-m8wxxwzyi6sn55","https://TH.xiapibuy.com/product/1124935014/24678589137","汽车内饰配件","遮阳罩和仪表盘罩","IVCN2026041042757","253268878082","相似款：https://detail.1688.com/offer/907481173842.html?spm=a26352.b28411319/2508.0.0","P0","07-17","253268878082","17.6","","20-40美金","20-40单","高价品"
"1","适用于特斯拉 Model 3 Y YL 的中控台收纳盒（2025-2026 款）,扶手箱储物盒内嵌托盘,内饰配件,零零","M3/Y/YL 25-26 后箱","17.39","https://cf.shopee.ph/file/sg-11134201-820of-mnrl6ssu8cn413","https://PH.xiapibuy.com/product/1654750683/43680554948","汽车内饰配件","收纳盒和隔层","IVCN2026071013832","440869974873","https://detail.1688.com/offer/854545130483.html?spm=a26352.b28411319/2508.0.0","P1","07-17","440869974873","17.39","","20-40美金","20-40单","高价品"
"1","适用于标致206、207、306、307、308以及雪铁龙C2、C3、C4、C5的2个前外后视镜调节器","适用于标致206、207、306、307、308以及雪铁龙C2、C3、C4、C5的2个前外后视镜调节器","17.39","","https://BR.xiapibuy.com/product/426912517/22391880956","汽车外饰配件","镜子及配件","IVCN2026041036195","169697465225","https://detail.1688.com/offer/899235869189.html?fromkv=cbuPcPlugin:imageSearchDrawerCard&spm=a2639h.29135425.offerlist.i6&source=action%23offerItem%3Borigin%23shopee.com.br&amug_biz=oneself&amug_fl_src=awakeId_982","P1","07-17","169697465225","17.39","","20-40美金","20-40单","高价品"
"1","适用于 9 英寸大屏幕的安卓车载收音机主机,带直接安装电源插头,专为五十铃（方形出风口车型）设计。","前面板+插头,青铜灰色。","17.36","https://cf.shopee.co.th/file/th-11134207-23010-f287vxw8agmv55","https://TH.xiapibuy.com/product/235794233/5663374421","汽车内饰配件","导航和AV接收器","IVCN202607109776","193738110311","相似款：https://detail.1688.com/offer/645312345424.html?fromkv=cbuPcPlugin:imageSearchDrawerCard&spm=a2639h.29135425.offerlist.i1&source=action%23offerItem%3Borigin%23cf.shopee.co.th&amug_biz=oneself&amug_fl_src=awakeId_982","P1","07-17","193738110311","17.36","","20-40美金","20-40单","高价品"
"1","适用于带顶篷或高顶皮卡的卡车罩,所有品牌和型号均可立即发货。CARRYBOY 高顶皮卡专用银色涂层车罩。","适用于带顶篷或高顶皮卡的卡车罩,所有品牌和型号均可立即发货。CARRYBOY 高顶皮卡专用银色涂层车罩。","17.3","","https://TH.xiapibuy.com/product/62144331/20480318607","汽车外饰配件","封面","IVCN202605134105","231654471096","相似款：https://detail.1688.com/offer/739433694367.html?fromkv=cbuPcPlugin:imageSearchDrawerCard&spm=a2639h.29135425.offerlist.i6&source=action%23offerItem%3Borigin%23shopee.ph&amug_biz=oneself&amug_fl_src=awakeId_982","P1","07-17","231654471096","17.3","","20-40美金","20-40单","高价品"
"5","长城欧拉 5 电动车屏幕保护膜,2026 年款 - 目前 [长城欧拉 5] RACE GUARD ORA5","仪表盘显示屏,哑光表面。","17.29","https://cf.shopee.co.th/file/th-11134207-81ztm-mn584eg55a8357","https://TH.xiapibuy.com/product/239204794/47358998259","汽车外饰配件","贴纸、标志和徽章","IVCN202607108426","267545020656","相似款：https://detail.1688.com/offer/1059468167711.html?fromkv=cbuPcPlugin:imageSearchDrawerCard&spm=a2639h.29135425.offerlist.i0&source=action%23offerItem%3Borigin%23cf.shopee.co.th&amug_biz=oneself&amug_fl_src=awakeId_982","P1","07-17","267545020656","17.29","","20-40美金","20-40单","高价品"
"1","适用于五十铃 D-Max、MU-X、Spark、V-Cross、X-Life 的碳纤维防滑方向盘套。","黑色 2","17.17","https://cf.shopee.co.th/file/sg-11134201-7rbk0-lkp1k71pfqrr6c","https://TH.xiapibuy.com/product/975540152/20183213192","汽车内饰配件","方向盘及方向盘套","IVCN202604231173","184524241548","https://detail.1688.com/offer/763174515475.html?","P1","07-17","184524241548","17.17","","20-40美金","20-40单","高价品"
"1","可调节ABS塑料手机支架 - 适用于厢式货车和卡车的仪表盘/扶手箱安装座+A柱安装座。坚固耐用,适合越野车辆。","黑色的","17.09","https://cf.shopee.co.th/file/th-11134207-7ra0j-mdvd7bemt7tr3b","https://TH.xiapibuy.com/product/1280351173/40265107854","汽车内饰配件","手机支架","IVCN2026041045419","286249622661","https://detail.1688.com/offer/836883801897.html?fromkv=cbuPcPlugin:imageSearchDrawerCard&spm=a2639h.29135425.offerlist.i6&source=action%23offerItem%3Borigin%23cf.shopee.co.th&amug_biz=oneself&amug_fl_src=awakeId_982","P1","07-17","286249622661","17.09","","40-60美金","20-40单","高价品"
"1","正品碳纤维车牌框,图案 2,成对出售。","正品碳纤维车牌框,图案 2,成对出售。","17","","https://TH.xiapibuy.com/product/218640473/41652996711","汽车外饰配件","车牌配件","IVCN2026051314743","300246962131","相似款：https://detail.1688.com/offer/1002613588543.html?spm=a26352.b28411319/2508.0.0","P0","07-17","300246962131","17","","100-300美金","20-40单","高价品"
"1","吉普车太阳镜架车载指南针车门指南针 2017-2023 款 Renegade 2014-2023 配件盒","吉普车太阳镜架车载指南针车门指南针 2017-2023 款 Renegade 2014-2023 配件盒","17","","https://BR.xiapibuy.com/product/765800779/19516077236","汽车内饰配件","收纳盒和隔层","IVCN2026031326004","180888436684","https://detail.1688.com/offer/691542453737.html?kj_agent_plugin=aliprice&fromkv=xytTrace:0","P0","07-17","180888436684","17","","20-40美金","20-40单","高价品"
"2","超亮 H4 LED 投影灯 80000LM 180W 汽车大灯灯泡 迷你双透镜 H4 高/低光灯 左舵 12V 24V","1件,左舵[H4]","17","https://cf.shopee.com.br/file/cn-11134207-7r98o-lo1zb11n75hk5e","https://BR.xiapibuy.com/product/729588059/23591733099","汽车零部件","电子","IVCN202606159789","159767455024","","P0","07-17","159767455024","17","","20-40美金","20-40单","高价品"
"1","适用于菲亚特Palio 1.0 1.3 1.5 1996至2019款的燃油喷射器 IWP065","适用于菲亚特Palio 1.0 1.3 1.5 1996至2019款的燃油喷射器 IWP065","16.87","","https://BR.xiapibuy.com/product/1453746899/27292400329","汽车零部件","燃油系统","IVCN2026031331880","301807308247","https://detail.1688.com/offer/527329436066.html?spm=a26352.b28411319/2508.0.0&cosite=-&tracelog=p4p&_p_isad=1&clickid=1b19a8492d39496ca8fa3ec44a0a1178&sessionid=7f9f4696a18589616fba7248089fabac","P1","07-17","301807308247","16.87","","40-60美金","20-40单","高价品"
"1","五十铃 NPR58 4BE1 气门室盖隔膜泵布 8-94110111-0 eristic 品牌","五十铃 NPR58 4BE1 气门室盖隔膜泵布 8-94110111-0 eristic 品牌","16.87","","https://PH.xiapibuy.com/product/1102317906/25780968332","汽车零部件","其他的","IVCN202602119108","185111740526","https://detail.1688.com/offer/852127033666.html?kj_agent_plugin=aliprice&fromkv=xytTrace%3A0&tracelog=cps&clickid=ab5ada2ec16beda4d10b2fdedc6f3d9f&targetUrl=https%3A%2F%2Fs.click.1688.com%2Ft%3Fe%3DD2DC7A927D55C03D6511A0CCA913FD65D6FA062685DFF8F7D920A558D1D5758C4B369BE324A83E744B8F19128B0D93E33FB8088B45F57B9E47F28FD2CC0E231B18AD4F779334558760FEF997084D4D5331EB6FC8DBCADED4C6C8CEEEE21320CC4BD39EA2FE12E3B1B561757F08BE43A714B7ACBDA8F23C4AD1D558FEA47FB1713E445D5772C758A3348394BC3CC3C62B9992F8828C4BE89218EFDB662CAFE0E1E13C1B9F03B67B15BBC3ADA6BAFD97E1FBF4F8CD740FF12F0501993F456FF246987EC3745B9B2FFD1A20DE856B52FDE7143D78BAF74A920B5369B812A217CE2424DA595E2BBB4BF46C931AFA4F1B31A1%26cbu_cps_trace_flag%3Dwrite","P1","07-17","185111740526","16.87","","20-40美金","20-40单","中价品"
"1","Maruni MU-01 轮胎补片,20 片装。高品质 Maruni 绿色轮胎补片,尺寸 65 毫米。轮胎修理套装。","Maruni MU-01 轮胎补片,20 片装。高品质 Maruni 绿色轮胎补片,尺寸 65 毫米。轮胎修理套装。","16.86","","https://TH.xiapibuy.com/product/47515160/9454310501","汽车工具","测试、诊断和维修工具","IVCN202606157349","91980263297","无同款","P1","07-17","91980263297","16.86","","20-40美金","20-40单","高价品"
"1","后视镜导航支架行车记录仪固定式车载最新款通用吸盘底座通用夹","2个强力吸盘支架+2","16.85","https://cf.shopee.ph/file/cn-11134207-820l4-mgn7fto1n30pf7","https://PH.xiapibuy.com/product/1596840470/40420883187","汽车内饰配件","手机支架","IVCN202607108508","99238009148","https://detail.1688.com/offer/1001259620342.html?fromkv=cbuPcPlugin:imageSearchDrawerCard&spm=a2639h.29135425.offerlist.i0&source=action%23offerItem%3Borigin%23shopee.ph&amug_biz=oneself&amug_fl_src=awakeId_982","P1","07-17","99238009148","16.85","","40-60美金","20-40单","高价品"
"1","Smartour AHD 1080P 2K 通用型汽车停车摄像头后视/前视摄像头 720P 高清夜视 180 度倒车摄像头","Smartour AHD 1080P 2K 通用型汽车停车摄像头后视/前视摄像头 720P 高清夜视 180 度倒车摄像头","16.8","","https://MY.xiapibuy.com/product/119905424/16625936621","汽车内饰配件","摄像机和停车摄像头","IVCN202605138115","38506602250","https://detail.1688.com/offer/901882363839.html?kj_agent_plugin=aliprice&fromkv=xytTrace:212b9de517660394621593145e106d&token=97O9E4MsnxKz2oPXPs8%2FpUY68xnHiLgsFG8bFKuULuHGKrovMPTczh%2FeiI6ZNEKK","P0","07-17","38506602250","16.8","","20-40美金","20-40单","高价品"
"1","汽车卡车隔音垫 5mm 噪音隔热阻尼垫","200*100厘米","16.74","","https://PH.xiapibuy.com/product/1051032545/14099290075","汽车内饰配件","地毯和垫子","IVCN2026061513369","225515992053","相似款：https://detail.1688.com/offer/598523926994.html?spm=a26352.b28411319/2508.0.0&cosite=-&tracelog=p4p&_p_isad=1&clickid=ffa3d8ffff474bc485f86e1a78e0e2f3&sessionid=5130ffacbde0d416fd23c517b7ea09c5","P1","07-17","225515992053","16.74","","20-40美金","20-40单","高价品"
"1","TCPH 高尔夫球车后视镜,180 度后视镜,16.5 英寸超宽 TCC","TCPH 高尔夫球车后视镜,180 度后视镜,16.5 英寸超宽 TCC","16.74","","https://PH.xiapibuy.com/product/302509043/20963008291","汽车外饰配件","镜子及配件","IVCN202605132861","220290098935","https://detail.1688.com/offer/694210637518.html?spm=a26352.b28411319.offerlist.1.8aa91e625USMNn&cosite=-&tracelog=p4p&_p_isad=1&clickid=31a9fd0f860e4cc6b1f5fcc513d2f0b3&sessionid=014783303c37251b282b592536d39c42","P1","07-17","220290098935","16.74","","20-40美金","20-40单","高价品"
"1","散热器维修工具包,可轻松修复散热器泄漏。","散热器维修工具包,可轻松修复散热器泄漏。","16.65","","https://TH.xiapibuy.com/product/203545789/7117590513","汽车工具","其他的","IVCN202602111877","72144431635","无同款","P1","07-17","72144431635","16.65","","80-100美金","20-40单","高价品"
"1","JSD-520 数字调频收音机,带蓝牙功能,12V/24V 适用于卡车,1Din 立体声,60Wx4。","JSD-520","16.59","https://cf.shopee.co.th/file/sg-11134201-7rfhc-m9ob1s27y7vd02","https://TH.xiapibuy.com/product/573368256/40400610596","汽车内饰配件","导航和AV接收器","IVCN202507180691","300048367586","https://detail.1688.com/offer/656723496343.html?kj_agent_plugin=aliprice&fromkv=xytTrace:210840cb17533468350221051e0f70&token=ay7dZ1a1w2VCkZHHwLc2RJu46UGHi39qrJsW2vvFKgqtSBHB9lotOuLw7YtKZaLl","P1","07-17","300048367586","16.59","","20-40美金","20-40单","高价品"
"1","适用于Strada Triton SS-1530的自动启动电磁阀。也适用于Strada 2500和Triton车型。三菱启动电机配件。","适用于Strada Triton SS-1530的自动启动电磁阀。也适用于Strada 2500和Triton车型。三菱启动电机配件。","16.54","","https://TH.xiapibuy.com/product/564723752/28215037591","汽车零部件","其他的","IVCN2026041039928","233361598034","相似款：https://detail.1688.com/offer/916338607754.html?kj_agent_plugin=aliprice&fromkv=xytTrace:0","P1","07-17","233361598034","16.54","","20-40美金","20-40单","高价品"
"1","记忆海绵汽车靠背垫,保护腰部,透气,提供腰部支撑,汽车和办公室靠垫配件。","黑色腰部支撑","16.49","https://cf.shopee.vn/file/sg-11134201-824j2-me9pfjsc7vnka8","https://VN.xiapibuy.com/product/399403839/40867587747","汽车内饰配件","座椅头枕和靠背","IVCN2026051315028","301448633742","https://detail.1688.com/offer/870605793275.html?fromkv=cbuPcPlugin:imageSearchDrawerCard&spm=a2639h.29135425.offerlist.i0&source=action%23offerItem%3Borigin%23cf.shopee.vn&amug_biz=oneself&amug_fl_src=awakeId_982","P1","07-17","301448633742","16.49","","20-40美金","20-40单","高价品"
"2","EVA泡沫板,140x250厘米,厚度2-15毫米,价格实惠。","6毫米/光滑表面","16.44","https://cf.shopee.co.th/file/th-11134207-81ztj-mhy9q0n7adxd61","https://TH.xiapibuy.com/product/22094767/11255377259","汽车外饰配件","其他的","IVCN2026071012016","365261753041","无同款","P1","07-17","365261753041","16.44","","20-40美金","20-40单","高价品"
"2","（特价）适用于五十铃 D-MAX 2003-2006（第一代）、雪佛兰 COLORADO 2004-2007 的 RUNTO 品牌通风口/出风口。","右中（CTR RH）","16.41","https://cf.shopee.co.th/file/sg-11134201-7rcd9-lqycszr5k7fv63","https://TH.xiapibuy.com/product/213976004/23815554489","汽车零部件","其他的","IVCN2026061512959","220663058509","相似款：https://detail.1688.com/offer/992155924592.html?kj_agent_plugin=aliprice&fromkv=xytTrace:0","P1","07-17","220663058509","16.41","","20-40美金","20-40单","高价品"
"1","适用于三菱 Mirage、Attrage 和 Xpander（2012 年至今）的空气滤清器 + 车厢空气滤清器。","Mirage Attrage,空调+通风","16.35","","https://TH.xiapibuy.com/product/283698593/3252659861","汽车零部件","发动机零件","IVCN2026041037733","206904546412","相似款：https://detail.1688.com/offer/655494551319.html?kj_agent_plugin=aliprice&fromkv=xytTrace:0bf8ca8917640399056697513e0e1b&token=IV%2BowLDZa3GKfnsVHZiWn96hzsRDknFpnLuEtGCCG5whPLmzLL%2BtS%2FqS68zuq%2FH2","P1","07-17","206904546412","16.35","","20-40美金","20-40单","高价品"
"1","【快速发货】本田飞度/爵士/锋范散热器风扇电机 2002-2008 19030-PWA-J51","【快速发货】本田飞度/爵士/锋范散热器风扇电机 2002-2008 19030-PWA-J51","16.24","","https://PH.xiapibuy.com/product/1434985813/28075743494","汽车零部件","散热器、发动机冷却和气候控制","IVCN2026051318485","129235337953","https://detail.1688.com/offer/864124732699.html?fromkv=cbuPcPlugin:imageSearchDrawerCard&spm=a2639h.29135425.offerlist.i4&source=action%23offerItem%3Borigin%23shopee.ph&amug_biz=oneself&amug_fl_src=awakeId_982","P1","07-17","129235337953","16.24","","20-40美金","20-40单","高价品"
"1","Tacho Gômetro/0-8000RPM Com 52mm LED Branco 12V Para Carro A 汽油 De 8 Citroën","Tacho Gômetro/0-8000RPM Com 52mm LED Branco 12V Para Carro A 汽油 De 8 Citroën","16.14","","https://BR.xiapibuy.com/product/790162402/12194659129","汽车内饰配件","抬头显示器、速度表和仪表","IVCN202602113560","116978796022","相似款:https://detail.1688.com/offer/745833534669.html?kj_agent_plugin=aliprice&fromkv=xytTrace:0","P1","07-17","116978796022","16.14","","20-40美金","20-40单","高价品"
"1","【CAT HITAM MAGIC】Cat Magic PRO DIY KIT HITAM 100ml 塑料修复剂 黑色 IPC 黑色饰条修复剂","【CAT HITAM MAGIC】Cat Magic PRO DIY KIT HITAM 100ml 塑料修复剂 黑色 IPC 黑色饰条修复剂","16.1","","https://MY.xiapibuy.com/product/50305794/4439736133","汽车保养","抛光剂、涂层和密封剂","IVCN2026041033625","70104171058","无同款","P1","07-17","70104171058","16.1","","20-40美金","20-40单","高价品"
"1","105gsm 汽车脚垫,500 张,40x45cm。","CA105 - 500 张 / 0.46฿","16.1","https://cf.shopee.co.th/file/th-11134207-81ztm-move83ctdvyn99","https://TH.xiapibuy.com/product/1038071820/54711090370","汽车内饰配件","其他的","IVCN2026061520893","410965778471","无同款","P1","07-17","410965778471","16.1","","20-40美金","20-40单","高价品"
"1","UGREEN 磁吸式 360 度车载手机支架","UGREEN 磁吸式 360 度车载手机支架","16.08","","https://MY.xiapibuy.com/product/64923440/1371311874","汽车内饰配件","手机支架","IVCN2026041032719","30267633501","","P1","07-17","30267633501","16.08","","80-100美金","20-40单","中价品"
"1","COD 水豚汽车座椅垫、汽车座椅套、汽车颈枕,可爱卡通设计","C型靠背","16.05","https://cf.shopee.co.th/file/th-11134207-7rasc-m3hmtw66ig6f7b","https://TH.xiapibuy.com/product/895343666/27526442526","汽车内饰配件","座椅头枕和靠背","IVCN2026061513967","233811187450","https://detail.1688.com/offer/746446148074.html?spm=a26352.b28411319/2508.0.0&cosite=-&tracelog=p4p&_p_isad=1&clickid=db3670bf265a47959b624022a1a92bc8&sessionid=bfbfa75ccc89bb72af8474380bf08b22","P1","07-17","233811187450","16.05","","20-40美金","20-40单","高价品"
"1","（特价）适用于五十铃 D-MAX 2003-2006（第一代）、雪佛兰 COLORADO 2004-2007 的 RUNTO 品牌通风口/出风口。","左中（CTR LH）","16.04","https://cf.shopee.co.th/file/sg-11134201-7rcbu-lqyct3qvpv26c0","https://TH.xiapibuy.com/product/213976004/23815554489","汽车零部件","其他的","IVCN202508282336","220663058508","相似款：https://detail.1688.com/offer/780748879217.html?fromkv=cbuPcPlugin:imageSearchDrawerCard&spm=a2639h.29135425.offerlist.i73&source=action%23offerItem%3Borigin%23cf.shopee.co.th&amug_biz=oneself&amug_fl_src=awakeId_982","P1","07-17","220663058508","16.04","","20-40美金","20-40单","高价品"
"1","适用于五菱达瑞恩电动汽车硅胶扶手箱盖、中控台储物箱保护盖、内饰储物箱保护套,五菱达瑞恩电动汽车改装产品。","1","16","https://cf.shopee.co.th/file/sg-11134201-823pm-mogofhfvcr9l81","https://TH.xiapibuy.com/product/1013751763/44960872345","汽车内饰配件","其他的","IVCN202607108524","272632560157","相似款：https://detail.1688.com/offer/1041740550411.html?spm=a26352.b28411319/2508.0.0","P0","07-17","272632560157","16","","20-40美金","20-40单","高价品"
"1","五十铃 Mu-x 2013-2019 车窗密封条、外侧密封条、车门密封条。","MU-X 2013-2019","16","https://cf.shopee.co.th/file/th-11134207-81ztj-mn2k2hn3ta8218","https://TH.xiapibuy.com/product/1292011594/44558887273","汽车外饰配件","其他的","IVCN202607109898","254209774584","相似款：https://detail.1688.com/offer/852471449493.html?spm=a26352.b28411319/2508.0.0","P0","07-17","254209774584","16","","20-40美金","20-40单","高价品"
"1","AIKKA 塑料漆 - 无需塑料底漆 汽车内饰漆 仪表板漆 门板漆 门饰条漆 所有塑料部件","LP80 钢琴黑,Aikka（高品质）","16","https://cf.shopee.com.my/file/my-11134207-7r98w-lrsg3lhz4a3o41","https://MY.xiapibuy.com/product/419247576/24463682207","汽车保养","抛光剂、涂层和密封剂","IVCN2026051323313","178082251867","相似款：https://detail.1688.com/offer/736690489329.html?spm=a26352.13672862.offerlist.44.36921e62ZGFd1T&offerId=736690489329&sortType=&pageId=&abBizDataType=cbuOffer&trace_log=normal&uuid=2085df6e054142db91123341f2e2f1a7&skuId=5844030867738&forcePC=1774591415873","P0","07-17","178082251867","16","","20-40美金","20-40单","高价品"
"1","长城 GWM WEY 300 型坦克后挡泥板,300 型坦克装饰配件。","长城 GWM WEY 300 型坦克后挡泥板,300 型坦克装饰配件。","16","","https://TH.xiapibuy.com/product/1134564897/24954329703","汽车外饰配件","挡泥板和防溅板","IVCN2026031325766","176277470697","相似款：https://detail.1688.com/offer/801747854007.html?fromkv=cbuPcPlugin:imageSearchDrawerCard&spm=a2639h.29135425.offerlist.i0&source=action%23offerItem%3Borigin%23down-th.img.susercontent.com&amug_biz=oneself&amug_fl_src=awakeId_982","P0","07-17","176277470697","16","","20-40美金","20-40单","高价品"
"1","时钟弹簧螺旋电缆喇叭 Innova Reborn Hilux Revo Fortuner VRZ 2016-2022 VIOS 2019-2022 89245-0K020","时钟弹簧螺旋电缆喇叭 Innova Reborn Hilux Revo Fortuner VRZ 2016-2022 VIOS 2019-2022 89245-0K020","16","","https://PH.xiapibuy.com/product/1274615590/28275427357","汽车外饰配件","喇叭和配件","IVCN2026051322407","166954553252","相似款：https://detail.1688.com/offer/763376607919.html?fromkv=cbuPcPlugin:imageSearchDrawerCard&spm=a2639h.29135425.offerlist.i1&source=action%23offerItem%3Borigin%23shopee.ph&amug_biz=oneself&amug_fl_src=awakeId_982","P0","07-17","166954553252","16","","20-40美金","20-40单","高价品"
"1","【三菱】适用于 ASX、Triton、Attrage、Mirage、Xpander、Grandis、Montero 的真皮方向盘套","红色的","16","https://cf.shopee.co.th/file/sg-11134201-7qvd6-liofqzx84fan8e","https://TH.xiapibuy.com/product/975540152/23146949433","汽车内饰配件","方向盘及方向盘套","IVCN2025111460945","137626252144","","P0","07-17","137626252144","16","","20-40美金","20-40单","高价品"
"2","（特价）适用于五十铃 D-MAX 2003-2006（第一代）、雪佛兰 COLORADO 2004-2007 的 RUNTO 品牌通风口/出风口。","右手","15.94","https://cf.shopee.co.th/file/sg-11134201-7rcbt-lqycsw8cpr85cc","https://TH.xiapibuy.com/product/213976004/23815554489","汽车零部件","其他的","IVCN2026061512959","220663058507","相似款：https://detail.1688.com/offer/673639883459.html?fromkv=cbuPcPlugin:imageSearchDrawerCard&spm=a2639h.29135425.offerlist.i0&source=action%23offerItem%3Borigin%23shopee.co.th&amug_biz=oneself&amug_fl_src=awakeId_982","P1","07-17","220663058507","15.94","","20-40美金","20-40单","高价品"
"1","汽车方向盘套,高品质碳纤维方向盘套,超薄柔软皮革,圆形,透气吸汗,豪华汽车配件套装,四季皆宜。","本田碳纤维","15.91","https://cf.shopee.co.th/file/cn-11134207-7r98o-lu4r4h4ixshfd6","https://TH.xiapibuy.com/product/1009086211/23053079217","汽车内饰配件","方向盘及方向盘套","IVCN202606155603","39412981799","https://detail.1688.com/offer/595001124022.html?fromkv=cbuPcPlugin:imageSearchDrawerCard&spm=a2639h.29135425.offerlist.i5&source=action%23offerItem%3Borigin%23cf.shopee.co.th&amug_biz=oneself&amug_fl_src=awakeId_982","P1","07-17","39412981799","15.91","","20-40美金","20-40单","高价品"
"1","适用于北极星 Ranger RZR Can-Am 三轮车的 UTV 12V 30W 纯铜电机电动挡风玻璃雨刮器套件","1套12V","15.9","https://cf.shopee.ph/file/ph-11134207-7r98o-lyn6gjcpg12yf8","https://PH.xiapibuy.com/product/1198016952/27202055767","汽车零部件","挡风玻璃雨刮器和清洗器","IVCN2026061514529","241333091707","https://detail.1688.com/offer/782095124413.html?spm=a26352.b28411319.offerlist.6.1b591e62pAwYD6","P1","07-17","241333091707","15.9","","20-40美金","20-40单","高价品"
"1","日本原装二手铃木Swift M16A点火线圈。短款橡胶密封型。适用于Swift 1.2车型。火花强劲。发货前已检查无泄漏。","日本原装二手铃木Swift M16A点火线圈。短款橡胶密封型。适用于Swift 1.2车型。火花强劲。发货前已检查无泄漏。","15.88","","https://TH.xiapibuy.com/product/193098774/26704899474","汽车零部件","电子","IVCN202605137615","251168462643","","P1","07-17","251168462643","15.88","","20-40美金","20-40单","高价品"
"1","Maruni L3 轮胎修补片,每盒 40 片。高品质 Maruni 绿色轮胎修补片,尺寸 52 毫米。轮胎修补套装。","Maruni L3 轮胎修补片,每盒 40 片。高品质 Maruni 绿色轮胎修补片,尺寸 52 毫米。轮胎修补套装。","15.84","","https://TH.xiapibuy.com/product/47515160/6615489178","汽车工具","测试、诊断和维修工具","IVCN202508287540","90084016083","无同款","P1","07-17","90084016083","15.84","","20-40美金","20-40单","高价品"
"4","通用型车载风扇 12V/24V 电动三头汽车风扇 360° 可调风量 低噪音","3个5V风扇-黑色套装","15.81","https://cf.shopee.ph/file/ph-11134207-7rasl-m0i7qsmoammcd8","https://PH.xiapibuy.com/product/335188817/21060078268","汽车内饰配件","其他的","IVCN202606157145","88741440755","https://detail.1688.com/offer/640526356853.html?spm=a26352.b28411319.offerlist.20.61261e62xUThCo","P1","07-17","88741440755","15.81","","40-60美金","20-40单","高价品"
"1","洗车配件 高压清洗机泡沫喷枪 雪泡喷枪 1/4快速接头 适用于洗车水枪","黑红头","15.63","https://cf.shopee.com.my/file/cn-11134207-7ras8-m4ocks4lhjq1b6","https://MY.xiapibuy.com/product/1377666806/27915696320","汽车保养","洗车和打蜡","IVCN2026071012090","187921234543","https://detail.1688.com/offer/838077008504.html?fromkv=cbuPcPlugin:imageSearchDrawerCard&spm=a2639h.29135425.offerlist.i2&source=action%23offerItem%3Borigin%23shopee.com.my&amug_biz=oneself&amug_fl_src=awakeId_982","P1","07-17","187921234543","15.63","","20-40美金","20-40单","高价品"
"1","OneAudio VIFA 4英寸 8Ω 60W 中音扬声器 汽车音响扬声器 玻璃纤维表面","VIFA 4英寸 8Ω 60W","15.59","https://cf.shopee.ph/file/cn-11134207-7ras8-m4fri0hxurexba","https://PH.xiapibuy.com/product/1274006410/27172245586","汽车内饰配件","功放、扬声器和低音炮","IVCN2026041034107","89726347562","相似款：https://detail.1688.com/offer/864264426052.html?kj_agent_plugin=aliprice&fromkv=xytTrace%3A0b0fdc4f17654424483844930e185a&token=Yu69kiveo84zQi42z5mlypXog68gnkVq%2BW3aC7zBwkOKC5vJOeykfUqaZxE7f%2B%2Fo&tracelog=cps&clickid=c707838a81496f667923e0c4ad8a5ee8&targetUrl=https%3A%2F%2Fs.click.1688.com%2Ft%3Fe%3DD2DC7A927D55C03D6511A0CCA913FD65D6FA062685DFF8F7D920A558D1D5758C4B369BE324A83E744B8F19128B0D93E33FB8088B45F57B9E47F28FD2CC0E231B18AD4F779334558760FEF997084D4D5331EB6FC8DBCADED4C6C8CEEEE21320CC4BD39EA2FE12E3B18CD158D0C862F302CFD8A5D442F4C33193B2434030835B1041F0B7BA42EF1200348394BC3CC3C62B9992F8828C4BE8923A489D04000568CDE59090A845130F7333FEB7A0E4AE6BC9570541ED7297E4A8BB5E37185C39973FF44FD7897CE561293AF94CBF41A48A3D3AC9C82153DFA67E65CE80F2C86925B20E997AEB7CA0DD3D00F6164FBDE2650D%26cbu_cps_trace_flag%3Dwrite","P1","07-17","89726347562","15.59","","20-40美金","20-40单","高价品"
"1","三菱蒙特罗 2016-2020 后排空调出风口 7842A154HA","灰色的","15.58","https://cf.shopee.ph/file/sg-11134201-22120-ml0fmgg7g7kv4c","https://PH.xiapibuy.com/product/282470609/23311755944","汽车零部件","散热器、发动机冷却和气候控制","IVCN2026051322153","165365408894","https://detail.1688.com/offer/797017882871.html?spm=a26352.b28411319.offerlist.6.69d71e62sbeI23","P1","07-17","165365408894","15.58","","20-40美金","20-40单","中价品"
"1","适用于吉利EX2的COD仪表盘通风口防尘罩。保护内饰部件,经久耐用,并提升汽车内饰美感。","2个","15.54","https://cf.shopee.co.th/file/sg-11134201-823rm-monoqu3xz1n0e5","https://TH.xiapibuy.com/product/915084723/57661339186","汽车内饰配件","其他的","IVCN2026071013370","410987591176","https://detail.1688.com/offer/1059828513735.html?kj_agent_plugin=aliprice&fromkv=xytTrace:0b0fdc4f17841008736892836e0c5a&token=qhdCQdSkKQY9DPY%2FvmOj6A8SH7jWp573xTIU6XFY60m2DNfWvHLopRG%2FBDJy6FWg","P1","07-17","410987591176","15.54","","20-40美金","20-40单","高价品"
"1","三菱 Mirage Attrage 进气管安装套件","红色的","15.54","https://cf.shopee.ph/file/th-11134207-81ztk-mga6jvxab2mk74","https://PH.xiapibuy.com/product/1207891163/24719050287","汽车零部件","其他的","IVCN2026061514725","243434747386","无同款","P1","07-17","243434747386","15.54","","20-40美金","20-40单","中价品"
"1","适用于奔驰W124的车载杯架","适用于奔驰W124的车载杯架","15.5","","https://TH.xiapibuy.com/product/1287974694/28185461413","汽车内饰配件","收纳盒和隔层","IVCN2026031323604","108677351492","https://detail.1688.com/offer/993741621056.html?spm=a26352.b28411319.offerlist.15.1f831e62X1Mgd2","P0","07-17","108677351492","15.5","","20-40美金","20-40单","高价品"
"1","适用于五十铃 D-Max V-Cross 1.9 第一代（1-2 款）,2003-2019 年款（RS1024）的空调电阻线圈。适用于模拟空调系统。","适用于五十铃 D-Max V-Cross 1.9 第一代（1-2 款）,2003-2019 年款（RS1024）的空调电阻线圈。适用于模拟空调系统。","15.42","","https://TH.xiapibuy.com/product/155395522/6017661253","汽车零部件","散热器、发动机冷却和气候控制","IVCN2026051311621","62158808781","相似款：https://detail.1688.com/offer/779603045627.html?kj_agent_plugin=aliprice&fromkv=xytTrace:0","P1","07-17","62158808781","15.42","","20-40美金","20-40单","高价品"
"1","双头汽车/卡车风扇,风量大,静音,节能,适用于各种车型。H44","汽车后座专用双头风扇。","15.39","https://cf.shopee.co.th/file/sg-11134201-7rd40-m7dfnn8okir578","https://TH.xiapibuy.com/product/1408722533/26629727134","汽车内饰配件","其他的","IVCN2026061513279","223947270104","https://detail.1688.com/offer/897576673654.html?spm=a26352.b28411319/2508.0.0&cosite=-&tracelog=p4p&_p_isad=1&clickid=b38a553221df44e9813009c86fa061d9&sessionid=2e80c5b9a8014af79e3d67fbf51f9050","P1","07-17","223947270104","15.39","","20-40美金","20-40单","高价品"
"1","12V汽车暖风机除霜挡风玻璃冷却/加热","12V汽车暖风机除霜挡风玻璃冷却/加热","15.35","","https://BR.xiapibuy.com/product/1506750389/40751312424","汽车内饰配件","其他的","IVCN2026071014248","280105993173","https://detail.1688.com/offer/742411269728.html?spm=a26352.b28411319/2508.0.0","P1","07-17","280105993173","15.35","","20-40美金","20-40单","高价品"
"1","（曼谷现货）汽车大灯抛光机、大灯抛光套装、大灯镀膜套装、大灯修复、汽车大灯抛光。","整套（200毫升）","15.17","https://cf.shopee.co.th/file/th-11134207-7r98y-m0crdj8qjsgoc3","https://TH.xiapibuy.com/product/351986557/11689955303","汽车保养","抛光剂、涂层和密封剂","IVCN202605136533","246625590621","https://detail.1688.com/offer/634944823611.html?fromkv=cbuPcPlugin:imageSearchDrawer&spm=a2639h.29135425.offerlist.i6&source=action%23offerItem%3Borigin%23shopee.co.th&amug_biz=oneself&amug_fl_src=awakeId_982 https://detail.1688.com/offer/303479553.html?kj_agent_plugin=aliprice&fromkv=xytTrace:0","P1","07-17","246625590621","15.17","","20-40美金","20-40单","高价品"
"1","高尔夫4车顶帐篷汽车露营天窗发动机罩保护板罩顶灯罩","高尔夫4车顶帐篷汽车露营天窗发动机罩保护板罩顶灯罩","15.11","","https://BR.xiapibuy.com/product/949029891/58104101750","汽车外饰配件","封面","IVCN2026071011628","216353284546","https://detail.1688.com/offer/1061454173603.html?kj_agent_plugin=aliprice&fromkv=xytTrace:21080f7717840864431262522e0c34&token=fVLXzsvp65Y7wgZ6IjX5K8ENlqdy4Ps8WKrfX1Wz1UozHcgT3dOwHxP2eEaAfyiH","P1","07-17","216353284546","15.11","","20-40美金","20-40单","高价品"
"1","真皮纳帕汽车座椅套,防水透气,全套座椅套,极致舒适。特价优惠。","前排黑色*1件","15.1","https://cf.shopee.co.th/file/th-11134207-7ra0j-mcvq694yfhwea4","https://TH.xiapibuy.com/product/309627813/44203439237","汽车内饰配件","座椅及座椅套","IVCN2025101414953","208545143562","相似款：https://detail.1688.com/offer/938029853008.html?kj_agent_plugin=aliprice&fromkv=xytTrace:0","P1","07-17","208545143562","15.1","","20-40美金","20-40单","高价品"
"1","🚀泰国发货🚀 83W 最大功率手机充电器插座,支持 PD30W 快充,22.5W 双 USB + Type-C 接口,4 端口防水适配器,带电压表","3PD+QC3.0（10A电缆）","15.02","https://cf.shopee.co.th/file/cn-11134207-820l4-migsqeyxmlmo6f","https://TH.xiapibuy.com/product/120936268/42305292366","汽车内饰配件","USB充电器、FM和蓝牙发射器","IVCN2026031331370","287274411761","https://detail.1688.com/offer/1025837769127.html?fromkv=cbuPcPlugin:imageSearchDrawerCard&spm=a2639h.29135425.offerlist.i9&source=action%23offerItem%3Borigin%23shopee.co.th&amug_biz=oneself&amug_fl_src=awakeId_982","P1","07-17","287274411761","15.02","","20-40美金","20-40单","高价品"
"1","通用型全泵压力表,适用于所有摩托车的燃油压力测量工具","燃油泵泰基罗","15","https://cf.shopee.ph/file/id-11134207-7rask-m5ipqwntq2wwcd","https://PH.xiapibuy.com/product/375830525/8432699922","汽车工具","轮胎压力检测器","IVCN202602112701","99745233777","","P0","07-17","99745233777","15","","20-40美金","20-40单","高价品"
"1","JAECOO 6 EV 防鼠罩,JAECOO 6 防鼠罩,J6 防鼠罩,电动汽车防鼠罩,汽车通风口防鼠罩,电动汽车防鼠罩。","JAECOO 6 EV 防鼠罩,JAECOO 6 防鼠罩,J6 防鼠罩,电动汽车防鼠罩,汽车通风口防鼠罩,电动汽车防鼠罩。","15","","https://TH.xiapibuy.com/product/1044225273/53154206336","汽车外饰配件","其他的","IVCN2026051318575","370398807055","相似款：https://detail.1688.com/offer/905293885712.html?spm=a26352.b28411319/2508.0.0","P0","07-17","370398807055","15","","20-40美金","20-40单","高价品"
"1","适用于9英寸屏幕的安卓车载收音机主机（含安装螺丝）。可直接安装于五十铃D-Max、MU-X、D-Max 1.9和雪佛兰Colorado皮卡。","第 9 页,""大型五十铃插头,每个""。","15","https://cf.shopee.co.th/file/sg-11134201-22100-ob82wipnyeiv6e","https://TH.xiapibuy.com/product/235794233/7934435822","汽车零部件","电子","IVCN2026051322917","174713959784","https://detail.1688.com/offer/651919080705.html?kj_agent_plugin=aliprice&fromkv=xytTrace:0bf8ca8917530663682425578e0f96&token=7cw4XndsN7JfsDaCx0%2BpciCdNlDBsBOI%2FMpj17V1GCL0AGoAfijyF95JJO4vY43s","P0","07-17","174713959784","15","","20-40美金","20-40单","高价品"
"1","3件套通用汽车进气口引擎盖通风口装饰盖中央侧出风口汽车外饰配件","碳纤维","15","https://cf.shopee.ph/file/b6e2128ebb169f5eddfa0fd63823935e","https://PH.xiapibuy.com/product/39937103/17533298931","汽车外饰配件","其他的","IVCN2026071014446","161300709405","相似款：https://detail.1688.com/offer/853480469643.html?fromkv=cbuPcPlugin:imageSearchDrawerCard&spm=a2639h.29135425.offerlist.i3&source=action%23offerItem%3Borigin%23cf.shopee.ph&amug_biz=oneself&amug_fl_src=awakeId_982","P0","07-17","161300709405","15","","20-40美金","20-40单","高价品"
"1","🧿 品质保证 🧿 适用于 2003-2011 年款五十铃 D-MAX 所有车型的左前车窗电机。全新车窗电机。","🧿 品质保证 🧿 适用于 2003-2011 年款五十铃 D-MAX 所有车型的左前车窗电机。全新车窗电机。","14.87","","https://TH.xiapibuy.com/product/425065463/40825490215","汽车外饰配件","镜子及配件","IVCN2026051316787","330280702644","相似款：https://detail.1688.com/offer/676539386949.html?fromkv=cbuPcPlugin:imageSearchDrawerCard&spm=a2639h.29135425.offerlist.i0&source=action%23offerItem%3Borigin%23shopee.co.th&amug_biz=oneself&amug_fl_src=awakeId_982","P1","07-17","330280702644","14.87","","20-40美金","20-40单","高价品"
"1","汽车隔音降噪吸音隔热泡沫隔音垫汽车引擎盖隔音垫","50*200*2厘米","14.85","https://cf.shopee.ph/file/sg-11134201-7repu-m8frbf7aricie7","https://PH.xiapibuy.com/product/955835210/26982983662","汽车内饰配件","地毯和垫子","IVCN2026041033103","49547533014","https://detail.1688.com/offer/598523926994.html?spm=a26352.b28411319/2508.0.0&cosite=-&tracelog=p4p&_p_isad=1&clickid=ffa3d8ffff474bc485f86e1a78e0e2f3&sessionid=5130ffacbde0d416fd23c517b7ea09c5","P1","07-17","49547533014","14.85","","20-40美金","20-40单","高价品"
"1","OBD2扫描仪汽车实时数据和电池测试仪发动机故障代码读取器汽车诊断扫描工具,用于检查发动机/EOBD","摩托车连接器","14.83","https://cf.shopee.com.my/file/cn-11134207-820l4-mkix13msi3uv9e","https://MY.xiapibuy.com/product/867705818/24703369363","汽车工具","测试、诊断和维修工具","IVCN2026061518637","315549308726","https://detail.1688.com/offer/784676040597.html?kj_agent_plugin=aliprice&fromkv=xytTrace:21360a2e17749430494795894e105e&token=sxV7hmaduKLDJ0yxP5prwKBq8PoOmQLAtMHZys1N8pYHZH4CiU8ylxkB9p2dArk2","P1","07-17","315549308726","14.83","","20-40美金","20-40单","高价品"
"1","转速表,2英寸/52毫米/0-8000转/模拟/12伏/汽车/LED/蓝色/1-8缸/汽车","转速表,2英寸/52毫米/0-8000转/模拟/12伏/汽车/LED/蓝色/1-8缸/汽车","14.83","","https://BR.xiapibuy.com/product/790162402/16073482328","汽车内饰配件","抬头显示器、速度表和仪表","IVCN2026031323524","106819637932","https://detail.1688.com/offer/534708011810.html?kj_agent_plugin=aliprice&fromkv=xytTrace:0bf89a7417744065154274567e0e3c&token=LJG0JPh5L3ZVDnBqiEUasfbB%2BJrIgYZ7oLIfl4tvXLbjZLqUjiJ7bOIp0thmV%2F%2F2","P1","07-17","106819637932","14.83","","20-40美金","20-40单","高价品"
"1","小米智能空气净化器4迷你型替换滤芯。小米空气滤芯,有效过滤灰尘。","4个紧凑型过滤器","14.81","https://cf.shopee.co.th/file/th-11134207-7rasa-m4prkvbhbp1mc0","https://TH.xiapibuy.com/product/236393783/29922838192","汽车零部件","发动机零件","IVCN202508283544","237246557060","相似款：https://detail.1688.com/offer/656334469126.html?kj_agent_plugin=aliprice&fromkv=xytTrace:0","P1","07-17","237246557060","14.81","","20-40美金","20-40单","高价品"
"1","亮黑色 JOYC Perodua Myvi Bezza Axia Alza Ativa 门把手盖碗盖汽车配件","Myvi MG3 2018-2026,把手盖+碗","14.78","","https://MY.xiapibuy.com/product/61670738/4774006433","汽车外饰配件","其他的","IVCN202508287372","81547903343","相似款：https://detail.1688.com/offer/846278347233.html?fromkv=cbuPcPlugin:imageSearchDrawerTable&spm=a2639h.29135425.offerlist.i0&source=action%23offerItem%3Borigin%23shopee.com.my&amug_biz=oneself&amug_fl_src=awakeId_982","P1","07-17","81547903343","14.78","","20-40美金","20-40单","高价品"
"1","（24小时发货）70Mai 适用于 Micro USB Type-C 的停车监控线缆,适用于 70Mai 4K A800S A500S D06 D07 D08 M300 M500 M310 S510 硬线套件 UP02,适用于车载 DVR 24小时停车监控器","C型线","14.75","https://cf.shopee.com.my/file/cn-11134207-7ras8-m37pjoigze276d","https://MY.xiapibuy.com/product/897845051/19567196556","汽车内饰配件","其他的","IVCN202605137939","252154308794","相似款：https://detail.1688.com/offer/708215302401.html?kj_agent_plugin=aliprice&fromkv=xytTrace:0bb405a417744333037511146e10a8&token=8%2F1lT3bPES2DhGSwgkuKQ8QnDIp5yVfAVokD3o1ONHmtSBHB9lotOuLw7YtKZaLl","P1","07-17","252154308794","14.75","","20-40美金","20-40单","高价品"
"1","Ingco by Winland 脚踏气泵 | 钢体气压表轮胎充气泵,适用于汽车/自行车 ING-HT","Ingco by Winland 脚踏气泵 | 钢体气压表轮胎充气泵,适用于汽车/自行车 ING-HT","14.73","","https://PH.xiapibuy.com/product/110310362/11322913926","汽车保养","轮胎及轮毂保养","IVCN2025101416759","93917077491","相似款：https://detail.1688.com/offer/649627074974.html?kj_agent_plugin=aliprice&fromkv=xytTrace:0","P0","07-17","93917077491","14.73","","20-40美金","20-40单","高价品"
"1","Kstone 6.50-14 卡车内胎,短气嘴。","Kstone 6.50-14 卡车内胎,短气嘴。","14.73","","https://TH.xiapibuy.com/product/362030908/28077093338","汽车零部件","轮胎及配件","IVCN2025111457965","89760060879","相似款：https://detail.1688.com/offer/709568018823.html?spm=a26352.b28411319/2508.0.0","P1","07-17","89760060879","14.73","","20-40美金","20-40单","中价品"
"1","适用于思域 06 1.8 (FD)、CRV 07 2.0 (G3)、雅阁 08 2.3 (G8) 的原装点火线圈 30520-RNA-A01","THMT050010-0","14.73","","https://TH.xiapibuy.com/product/1299464874/26362254768","汽车零部件","发动机零件","IVCN202605132715","217832479635","https://detail.1688.com/offer/997587628150.html?kj_agent_plugin=aliprice&fromkv=xytTrace:2132815517725208439182859e0f69&token=Omq0fqu%2Bs2OMJXPJ0UE6fCtT7ngRwAyeUQe8Wcr%2BlnO7UDZVJcJ19INWhopW4MVu","P1","07-17","217832479635","14.73","","20-40美金","20-40单","高价品"
"1","比亚迪 Sealion 6 DM-i 中控前置储物盒车载储物盒无线充电硅胶垫","行李箱托盘","14.72","https://cf.shopee.ph/file/ph-11134207-7ra0r-md4dkkngffqm98","https://PH.xiapibuy.com/product/1098929510/28171688726","汽车内饰配件","收纳盒和隔层","IVCN2026071013978","186201919973","相似款：https://detail.1688.com/offer/890849131779.html?fromkv=cbuPcPlugin:imageSearchDrawerCard&spm=a2639h.29135425.offerlist.i0&source=action%23offerItem%3Borigin%23cf.shopee.ph&amug_biz=oneself&amug_fl_src=awakeId_982","P1","07-17","186201919973","14.72","","20-40美金","20-40单","高价品"
"1","汽车座椅垫,汽车座椅套,带有可爱的卡通图案,透气,防滑,坐感舒适,适合女性和儿童。","B 型靠背","14.69","https://cf.shopee.co.th/file/sg-11134201-7rdyv-mchkwgo0ndgmeb","https://TH.xiapibuy.com/product/895343666/40513792996","汽车内饰配件","座椅及座椅套","IVCN2026021115681","291139903945","https://detail.1688.com/offer/950145996637.html?kj_agent_plugin=aliprice&fromkv=xytTrace:0","P1","07-17","291139903945","14.69","","20-40美金","20-40单","高价品"
"1","2英寸（52毫米）转速表,量程0-8000RPM,蓝色LED显示屏,12V,适用于1-8缸汽油发动机","2英寸（52毫米）转速表,量程0-8000RPM,蓝色LED显示屏,12V,适用于1-8缸汽油发动机","14.61","","https://BR.xiapibuy.com/product/790162402/15486956465","汽车内饰配件","抬头显示器、速度表和仪表","IVCN202605130025","190542725310","https://detail.1688.com/offer/677025542709.html?fromkv=cbuPcPlugin:imageSearchDrawerCard&spm=a2639h.29135425.offerlist.i0&source=action%23offerItem%3Borigin%23shopee.com.br&amug_biz=oneself&amug_fl_src=awakeId_982","P1","07-17","190542725310","14.61","","20-40美金","20-40单","高价品"
"1","1件装透气便捷的带按摩功能的汽车座椅套","黑色前部","14.47","https://cf.shopee.vn/file/sg-11134201-7qvet-lf45etnwunxree","https://VN.xiapibuy.com/product/1025493756/19090362646","汽车内饰配件","座椅及座椅套","IVCN2026041034237","98736262491","https://detail.1688.com/offer/896312060807.html?fromkv=cbuPcPlugin:imageSearchDrawerCard&spm=a2639h.29135425.offerlist.i6&source=action%23offerItem%3Borigin%23cf.shopee.vn&amug_biz=oneself&amug_fl_src=awakeId_982","P1","07-17","98736262491","14.47","","20-40美金","20-40单","高价品"
"1","NOS钛合金扶手（单侧连接）,正品阳极氧化处理,皮卡车扶手","NOS 银色驱动（1 面）,蓝色","14.47","","https://TH.xiapibuy.com/product/33441/6559100024","汽车内饰配件","其他的","IVCN202606156519","65546215269","相似款：https://detail.1688.com/offer/914003642410.html?fromkv=cbuPcPlugin:imageSearchDrawerCard&spm=a2639h.29135425.offerlist.i2&source=action%23offerItem%3Borigin%23shopee.co.th&amug_biz=oneself&amug_fl_src=awakeId_982","P1","07-17","65546215269","14.47","","20-40美金","20-40单","高价品"
"1","GTIOATO 真皮汽车方向盘套 38CM 通用真皮汽车方向盘套 内饰配件","黑色的","14.46","https://cf.shopee.com.my/file/sg-11134201-7rblv-m5wqx68v84yf06","https://MY.xiapibuy.com/product/1452894235/28375284118","汽车内饰配件","方向盘及方向盘套","IVCN2026051324379","188194077889","https://detail.1688.com/offer/837852144682.html?kj_agent_plugin=aliprice&fromkv=xytTrace:2154647417660452833173284e0f9a&token=way4FMwXPApr%2FCvA8G09jrmyIa0XLZNrM8%2Bml82ujpmUCuZLqsbZiqCdupO2fI%2BF","P1","07-17","188194077889","14.46","","20-40美金","20-40单","中价品"
"1","2 件装汽车侧遮阳帘,防紫外线,黑色棉布材质,含汽车配件","黑色,70x39厘米","14.45","https://cf.shopee.co.th/file/cn-11134207-7ras8-m9fy4mqpy4du05","https://TH.xiapibuy.com/product/1003087777/22342814172","汽车内饰配件","遮阳罩和仪表盘罩","IVCN202512227692","248392120584","https://detail.1688.com/offer/936397573042.html?kj_agent_plugin=aliprice&fromkv=xytTrace%3A0&tracelog=cps&clickid=155537ada4363a3e43c3a769c430d940&targetUrl=https%3A%2F%2Fs.click.1688.com%2Ft%3Fe%3DA6FEAF87A2FCFBDD05C1BD6ABB449CE46147FC88EA630CBAC31FEFBD3966EDE4DF88C915D5486E33D1003E749B3EAAA5861098A75E16F4D226600F2847DABD1A5F0FFA4FF39BCCC320D4625E68D0D47AF6FEC9241CC79F982F2298161E9E1CDCC953C153699819B3EFCC6E8E09029140E056D9A16380D26CD7B661765BC64D2D7EEF6D6099BA67CE089F770C23C101B7FD254FA60EF1434F126320B55FF67C1582B28504DB02A8E7985C4561EE656ED8A5EFFECFE19362E8E9C550A9943BAC60B773B093E7EB2EA0A23C1194307837E566775BED9E96830AA6691737686093854D9E9123A08BEA8123CEB0750DED7452%26cbu_cps_trace_flag%3Dwrite","P1","07-17","248392120584","14.45","","20-40美金","20-40单","高价品"
"2","威驰 NCP93 NCP150 散热器水管三通接头加注口铝制 雅力士 NCP91 恒温器壳体三通接头","填充三通接头","14.44","https://cf.shopee.com.my/file/sg-11134201-22110-ietr2abcr8jvd9","https://MY.xiapibuy.com/product/869009507/17195859395","汽车零部件","散热器、发动机冷却和气候控制","IVCN202605133555","225576217016","相似款：https://detail.1688.com/offer/634635207873.html?fromkv=cbuPcPlugin:imageSearchDrawerCard&spm=a2639h.29135425.offerlist.i7&source=action%23offerItem%3Borigin%23shopee.com.my&amug_biz=oneself&amug_fl_src=awakeId_982","P1","07-17","225576217016","14.44","","20-40美金","20-40单","中价品"
"1","GreenYi AHD1080P 170度鱼眼黑色镜头车载前后摄像头全高清夜视防水倒车摄像头","黑色-AHD1080P","14.42","https://cf.shopee.com.my/file/sg-11134201-7rfh2-m9ci7mc9bzcwa1","https://MY.xiapibuy.com/product/1157010688/24644937950","汽车内饰配件","摄像机和停车摄像头","IVCN202604231871","243371464145","https://detail.1688.com/offer/860232401391.html?spm=a26352.b28411319.offerlist.1.86b51e62PTGmHi","P1","07-17","243371464145","14.42","","20-40美金","20-40单","高价品"
"1","汽车亚麻座椅套靠垫靠背通用透气防滑垫适用于五座汽车","黑红全套","14.4","https://cf.shopee.ph/file/ph-11134207-7qul3-liu40blf203q95","https://PH.xiapibuy.com/product/946590885/22122673232","汽车内饰配件","座椅及座椅套","IVCN2026061513705","230890095425","相似款：https://detail.1688.com/offer/944189809587.html?fromkv=cbuPcPlugin:imageSearchDrawerCard&spm=a2639h.29135425.offerlist.i3&source=action%23offerItem%3Borigin%23cf.shopee.ph&amug_biz=oneself&amug_fl_src=awakeId_982","P1","07-17","230890095425","14.4","","20-40美金","20-40单","高价品"
"1","25/50/100片装汽车摩托车合金轮毂平衡块,带粘性平衡条,5克x12片","100件","14.4","https://cf.shopee.ph/file/cn-11134207-7r98o-lxm6slqnswf7df","https://PH.xiapibuy.com/product/1279625066/24483679387","汽车零部件","车轮、轮辋及配件","IVCN2026031327360","207661502349","相似款：https://detail.1688.com/offer/950242257287.html?fromkv=cbuPcPlugin:imageSearchDrawerCard&spm=a2639h.29135425.offerlist.i8&source=action%23offerItem%3Borigin%23shopee.ph&amug_biz=oneself&amug_fl_src=awakeId_982","P1","07-17","207661502349","14.4","","20-40美金","20-40单","中价品"
"1","⚙️4S店特惠⚙️五十铃D-MAX全新右侧6针电动车窗电机（2012-2019）-持久耐用。","右侧 → (6针)","14.37","https://cf.shopee.co.th/file/th-11134207-81ztc-mjzcwrhl5x53d7","https://TH.xiapibuy.com/product/1659867915/50505396589","汽车零部件","其他的","IVCN2026031330058","254154944961","相似款：https://detail.1688.com/offer/890008363422.html?fromkv=cbuPcPlugin:imageSearchDrawerCard&spm=a2639h.29135425.offerlist.i0&source=action%23offerItem%3Borigin%23cf.shopee.co.th&amug_biz=oneself&amug_fl_src=awakeId_982","P1","07-17","254154944961","14.37","","20-40美金","20-40单","高价品"
"1","【本地现货】VAG 409.1 KKL 带 FTDI FT232RL 和 CH340T,适用于大众、奥迪、斯柯达和西雅特等车型的 OBD/OBD2 汽车诊断接口线缆扫描工具套装","Ft232rl 蓝色","14.34","https://cf.shopee.co.th/file/cn-11134207-7qukw-lh62wuuufie71e","https://TH.xiapibuy.com/product/1024038807/22172967363","汽车工具","测试、诊断和维修工具","IVCN2025091212144","194412466998","https://detail.1688.com/offer/651229144275.html?fromkv=cbuPcPlugin:imageSearchDrawerCard&spm=a2639h.29135425.offerlist.i2&source=action%23offerItem%3Borigin%23cf.shopee.co.th&amug_biz=oneself&amug_fl_src=awakeId_982","P1","07-17","194412466998","14.34","","20-40美金","20-40单","高价品"
"1","USB闪存盘MP3,包含90年代歌曲、热门金曲和黄金时代的经典摇滚乐！","180首歌曲","14.31","https://cf.shopee.co.th/file/sg-11134201-7rdwt-mc4s6t1q6n9q22","https://TH.xiapibuy.com/product/1520508219/40458352449","汽车内饰配件","USB充电器、FM和蓝牙发射器","IVCN202508284454","227936015138","无同款","P1","07-17","227936015138","14.31","","20-40美金","20-40单","中价品"
"1","（新款,4 件套）摩托车和汽车用曲轴拉拔器、曲轴箱拉拔器、曲轴拆卸器。","a1","14.31","","https://TH.xiapibuy.com/product/301032844/28603598501","汽车外饰配件","车牌配件","IVCN202605131783","207604698883","相似款：https://detail.1688.com/offer/994552563744.html?kj_agent_plugin=aliprice&fromkv=xytTrace:0","P1","07-17","207604698883","14.31","","20-40美金","20-40单","中价品"
"1","适用于比亚迪海豚迷你中控无线充电硅胶垫车载内饰水杯产品","硅胶垫（黑色）","14.26","https://cf.shopee.com.br/file/sg-11134201-7ra3z-mbgyykq7tthp48","https://BR.xiapibuy.com/product/1529281894/25595745021","汽车内饰配件","收纳盒和隔层","IVCN2026021115257","280528534623","https://detail.1688.com/offer/817532415634.html?spm=a26352.b28411319.offerlist.1.43711e62wIUCyT&cosite=-&tracelog=p4p&_p_isad=1&clickid=d1c96730db5f48e9b5a310cf1434c0d7&sessionid=i8JfS6Ne7RiDBimKRprak8X4WfPEPMbwhAQ1760502396479","P1","07-17","280528534623","14.26","","20-40美金","20-40单","高价品"
"1","驯龙高手汽车安全带套（2 件装） - 夏季可爱卡通肩垫,配套汽车配件（驯龙高手）","白色+黑色2件","14.23","https://cf.shopee.co.th/file/sg-11134201-7rdxt-mcajvhm6bot7ef","https://TH.xiapibuy.com/product/362165086/27938767228","汽车内饰配件","其他的","IVCN2026021115455","285743455625","https://detail.1688.com/offer/977368551666.html?spm=a26352.b28411319/2508.0.0","P1","07-17","285743455625","14.23","","20-40美金","20-40单","高价品"
"1","三菱 Xpander 前后雨刮片套装,16+26+12 英寸,适用于 2015~2022 年款三菱 Xpander。","前后挡风玻璃雨刮片","14.2","https://cf.shopee.co.th/file/cn-11134207-7qukw-lizqx0jjrkvqa3","https://TH.xiapibuy.com/product/574743492/23447615610","汽车零部件","挡风玻璃雨刮器和清洗器","IVCN202605133517","225387218409","https://detail.1688.com/offer/862913633382.html?spm=a26352.b28411319.offerlist.211.20011e62bwl1kg","P1","07-17","225387218409","14.2","","20-40美金","20-40单","中价品"
"1","车载头枕风扇,带3档可调速的USB车载座椅风扇,后座冷却风扇。","浅褐色的","14.2","https://cf.shopee.co.th/file/sg-11134201-7reoz-m2uu0qyzx53ab1","https://TH.xiapibuy.com/product/1207745538/28018287673","汽车内饰配件","其他的","IVCN202607109266","185574535564","https://detail.1688.com/offer/766257886108.html?spm=a26352.b28411319/2508.0.0&cosite=-&tracelog=p4p&_p_isad=1&clickid=f554f92f83624dd19fc11f6be5af36f9&sessionid=77eb03ca8b2b48edbca20aeafbf822e3","P1","07-17","185574535564","14.2","","20-40美金","20-40单","高价品"
"1","COD 减速带（100% 正品）橡胶减速带,减速器,塑料减速带 100*35*4cm 35*18*4cm（含螺丝）","尺寸：100X35X4厘米","14.16","https://cf.shopee.co.th/file/sg-11134201-7ra3d-m4sqilml6veoda","https://TH.xiapibuy.com/product/377427371/28423684866","汽车外饰配件","其他的","IVCN202508282552","227280748817","https://detail.1688.com/offer/640737118960.html?kj_agent_plugin=aliprice&fromkv=xytTrace:0","P1","07-17","227280748817","14.16","","40-60美金","20-40单","高价品"
"1","JSD-520车载立体声蓝牙FM收音机MP3播放器,支持USB/SD/AUX输入。","黑色的","14.08","","https://TH.xiapibuy.com/product/426549836/13892691838","汽车内饰配件","导航和AV接收器","IVCN202604230593","106678718472","https://detail.1688.com/offer/689551589466.html?kj_agent_plugin=aliprice&fromkv=xytTrace:0","P1","07-17","106678718472","14.08","","40-60美金","20-40单","高价品"
"1","Proton e.MAS 7 扶手箱硅胶保护套 eMas7 汽车内饰改装用品 防水防污","蓝色的","14.01","https://cf.shopee.com.my/file/sg-11134201-7rfi3-m98gu6qz6bhl61","https://MY.xiapibuy.com/product/1452757386/27885689383","汽车内饰配件","其他的","IVCN2026051323469","178912481647","相似款：https://detail.1688.com/offer/1041740550411.html?spm=a26352.b28411319/2508.0.0","P1","07-17","178912481647","14.01","","20-40美金","20-40单","高价品"
"1","OTOPROJECT - 多功能中控台收纳盒 DESTINATOR / XFORCE - 中控台收纳盒 多功能三菱 DESTINATOR XFORCE/ - 黑色","黑色的","14","","https://PH.xiapibuy.com/product/344645630/52954580144","汽车内饰配件","其他的","IVCN2026021118378","445506829713","相似款：https://detail.1688.com/offer/931158609578.html?fromkv=cbuPcPlugin:imageSearchDrawerCard&spm=a2639h.29135425.offerlist.i0&source=action%23offerItem%3Borigin%23shopee.ph&amug_biz=oneself&amug_fl_src=awakeId_982","P0","07-17","445506829713","14","","20-40美金","20-40单","高价品"
"2","豪华四件套地毯,防水,通用尺寸,带橡胶衬里的汽车脚垫保护套","黑金/皮革","14","https://cf.shopee.com.br/file/sg-11134201-824ih-metn0t9vdxxhcd","https://BR.xiapibuy.com/product/1491363557/43319934275","汽车内饰配件","地毯和垫子","IVCN2026061517451","286629973186","https://detail.1688.com/offer/946072568506.html?kj_agent_plugin=aliprice&fromkv=xytTrace:2133d7d417841123585478391e0d53&token=nlxtMYXvQXW%2F1ZHbFUcX%2FAe88o4h5QX8wJreNbw25Lx0LoUkOlwGsT35J9XESB1Y","P0","07-17","286629973186","14","","20-40美金","20-40单","高价品"
"2","豪华四件套地毯,防水,通用尺寸,带橡胶衬里的汽车脚垫保护套","黑色/蓝色/皮革","14","https://cf.shopee.com.br/file/sg-11134201-824ha-metn0sdtc74583","https://BR.xiapibuy.com/product/1491363557/43319934275","汽车内饰配件","地毯和垫子","IVCN2026061517451","286629973185","https://detail.1688.com/offer/946072568506.html?kj_agent_plugin=aliprice&fromkv=xytTrace:2133d7d417841123585478391e0d53&token=nlxtMYXvQXW%2F1ZHbFUcX%2FAe88o4h5QX8wJreNbw25Lx0LoUkOlwGsT35J9XESB1Y","P0","07-17","286629973185","14","","20-40美金","20-40单","高价品"
"1","豪华四件套地毯,防水,通用尺寸,带橡胶衬里的汽车脚垫保护套","黑色/皮革","14","https://cf.shopee.com.br/file/sg-11134201-824is-metn0rlx9zbbad","https://BR.xiapibuy.com/product/1491363557/43319934275","汽车内饰配件","地毯和垫子","IVCN2026071014452","286629973184","https://detail.1688.com/offer/946072568506.html?kj_agent_plugin=aliprice&fromkv=xytTrace:2133d7d417841123585478391e0d53&token=nlxtMYXvQXW%2F1ZHbFUcX%2FAe88o4h5QX8wJreNbw25Lx0LoUkOlwGsT35J9XESB1Y","P0","07-17","286629973184","14","","40-60美金","20-40单","高价品"
"1","半件式汽车安全带扣支撑架,带磁性夹子,安全带张紧调节器","B-YD,2 件","14","https://cf.shopee.com.br/file/cn-11134207-7r98o-lo4x49lyj45jcc","https://BR.xiapibuy.com/product/742231918/24301134325","汽车内饰配件","其他的","IVCN2026071010710","232278657561","https://detail.1688.com/offer/743780092359.html?spm=a26352.b28411319/2508.0.0","P0","07-17","232278657561","14","","20-40美金","20-40单","高价品"
"1","OneAudio Peerless 3英寸中音扬声器 8欧姆 40瓦 3英寸汽车音响中音扬声器","3英寸 8Ω 40W","14","https://cf.shopee.ph/file/cn-11134207-7ras8-m3vhktup1sz3de","https://PH.xiapibuy.com/product/1274006410/25632962278","汽车内饰配件","功放、扬声器和低音炮","IVCN202509128498","226503093380","https://detail.1688.com/offer/827692500828.html?kj_agent_plugin=aliprice&fromkv=xytTrace:0","P0","07-17","226503093380","14","","20-40美金","20-40单","高价品"
"1","适用于MPV奥德赛、别克GL8中控台门的通用电动滑门开关改装。","左侧车门,电动尾门。","14","https://cf.shopee.co.th/file/th-11134207-7r991-lyyjkyio1ri97d","https://TH.xiapibuy.com/product/1128804499/24134782994","汽车内饰配件","锁具与安防","IVCN202602275685","217724106530","相似款：https://detail.1688.com/offer/909460416867.html?spm=a26352.b28411319/2508.0.0","P0","07-17","217724106530","14","","40-60美金","20-40单","高价品"
"1","磁性汽车遮阳帘,不透明,防紫外线。","1套","13.94","https://cf.shopee.co.th/file/sg-11134201-22090-kg543l5vvnhvb9","https://TH.xiapibuy.com/product/37185045/18247342123","汽车内饰配件","遮阳罩和仪表盘罩","IVCN202512227676","202391572635","https://detail.1688.com/offer/904571645927.html?kj_agent_plugin=aliprice&fromkv=xytTrace:0b52090217661261960542051e1111&token=fLrUPf%2FsK2yhzLuvsT5Stt%2Fl7nH9zRPVHoMH0BE%2Fjl3FqIfS%2FEOjFPtbxH7h52Qg","P1","07-17","202391572635","13.94","","20-40美金","20-40单","高价品"
"1","LIUOOP 通用安全带,黑色,三点式汽车安全带,适用于轿车和 VIP 面包车,兼容所有车型,安全带,汽车安全带。","黑色的","13.93","https://cf.shopee.co.th/file/sg-11134201-81ztf-mil9ds61ua6936","https://TH.xiapibuy.com/product/1523566884/53103497957","汽车内饰配件","座椅及座椅套","IVCN202607108394","395335751478","https://detail.1688.com/offer/954038709233.html?spm=a261y.7663282.3002526303362591.2.717c4a17wc4Fqi&sk=order&fromkv=cbuPcPlugin%3AimageSearchDrawerCard","P1","07-17","395335751478","13.93","","20-40美金","20-40单","高价品"
"1","通用型 12V/24V 2英寸（52毫米）超薄汽车摩托车燃油液位计,电子式 8 LED 指示灯显示,蓝色","通用型 12V/24V 2英寸（52毫米）超薄汽车摩托车燃油液位计,电子式 8 LED 指示灯显示,蓝色","13.88","","https://PH.xiapibuy.com/product/800479419/22923228225","汽车内饰配件","抬头显示器、速度表和仪表","IVCN2026061510327","175552135596","https://detail.1688.com/offer/684953459059.html?kj_agent_plugin=aliprice&fromkv=xytTrace:0","P1","07-17","175552135596","13.88","","20-40美金","20-40单","高价品"
"1","三菱 Mirage Attrage 进气管安装套件","黑色","13.82","https://cf.shopee.ph/file/th-11134207-81ztm-mga6jvxa89ho6f","https://PH.xiapibuy.com/product/1207891163/24719050287","汽车零部件","其他的","IVCN2025111472165","243434747385","无同款","P1","07-17","243434747385","13.82","","20-40美金","20-40单","中价品"
"2","吉利EX2（2025年至今）屏幕保护膜 [吉利EX2] 赛车保护膜","仪表板贴膜,透光率降低 60%。","13.8","https://cf.shopee.co.th/file/th-11134207-81ztg-mkhl6wrhvmdh6b","https://TH.xiapibuy.com/product/239204794/45155949385","汽车外饰配件","贴纸、标志和徽章","IVCN2026061521535","440537333226","相似款：https://detail.1688.com/offer/1049466779400.html?spm=a26352.13672862.offerlist.173.6df71e62muTaSZ&offerId=1049466779400&sortType=&pageId=&abBizDataType=cbuOffer&hotSaleSkuId=6246898767207&trace_log=normal&uuid=26bed56cd03445b3a3d2d12d51023bef&forcePC=1781598773509","P0","07-17","440537333226","13.8","","20-40美金","20-40单","高价品"
"3","（直播期间购买可享额外 10% 折扣）WC 汽车涂层、玻璃涂层、防水汽车漆涂层、汽车光泽喷剂（已获得 FDA 认证）","WC+YD01","13.71","https://cf.shopee.co.th/file/75bc27c3e3fdabb7c691a83a3dc75c1a","https://TH.xiapibuy.com/product/23763794/1471563616","汽车保养","抛光剂、涂层和密封剂","IVCN2026051310777","164018691292","https://detail.1688.com/offer/833960595854.html?spm=a26352.13672862.offerlist.41.7a911e62YJGzx9","P1","07-17","164018691292","13.71","","20-40美金","20-40单","高价品"
"2","便携式汽车应急启动器,汽车电池应急启动器,锂电池应急启动器便携式启动盒,强力汽车启动电池组快速充电 keamy","汽车启动器（含电池）","13.68","https://cf.shopee.com.my/file/cn-11134207-7ras8-m7gfpuw5sf1q78","https://MY.xiapibuy.com/product/867709134/29023675071","汽车零部件","电子","IVCN202607108984","257478382658","https://detail.1688.com/offer/850825243652.html?kj_agent_plugin=aliprice&fromkv=xytTrace:0https://detail.1688.com/offer/828697664719.html?kj_agent_plugin=aliprice&fromkv=xytTrace:0","P1","07-17","257478382658","13.68","","20-40美金","20-40单","中价品"
"1","Armor All 防护剂 500ml。","Armor All 防护剂 500ml。","13.66","","https://PH.xiapibuy.com/product/106436674/10720203630","汽车保养","抛光剂、涂层和密封剂","IVCN2026041032835","36556143296","https://detail.1688.com/offer/950285166825.html?fromkv=cbuPcPlugin:imageSearchDrawerCard&spm=a2639h.29135425.offerlist.i36&source=action%23offerItem%3Borigin%23shopee.ph&amug_biz=oneself&amug_fl_src=awakeId_982","P1","07-17","36556143296","13.66","","20-40美金","20-40单","高价品"
"1","适用于五十铃D-Max 2003-2011款的全新电动车窗开关 897400382DRHD","黑色的","13.6","https://cf.shopee.co.th/file/cn-11134207-820l4-mgc0fjhbtwcp58","https://TH.xiapibuy.com/product/1025889691/50700236111","汽车内饰配件","其他的","IVCN2026051319201","385021901824","https://detail.1688.com/offer/977472027969.html?kj_agent_plugin=aliprice&fromkv=xytTrace:0b52090217840887598325309e0db2&token=6p7OyYcf%2BMGwHPz6SZNWHfkJgRpMhdW4oqYP%2BfI9ENVoMe8uzDhWIriZPlKoQPw%2F","P1","07-17","385021901824","13.6","","20-40美金","20-40单","高价品"
"1","卡通车载纸巾盒,汽车造型纸巾盒,悬挂式,高端质感,可爱汽车内饰装饰,纸巾悬挂袋。","安迪熊","13.47","https://cf.shopee.co.th/file/sg-11134201-7rd4e-m77odkl0uzl567","https://TH.xiapibuy.com/product/1008747866/26929524603","汽车内饰配件","收纳盒和隔层","IVCN202607108050","129279997785","https://detail.1688.com/offer/930942909993.html?kj_agent_plugin=aliprice&fromkv=xytTrace:0","P1","07-17","129279997785","13.47","","20-40美金","20-40单","高价品"
"1","【马来西亚现货】通用汽车车顶行李收纳网弹性绳整理器内部网状口袋","黑色的","13.46","https://cf.shopee.com.my/file/my-11134207-7r98u-lxi8cjj0hrao40","https://MY.xiapibuy.com/product/1045640882/29254885935","汽车内饰配件","收纳盒和隔层","IVCN202605131791","207640322441","相似款：https://detail.1688.com/offer/883713047939.html?fromkv=cbuPcPlugin:imageSearchDrawerCard&spm=a2639h.29135425.offerlist.i0&source=action%23offerItem%3Borigin%23cf.shopee.co.th&amug_biz=oneself&amug_fl_src=awakeId_982","P1","07-17","207640322441","13.46","","40-60美金","20-40单","高价品"
"1","10件套组合装,包括集装箱网、货物保护网、卡车门防护网、货物覆盖网","10件套组合装,包括集装箱网、货物保护网、卡车门防护网、货物覆盖网","13.44","","https://VN.xiapibuy.com/product/755011543/23011606706","汽车外饰配件","封面","IVCN2026021112093","230517998615","https://detail.1688.com/offer/687383173324.html?spm=a26352.b28411319/2508.0.0","P1","07-17","230517998615","13.44","","20-40美金","20-40单","高价品"
"1","2个7英寸120W卡车聚光灯雾灯前照灯12V 24V尺寸防水LED聚光灯条雾灯驾驶灯","2个","13.43","https://cf.shopee.co.th/file/sg-11134201-7rcdk-lsrunijr1dn325","https://TH.xiapibuy.com/product/1029614135/24868278040","汽车零部件","电子","IVCN2026071014236","148547644573","https://detail.1688.com/offer/671488590311.html?kj_agent_plugin=aliprice&fromkv=xytTrace:0","P1","07-17","148547644573","13.43","","20-40美金","20-40单","中价品"
"1","USB MP3：2024-2025年热门TikTok歌曲合辑","200首歌","13.41","https://cf.shopee.co.th/file/cn-11134207-820l4-mf3rlahbr6dk8e","https://TH.xiapibuy.com/product/1520508219/40072140421","汽车内饰配件","USB充电器、FM和蓝牙发射器","IVCN2026021112059","228136290009","无同款","P1","07-17","228136290009","13.41","","20-40美金","20-40单","中价品"
"1","Carstorm 5D 深碟式汽车脚垫 三菱 Xpander 高帮车用地毯脚垫套装配件","Xpander","13.27","https://cf.shopee.ph/file/cn-11134207-7ras8-m3oryvsf4hmy91","https://PH.xiapibuy.com/product/991254198/26820476160","汽车内饰配件","地毯和垫子","IVCN202512090763","237141930170","相似款：https://detail.1688.com/offer/874790060443.html?kj_agent_plugin=aliprice&fromkv=xytTrace%3A0bf8ca8917654382759035305e0db8&token=NAVY5wtPae6LaZR7FRbJcPiYfcNrlcpwlMAHBQX0dtSq1z8QmadhYd1wJLT8DPDp","P1","07-17","237141930170","13.27","","20-40美金","20-40单","高价品"
"1","DEMA卡通图案防紫外线汽车遮阳帘、汽车窗帘、汽车遮阳板。","恐龙,背面有 2 块。","13.24","https://cf.shopee.co.th/file/th-11134207-7qul6-lk6j2bmzypu146","https://TH.xiapibuy.com/product/824559757/23376166168","汽车内饰配件","遮阳罩和仪表盘罩","IVCN202512227714","177796258976","https://detail.1688.com/offer/719384269159.html?kj_agent_plugin=aliprice&fromkv=xytTrace:212b5ecd17661295278632426e1190&token=FX3ZJWPyHcUbmvgezgaPQ9ziak7XQNqA5CXv6vzzo%2B4YVff9TzTnkHkel%2FEG8QtK","P1","07-17","177796258976","13.24","","20-40美金","20-40单","中价品"
"1","适用于长城哈弗达高Jolion POER 2020-2021的胎压传感器3641101Xkn01a。","适用于长城哈弗达高Jolion POER 2020-2021的胎压传感器3641101Xkn01a。","13.18","","https://TH.xiapibuy.com/product/131624155/28320663988","汽车工具","轮胎压力检测器","IVCN2026021113841","252252716047","https://detail.1688.com/offer/837648445445.html?kj_agent_plugin=aliprice&fromkv=xytTrace:2108837b17749432915548272e10b6&token=awW1SBDpRBeoXN2Y2%2FLuPsFVatPzqnEY7XnKtkmlXKlg0AkARdgMIRYTJWdjlaWx","P1","07-17","252252716047","13.18","","20-40美金","20-40单","中价品"
"2","便携式气泵、电动气泵、自行车气泵、USB充气泵、LED显示屏、自动充气、压力表、可充电。","插件指针版本","13.14","https://cf.shopee.co.th/file/th-11134207-7ra0p-mcaoti566jic5f","https://TH.xiapibuy.com/product/1469806007/25691833938","汽车工具","轮胎压力检测器","IVCN2026061516785","280744833178","相似款：https://detail.1688.com/offer/900668896539.html?kj_agent_plugin=aliprice&fromkv=xytTrace:0","P1","07-17","280744833178","13.14","","20-40美金","20-40单","中价品"
"4","通用型车载风扇 12V/24V 电动三头汽车风扇 360° 可调风量 低噪音","3个风扇 24V-棕色","13.1","https://cf.shopee.ph/file/ph-11134207-7r98y-lz1j5ks473p6df","https://PH.xiapibuy.com/product/335188817/21060078268","汽车内饰配件","其他的","IVCN202606157145","118046099518","https://detail.1688.com/offer/705712413586.html?kj_agent_plugin=aliprice&fromkv=xytTrace:0","P1","07-17","118046099518","13.1","","60-80美金","20-40单","高价品"
"1","汽车座椅靠背衣架,车载衣架。","汽车座椅靠背衣架,车载衣架。","13.01","","https://TH.xiapibuy.com/product/331686916/3272170418","汽车内饰配件","收纳盒和隔层","IVCN2026031322196","52945270834","https://detail.1688.com/offer/729570250131.html?kj_agent_plugin=aliprice&fromkv=xytTrace:0","P1","07-17","52945270834","13.01","","20-40美金","20-40单","中价品"
"1","适用于比亚迪海豚迷你车内饰中央控制水杯的无线充电硅胶垫","所以","13","https://cf.shopee.com.br/file/sg-11134201-8226r-mhd4j4g3w45n98","https://BR.xiapibuy.com/product/1513205675/53601929973","汽车内饰配件","收纳盒和隔层","IVCN2026051320367","410189414448","相似款：https://detail.1688.com/offer/817532415634.html?kj_agent_plugin=aliprice&fromkv=xytTrace:2127a84b17744326236665176e0ef6&token=LLdDHvJ2s35aTD1FCRGUUs%2FbXY1aw2sfjoYKZktNClUMd6yWW57FabIPxnxxKb3U","P0","07-17","410189414448","13","","20-40美金","20-40单","高价品"
"1","[熊猫] WULING DARION EV 汽车扶手箱、储物箱、中控台和扶手整理器、内饰配件。","放","13","https://cf.shopee.co.th/file/cn-11134207-820l4-moertzphdudoc4","https://TH.xiapibuy.com/product/1509512781/58060754695","汽车内饰配件","其他的","IVCN202607109952","380940957301","相似款：https://detail.1688.com/offer/817532415634.html?kj_agent_plugin=aliprice&fromkv=xytTrace:210702e017840238216232425e0bff&token=LLdDHvJ2s35aTD1FCRGUUhSqiVxlEHlwK%2FuNbfoIXZbcBDgmxtsmF5kn%2FnWybkI2","P0","07-17","380940957301","13","","40-60美金","20-40单","高价品"
"1","曼谷现货 -> 武陵星光达里翁硅胶中控台套、中控台杯架、汽车配件。","中央隔层 + 杯架","13","https://cf.shopee.co.th/file/th-11134207-81zto-mni66vdtwcg473","https://TH.xiapibuy.com/product/347564151/57409034092","汽车内饰配件","收纳盒和隔层","IVCN2026051317635","345815469490","相似款：https://detail.1688.com/offer/817532415634.html?kj_agent_plugin=aliprice&fromkv=xytTrace:210702e017840238216232425e0bff&token=LLdDHvJ2s35aTD1FCRGUUhSqiVxlEHlwK%2FuNbfoIXZbcBDgmxtsmF5kn%2FnWybkI2","P0","07-17","345815469490","13","","20-40美金","20-40单","高价品"
"1","Grip-On减震器拆卸工具 - Grip-On摩托车减震器 - 适用于自动挡和弯梁摩托车的减震器卡扣拆卸工具","Grip-On减震器拆卸工具 - Grip-On摩托车减震器 - 适用于自动挡和弯梁摩托车的减震器卡扣拆卸工具","13","","https://PH.xiapibuy.com/product/1424806631/27573787177","汽车工具","测试、诊断和维修工具","IVCN202605139195","257487105336","https://detail.1688.com/offer/930646630558.html?spm=a26352.b28411319/2508.0.0","P0","07-17","257487105336","13","","20-40美金","20-40单","高价品"
"1","奇瑞瑞虎 ReV 2024-2025 后挡泥板盖装饰外饰保护配件挡泥板护板部件,适用于奇瑞瑞虎 ReV 2024-2025 VMAXX","挡泥板（2个）","13","","https://PH.xiapibuy.com/product/799302361/41024901994","汽车外饰配件","挡泥板和防溅板","IVCN2026041040749","238177023706","相似款：https://detail.1688.com/offer/1001109149425.html?kj_agent_plugin=aliprice&fromkv=xytTrace:0","P0","07-17","238177023706","13","","20-40美金","20-40单","高价品"
"1","【100% 原装正品】NGK 94167 (DIFR6D13) 双尖激光铱金火花塞 - 适用于本田锋范 T9A / 飞度 / BRV / CRZ","【100% 原装正品】NGK 94167 (DIFR6D13) 双尖激光铱金火花塞 - 适用于本田锋范 T9A / 飞度 / BRV / CRZ","13","","https://MY.xiapibuy.com/product/266654978/25879007051","汽车零部件","电子","IVCN202605134767","236308229054","https://detail.1688.com/offer/765742580199.html?kj_agent_plugin=aliprice&fromkv=xytTrace:0b51056217840159998873051e0cc8&token=pp2ia4f2drgNMe3Sa5jncnkbJMDJJkuohMccfmvJPc81O4eprlq8DLm411VqEGI2","P0","07-17","236308229054","13","","20-40美金","20-40单","高价品"
"5","Lieto 婴儿遮阳帘 *并非适用于所有欧洲车型*（1 件装）","5. 地图","13","https://cf.shopee.co.th/file/th-11134207-7qul5-ljashwwb0gywfa","https://TH.xiapibuy.com/product/217383026/5318346560","汽车内饰配件","遮阳罩和仪表盘罩","IVCN202606155209","221734971199","https://detail.1688.com/offer/650659195982.html?fromkv=cbuPcPlugin:imageSearchDrawerCard&spm=a2639h.29135425.offerlist.i9&source=action%23offerItem%3Borigin%23cf.shopee.co.th&amug_biz=oneself&amug_fl_src=awakeId_982","P0","07-17","221734971199","13","","40-60美金","20-40单","高价品"
"1","适用于比亚迪海豚迷你中控扶手套一体式硅胶套无线内饰垫","（所以）","13","https://cf.shopee.com.br/file/sg-11134201-8262a-mmevnedxa8sj9c","https://BR.xiapibuy.com/product/1529281894/47257937634","汽车内饰配件","其他的","IVCN2026071014268","148006414382","https://detail.1688.com/offer/1050894806068.html?spm=a26352.b28411319/2508.0.0","P0","07-17","148006414382","13","","20-40美金","20-40单","高价品"
"5","Lieto 婴儿遮阳帘 *并非适用于所有欧洲车型*（1 件装）","7. 晚安","13","https://cf.shopee.co.th/file/th-11134207-7quky-ljashwwb4oo836","https://TH.xiapibuy.com/product/217383026/5318346560","汽车内饰配件","遮阳罩和仪表盘罩","IVCN202606155209","115280296257","https://detail.1688.com/offer/650659195982.html?fromkv=cbuPcPlugin:imageSearchDrawerCard&spm=a2639h.29135425.offerlist.i9&source=action%23offerItem%3Borigin%23cf.shopee.co.th&amug_biz=oneself&amug_fl_src=awakeId_982","P0","07-17","115280296257","13","","20-40美金","20-40单","高价品"
"1","Lieto 婴儿遮阳帘 *并非适用于所有欧洲车型*（1 件装）","3. 大象","13","https://cf.shopee.co.th/file/th-11134207-7qul3-ljashwwaxnu064","https://TH.xiapibuy.com/product/217383026/5318346560","汽车内饰配件","遮阳罩和仪表盘罩","IVCN202607109608","110129337732","https://detail.1688.com/offer/650659195982.html?fromkv=cbuPcPlugin:imageSearchDrawerCard&spm=a2639h.29135425.offerlist.i9&source=action%23offerItem%3Borigin%23cf.shopee.co.th&amug_biz=oneself&amug_fl_src=awakeId_982","P0","07-17","110129337732","13","","20-40美金","20-40单","高价品"
"1","购买一套即可省钱！适用于三菱 Mirage、Attrage 和 Xpander（2012-2023 年款）的空气滤清器 + 车厢空气滤清器。","海市蜃楼的挑战","12.97","","https://TH.xiapibuy.com/product/19911945/4242439436","汽车零部件","发动机零件","IVCN2026031326780","196884689500","https://detail.1688.com/offer/655494551319.html?kj_agent_plugin=aliprice&fromkv=xytTrace:0","P1","07-17","196884689500","12.97","","20-40美金","20-40单","中价品"
"1","适用于割草机的28毫米9齿高品质变速箱。适用于GX35、NB411和RBC411型号。","28mm 9T齿轮头 NB411","12.95","https://cf.shopee.co.th/file/th-11134207-7rask-m59z5joa6vtp09","https://TH.xiapibuy.com/product/447817794/11921290692","汽车内饰配件","踏板和变速杆","IVCN2026051317857","126897624710","https://detail.1688.com/offer/727089188052.html?kj_agent_plugin=aliprice&fromkv=xytTrace:0","P1","07-17","126897624710","12.95","","20-40美金","20-40单","中价品"
"1","Momo 14英寸（350毫米）方向盘,优质柔软PU皮革,4辐,黑色。","Momo 14英寸（350毫米）方向盘,优质柔软PU皮革,4辐,黑色。","12.9","","https://TH.xiapibuy.com/product/144257507/12349083489","汽车内饰配件","方向盘及方向盘套","IVCN2026051316719","113851781814","https://detail.1688.com/offer/590958601558.html?","P1","07-17","113851781814","12.9","","20-40美金","20-40单","高价品"
"1","（免运费）台扇、插电式风扇、夹式风扇、摇头风扇,直径 9.5 英寸。","ZW02-180（粉色夹子）","12.86","https://cf.shopee.co.th/file/th-11134207-7rasg-m9u0kix9v23ked","https://TH.xiapibuy.com/product/1044955776/27976870688","汽车内饰配件","其他的","IVCN2026071013466","280090159981","相似款：https://detail.1688.com/offer/644353843351.html?kj_agent_plugin=aliprice&fromkv=xytTrace:0","P1","07-17","280090159981","12.86","","20-40美金","20-40单","高价品"
"1","车载逆变器 12V 24V 转 220V 卡车电源转换器","升级版","12.83","https://cf.shopee.ph/file/cn-11134207-7ras8-ma3vb48c4ou4ac","https://PH.xiapibuy.com/product/946590885/26086930546","汽车内饰配件","USB充电器、FM和蓝牙发射器","IVCN202508285700","295158165895","https://detail.1688.com/offer/864602792103.html?fromkv=cbuPcPlugin:imageSearchDrawerCard&spm=a2639h.29135425.offerlist.i2&source=action%23offerItem%3Borigin%23cf.shopee.ph&amug_biz=oneself&amug_fl_src=awakeId_982","P1","07-17","295158165895","12.83","","40-60美金","20-40单","中价品"
"1","Agya Ayla 后窗饰条镀铬 JSL","Agya Ayla 后窗饰条镀铬 JSL","12.77","","https://MY.xiapibuy.com/product/264645588/3635452308","汽车外饰配件","其他的","IVCN202607108266","51163933498","无同款","P1","07-17","51163933498","12.77","","20-40美金","20-40单","高价品"
"2","夏季透气汽车座椅套 通用超薄PU皮革前后座垫 豪华汽车内饰保护配件","黑色（前排 1 件）","12.69","https://cf.shopee.sg/file/sg-11134201-7rdx7-mcgiiszmlrxzfa","https://SG.xiapibuy.com/product/1510756637/27938899004","汽车内饰配件","座椅及座椅套","IVCN202607108292","270781474288","https://detail.1688.com/offer/1046986065679.html?fromkv=cbuPcPlugin:imageSearchDrawerCard&spm=a2639h.29135425.offerlist.i2&source=action%23offerItem%3Borigin%23cf.shopee.sg&amug_biz=oneself&amug_fl_src=awakeId_982","P1","07-17","270781474288","12.69","","20-40美金","20-40单","高价品"
"1","高品质160毫升车载香水多功能香氛空气清新剂智能扩散器除臭家居清新剂","薰衣草","12.68","https://cf.shopee.ph/file/cn-11134207-7r98o-lmvfst0wpe02f1","https://PH.xiapibuy.com/product/946590885/19994188299","汽车内饰配件","香水、空气清新剂和净化器","IVCN2025020816042","194653157370","https://detail.1688.com/offer/771009471461.html?kj_agent_plugin=aliprice&fromkv=xytTrace%3A0&tracelog=cps&clickid=190a2c8eee508a32d0b2ed1a5db77844","P1","07-17","194653157370","12.68","","20-40美金","20-40单","中价品"
"1","12V汽车暖风机除霜器快速加热除霜除雾","12伏","12.66","https://cf.shopee.com.br/file/sg-11134201-824ib-metsldlyv37m86","https://BR.xiapibuy.com/product/288604041/40969996912","汽车内饰配件","其他的","IVCN2026061510663","179070484943","https://detail.1688.com/offer/991217499349.html?spm=a26352.b28411319/2508.0.0","P1","07-17","179070484943","12.66","","20-40美金","20-40单","高价品"
"1","福特 Everest 前后雨刮片套装（适用于 2016-2022 年款 Everest 车型,3 件装）。","Everest 前挡风玻璃雨刮器","12.66","https://cf.shopee.co.th/file/0b09670bf9a19f8445e52b3afea83b07","https://TH.xiapibuy.com/product/574743492/18936305305","汽车零部件","挡风玻璃雨刮器和清洗器","IVCN2026051322109","164131867266","相似款：https://detail.1688.com/offer/846141128969.html?kj_agent_plugin=aliprice&fromkv=xytTrace:212b969a17539465694747364e0d41&token=%2FB%2BVpNPFaoV2tZ4VJDPhBqWL%2BffdJq1wGJgnMr3FSIGqMScMOQekhLpMbGJpCmcjhttps://detail.1688.com/offer/707310700193.html?kj_agent_plugin=aliprice&fromkv=xytTrace:21365bc417539470140787699e0e25&token=D5X2srwf3mkCq2A50qnnqYIxROnmugudLl3McU9g6Ge1K5IHyypU9OFxMrVroNt9","P1","07-17","164131867266","12.66","","20-40美金","20-40单","高价品"
"1","适用于2012-2019款日产Almera和丰田Avanza的车窗遮阳板/车门遮阳板,共4件,含粘合剂。车门遮阳板饰条/车窗遮阳板饰条。","2012-2019 黑色","12.61","https://cf.shopee.co.th/file/th-11134207-81ztm-mk7y62ibp6h395","https://TH.xiapibuy.com/product/1340560374/53305714511","汽车外饰配件","其他的","IVCN2026071011532","430518095001","相似款：https://detail.1688.com/offer/1035536800465.html?spm=a26352.b28411319/2508.0.0","P1","07-17","430518095001","12.61","","20-40美金","20-40单","高价品"
"1","TCSPERODUA MYVI GEN3 2018-2026+ 汽车门把手装饰盖配件 1 套 4 件","亮黑色,无钥匙启动","12.57","https://cf.shopee.com.my/file/my-11134207-7rask-m52o7egg74a1c3","https://MY.xiapibuy.com/product/982307844/21687988454","汽车外饰配件","装饰","IVCN202606156287","59300988138","https://detail.1688.com/offer/738707630327.html?kj_agent_plugin=aliprice&fromkv=xytTrace:0","P1","07-17","59300988138","12.57","","20-40美金","20-40单","高价品"
"1","麂皮绒自粘布 50x140厘米（0.6毫米） - 适用于汽车内饰DIY、方向盘套、沙发翻新、家具升级","黑色,50厘米 x 140厘米","12.53","https://cf.shopee.com.my/file/cn-11134207-7ras8-mdsec82pygzo0e","https://MY.xiapibuy.com/product/1107892027/41203304036","汽车内饰配件","其他的","IVCN202512226898","275274104727","相似款：https://detail.1688.com/offer/891097542326.html?kj_agent_plugin=aliprice&fromkv=xytTrace:0bf8ca8917663774216721987e102e&token=D0euL0T1eFVxWSAmqbllswxxeLH2hK3lK7KiST8jv1mq1z8QmadhYd1wJLT8DPDp","P0","07-17","275274104727","12.53","","20-40美金","20-40单","高价品"
"2","2个Y6 Y7大功率汽车LED H4大灯投影灯泡,超亮聚光灯CSP 130W 18000LM迷你摩托车灯泡,带透镜切线6000k,即插即用","Y6-H4-55W","12.53","https://cf.shopee.com.my/file/cn-11134207-7r98o-lvyh5vdz6alf33","https://MY.xiapibuy.com/product/142124155/15866439853","汽车零部件","电子","IVCN2026051322779","171230851811","https://detail.1688.com/offer/661145484049.html?kj_agent_plugin=aliprice&fromkv=xytTrace%3A212b5ecd17417497916515852e1576&token=oTcee71XOQ05UvEY2oUuOpFITpnLV6FjnmhlzQTVDtNtPolCuJk5O%2FVLm4W0BL2n&tracelog=cps&clickid=84bb8d0715c6656112f5a6aa56069ddd","P1","07-17","171230851811","12.53","","20-40美金","20-40单","高价品"
"1","车载手机支架,吸盘式手机支架。兼容平板电脑和手机。支持7-15英寸设备。","车载手机支架,吸盘式手机支架。兼容平板电脑和手机。支持7-15英寸设备。","12.5","","https://TH.xiapibuy.com/product/1273176802/44275282712","汽车内饰配件","手机支架","IVCN202604231889","244052718811","https://detail.1688.com/offer/834348477208.html?kj_agent_plugin=aliprice&fromkv=xytTrace%3A2108837b17660556604636700e0f4a&token=UWSGOfSBTU2jDyOsxTeqzn%2BxeRhpjuJ4xO%2B1Vn3lalvYe3OGjUmLi3qmLYX5W58O&tracelog=cps&clickid=73e129698e16732566679a5ec25f96f7&targetUrl=https%3A%2F%2Fs.click.1688.com%2Ft%3Fe%3DD2DC7A927D55C03D6511A0CCA913FD65D6FA062685DFF8F7D920A558D1D5758C4B369BE324A83E744B8F19128B0D93E33FB8088B45F57B9E47F28FD2CC0E231B18AD4F779334558760FEF997084D4D5331EB6FC8DBCADED4C6C8CEEEE21320CC4BD39EA2FE12E3B1D24E0CC14DD2AFC0983A5FA9A5C761CB1331DDC4753847ADEA5DD589B13E2FE9348394BC3CC3C62B9992F8828C4BE89256C16CD82A6C9D11A1BDDFF767C7462598B7A92E1C2039C154F9AC9F98B6E7638DCFD68D7EEBE48D8A044885D46E21E7340F8871851434C192A9831F1B2DECA4D76C230382231265029142C06A9DEB851CF6E469F3ABC9DA%26cbu_cps_trace_flag%3Dwrite","P0","07-17","244052718811","12.5","","20-40美金","20-40单","中价品"
"4","高品质160毫升车载香水多功能香氛空气清新剂智能扩散器除臭家居清新剂","海洋","12.49","https://cf.shopee.ph/file/cn-11134207-7r98o-lmvfst0wl6aq9b","https://PH.xiapibuy.com/product/946590885/19994188299","汽车内饰配件","香水、空气清新剂和净化器","IVCN2026061511055","187102950195","https://detail.1688.com/offer/771009471461.html?kj_agent_plugin=aliprice&fromkv=xytTrace%3A0&tracelog=cps&clickid=190a2c8eee508a32d0b2ed1a5db77844","P1","07-17","187102950195","12.49","","60-80美金","20-40单","中价品"
"1","纳帕皮革汽车头枕颈部支撑柔软舒适汽车颈枕记忆棉可调节/可水洗","黑色-2件装","12.48","https://cf.shopee.vn/file/sg-11134201-7rdvy-m1njwbhl5xmed8","https://VN.xiapibuy.com/product/399403839/27814808175","汽车内饰配件","座椅头枕和靠背","IVCN202607109014","195481974262","https://detail.1688.com/offer/837756640347.html?fromkv=cbuPcPlugin:imageSearchDrawerCard&spm=a2639h.29135425.offerlist.i1&source=action%23offerItem%3Borigin%23cf.shopee.vn&amug_biz=oneself&amug_fl_src=awakeId_982","P1","07-17","195481974262","12.48","","20-40美金","20-40单","高价品"
"1","适用于 STRADA TRITON、三菱等多种车型的 SS-1530 型自动启动电机。","SS-1530","12.45","https://cf.shopee.co.th/file/th-11134207-81ztd-mjiaaehj2i9we3","https://TH.xiapibuy.com/product/1299464874/28060073762","汽车零部件","电子","IVCN202607107634","246521224113","相似款：https://detail.1688.com/offer/736931945996.html?fromkv=cbuPcPlugin:imageSearchDrawerCard&spm=a2639h.29135425.offerlist.i3&source=action%23offerItem%3Borigin%23shopee.co.th&amug_biz=oneself&amug_fl_src=awakeId_982","P1","07-17","246521224113","12.45","","20-40美金","20-40单","高价品"
"1","虹吸软管,吸油软管[钢丝增强软管],用于灌油,耐热,防锈吸头,黄铜阀门,防锈 - [泰国发货]","4英寸完整套装","12.44","https://cf.shopee.co.th/file/th-11134207-7rasg-m21c7d6rsyxi72","https://TH.xiapibuy.com/product/51809782/26516185771","其他的","","IVCN2026021112353","233404327700","相似款：https://detail.1688.com/offer/742199099606.html?kj_agent_plugin=aliprice&fromkv=xytTrace:2166083e17457425355907381e1803&token=RQzkcW6cX8z6KH3GYsOdfkIij8FAEqbG1aWVsyFjoS3rM8io91uP6yasCsjJJL87","P0","07-17","233404327700","12.44","","20-40美金","20-40单","高价品"
"3","虹吸软管,吸油软管[钢丝增强软管],用于灌油,耐热,防锈吸头,黄铜阀门,防锈 - [泰国发货]","1英寸+2米电缆","12.44","https://cf.shopee.co.th/file/th-11134207-7rasi-m21c73o3qf2h62","https://TH.xiapibuy.com/product/51809782/26516185771","其他的","","IVCN202607107996","233404327699","https://detail.1688.com/offer/742199099606.html?kj_agent_plugin=aliprice&fromkv=xytTrace:2166083e17457425355907381e1803&token=RQzkcW6cX8z6KH3GYsOdfkIij8FAEqbG1aWVsyFjoS3rM8io91uP6yasCsjJJL87","P0","07-17","233404327699","12.44","","20-40美金","20-40单","高价品"
"1","通用型车载风扇 12V/24V 电动三头汽车风扇 360° 可调风量 低噪音","3个12V黄色风扇套装","12.41","https://cf.shopee.ph/file/ph-11134207-7rasa-m0i7qokq87la9e","https://PH.xiapibuy.com/product/335188817/21060078268","汽车内饰配件","其他的","IVCN202506245080","88741440756","https://detail.1688.com/offer/700187680540.html?kj_agent_plugin=aliprice&fromkv=xytTrace:213d974117373586900642970e1310&token=GhNGTpR%2BQ%2F7622nyc6nE3jC2GIqXiblSc10VcDc2Mnlj5bUZuTq5vddL07G7dIRX https://detail.1688.com/offer/705712413586.html?kj_agent_plugin=aliprice&fromkv=xytTrace:0","P1","07-17","88741440756","12.41","","40-60美金","20-40单","高价品"
"2","汽车橡胶密封条 车顶窗密封条 汽车橡胶密封胶贴纸配件 防尘防水","35毫米*8米","12.41","https://cf.shopee.com.my/file/cn-11134207-820l4-mi2v7hstz6di4d","https://MY.xiapibuy.com/product/167160789/6850440606","汽车外饰配件","其他的","IVCN202606155691","325276951168","相似款：https://detail.1688.com/offer/1033709749220.html?fromkv=cbuPcPlugin:imageSearchDrawerCard&spm=a2639h.29135425.offerlist.i8&source=action%23offerItem%3Borigin%23cf.shopee.com.my&amug_biz=oneself&amug_fl_src=awakeId_982","P1","07-17","325276951168","12.41","","20-40美金","20-40单","高价品"
"1","铝合金锻造弹簧侧支架。适用于 Wave、Dream、Sonic、Dash、Nova、Click、LS（加厚版）的侧支架。低位支架。适用于 Wave 110i 的支架。","银色 - 20.5厘米","12.38","https://cf.shopee.co.th/file/th-11134207-81ztc-mlmwyrnq6n0k78","https://TH.xiapibuy.com/product/1040024433/42168210559","汽车外饰配件","车牌配件","IVCN2026061516179","261496884776","https://detail.1688.com/offer/982997367147.html?kj_agent_plugin=aliprice&fromkv=xytTrace:0b5681be17694881105591873e106d&token=KFsDPKSCfukMWPhCKa6CkMW64kxiYRZIlFS9t1I1bP%2BvaghqvIGmJSqCQVj%2FKhRv","P1","07-17","261496884776","12.38","","20-40美金","20-40单","中价品"
"1","长臂通用车载手机支架挡风玻璃安装式车载手机支架 2024","长臂车载支架","12.3","https://cf.shopee.com.my/file/09dc6249d1d036b947a6ba4ee08a9746","https://MY.xiapibuy.com/product/255122315/11607668783","汽车内饰配件","手机支架","IVCN2026051311885","65677949374","https://detail.1688.com/offer/570451997648.html?fromkv=cbuPcPlugin:imageSearchDrawerCard&spm=a2639h.29135425.offerlist.i2&source=action%23offerItem%3Borigin%23cf.shopee.com.my&amug_biz=oneself&amug_fl_src=awakeId_982","P1","07-17","65677949374","12.3","","20-40美金","20-40单","中价品"
"1","适用于 Captiva C140 的换挡杆防尘罩,适用于 2011-2017 款 Captiva 车型的换挡杆盖。","适用于 Captiva C140 的换挡杆防尘罩,适用于 2011-2017 款 Captiva 车型的换挡杆盖。","12.3","","https://TH.xiapibuy.com/product/283721754/27106381467","汽车内饰配件","踏板和变速杆","IVCN2026061515779","256273499201","","P1","07-17","256273499201","12.3","","20-40美金","20-40单","中价品"
"1","三菱帕杰罗Triton自动挡齿轮衬套不锈钢黄铜","三菱帕杰罗Triton自动挡齿轮衬套不锈钢黄铜","12.27","","https://PH.xiapibuy.com/product/750515103/19995321839","汽车零部件","其他的","IVCN202606158539","128793834043","无同款","P1","07-17","128793834043","12.27","","20-40美金","20-40单","中价品"
"1","货物网,防止物品掉落,皮卡车货物网。","3*4米","12.26","https://cf.shopee.co.th/file/3559d9c1b15f212fb0e94cfb65b0bf22","https://TH.xiapibuy.com/product/23311916/7438139249","汽车外饰配件","封面","IVCN2026071014434","19698165718","https://detail.1688.com/offer/1010414548478.html?spm=a26352.b28411319/2508.0.0","P1","07-17","19698165718","12.26","","20-40美金","20-40单","高价品"
"1","Carstorm 2012-2019 三菱 Mirage (9英寸) 适配器框架车载收音机音响安卓车载播放器改装","2012-2019（9英寸）","12.19","https://cf.shopee.ph/file/cn-11134207-820l4-mjqtoodwe41ta9","https://PH.xiapibuy.com/product/991254198/46405027482","汽车内饰配件","导航和AV接收器","IVCN202607107730","375462102637","相似款：https://detail.1688.com/offer/1030945703836.html?fromkv=cbuPcPlugin:imageSearchDrawerCard&spm=a2639h.29135425.offerlist.i1&source=action%23offerItem%3Borigin%23cf.shopee.ph&amug_biz=oneself&amug_fl_src=awakeId_982","P1","07-17","375462102637","12.19","","20-40美金","20-40单","高价品"
"1","中控台装饰条中间通道 1J1863201D 1j1863201golf 带 L 饰面","中控台装饰条中间通道 1J1863201D 1j1863201golf 带 L 饰面","12.15","","https://BR.xiapibuy.com/product/295437088/28891130700","汽车内饰配件","其他的","IVCN2026041045775","291441793546","https://detail.1688.com/offer/862663130163.html?fromkv=cbuPcPlugin:imageSearchDrawerCard&spm=a2639h.29135425.offerlist.i0&source=action%23offerItem%3Borigin%23shopee.com.br&amug_biz=oneself&amug_fl_src=awakeId_982","P1","07-17","291441793546","12.15","","100-300美金","20-40单","高价品"
"1","比亚迪汽车座椅靠背防踢皮革保护套储物盒后排防磨损垫适用于海豚Atto 3/6/7 M6 Seal U Han EV Seagull","比亚迪 - 黑色,1 件","12.11","https://cf.shopee.ph/file/sg-11134201-7rfhh-m9lb5y3gm17m10","https://PH.xiapibuy.com/product/427611263/43050418648","汽车内饰配件","座椅及座椅套","IVCN2026061512371","208513847112","相似款：https://detail.1688.com/offer/899171080025.html?fromkv=cbuPcPlugin:imageSearchDrawerCard&spm=a2639h.29135425.offerlist.i29&source=action%23offerItem%3Borigin%23cf.shopee.ph&amug_biz=oneself&amug_fl_src=awakeId_982","P1","07-17","208513847112","12.11","","20-40美金","20-40单","高价品"
"1","五十铃D-MAX曲轴传感器","五十铃D-MAX曲轴传感器","12.02","","https://TH.xiapibuy.com/product/226970846/13338192653","汽车零部件","其他的","IVCN2025111460071","121723936960","https://detail.1688.com/offer/717448452477.html?fromkv=cbuPcPlugin:imageSearchDrawerCard&spm=a2639h.29135425.offerlist.i0&source=action%23offerItem%3Borigin%23shopee.co.th&amug_biz=oneself&amug_fl_src=awakeId_982","P1","07-17","121723936960","12.02","","20-40美金","20-40单","高价品"
"1","高级超薄汽车座椅垫、汽车座椅套、汽车座椅垫套装、座椅垫、透气座椅垫、透气皮革汽车座椅垫。","棕色 - 前排座椅","12.01","https://cf.shopee.vn/file/sg-11134201-7repv-m8ngi428w8fb4f","https://VN.xiapibuy.com/product/904877201/29633702631","汽车内饰配件","座椅及座椅套","IVCN2026071011498","248201771190","https://detail.1688.com/offer/911775805619.html?fromkv=cbuPcPlugin:imageSearchDrawerCard&spm=a2639h.29135425.offerlist.i3&source=action%23offerItem%3Borigin%23cf.shopee.vn&amug_biz=oneself&amug_fl_src=awakeId_982","P1","07-17","248201771190","12.01","","20-40美金","20-40单","高价品"
"1","长城欧拉 5 电动车屏幕保护膜,2026 年款 - 目前 [长城欧拉 5] RACE GUARD ORA5","中央屏幕采用 9H 纳米玻璃。","12","https://cf.shopee.co.th/file/th-11134207-81ztf-mn584c0il0jo70","https://TH.xiapibuy.com/product/239204794/47358998259","汽车外饰配件","贴纸、标志和徽章","IVCN2026061518569","310797003071","https://detail.1688.com/offer/1009424394514.html?spm=a26352.13672862.offerlist.16.3bed1e62GSS8CO&offerId=1009424394514&sortType=&pageId=&abBizDataType=cbuOffer&hotSaleSkuId=6176268967330&trace_log=normal&uuid=1f3caddeb3de4abf9c5f6c8e14738ede&forcePC=1781598851123","P0","07-17","310797003071","12","","40-60美金","20-40单","高价品"
"1","[MUTIPS] 车载眼镜盒、太阳镜架、遮阳板收纳盒、内饰","大众汽车——这就是原因","12","https://cf.shopee.com.br/file/sg-11134201-7rdxn-mdbgkjfytatcc3","https://BR.xiapibuy.com/product/467431202/29239724927","汽车内饰配件","收纳盒和隔层","IVCN2026071012012","301035430788","相似款：https://detail.1688.com/offer/959433861065.html?fromkv=cbuPcPlugin:imageSearchDrawerCard&spm=a2639h.29135425.offerlist.i4&source=action%23offerItem%3Borigin%23cf.shopee.com.br&amug_biz=oneself&amug_fl_src=awakeId_982","P0","07-17","301035430788","12","","20-40美金","20-40单","高价品"
"1","🚀泰国发货🚀 83W 最大功率手机充电器插座,支持 PD30W 快充,22.5W 双 USB + Type-C 接口,4 端口防水适配器,带电压表","PD+QC3.0+3.1A（无线缆）","12","https://cf.shopee.co.th/file/cn-11134207-820l4-migsmcr8hg5e8b","https://TH.xiapibuy.com/product/120936268/42305292366","汽车内饰配件","USB充电器、FM和蓝牙发射器","IVCN2026061517503","287274411758","https://detail.1688.com/offer/901500684171.html?fromkv=cbuPcPlugin:imageSearchDrawerCard&spm=a2639h.29135425.offerlist.i0&source=action%23offerItem%3Borigin%23shopee.co.th&amug_biz=oneself&amug_fl_src=awakeId_982","P1","07-17","287274411758","12","","20-40美金","20-40单","中价品"
"1","4个60mm/65mm Volk Racing汽车轮毂中心盖 Rays Racing轮毂盖,适用于Rays TE37轮毂盖","4","12","https://cf.shopee.com.my/file/cn-11134207-820l4-mgq97lotslcf99","https://MY.xiapibuy.com/product/869009507/29803956074","汽车零部件","车轮、轮辋及配件","IVCN2025122211434","251100435171","https://detail.1688.com/offer/905819845557.html?kj_agent_plugin=aliprice&fromkv=xytTrace:0","P0","07-17","251100435171","12","","20-40美金","20-40单","中价品"
"1","汽车牌照框透明 6MM 超薄","2 件,15 英寸 x 5.5 英寸 标准","12","https://cf.shopee.ph/file/ph-11134207-7r990-lzyixiqy99iy52","https://PH.xiapibuy.com/product/181810857/22528838026","汽车外饰配件","车牌配件","IVCN202507295485","231119758167","相似款：https://detail.1688.com/offer/897112680227.html?kj_agent_plugin=aliprice&fromkv=xytTrace:0","P0","07-17","231119758167","12","","20-40美金","20-40单","高价品"
"1","吉利EX2仪表盘出风口盖,防止物品掉落。","吉利EX2仪表盘出风口盖,防止物品掉落。","12","","https://TH.xiapibuy.com/product/557126899/52457086464","汽车内饰配件","其他的","IVCN2026061512933","218813277244","https://detail.1688.com/offer/928135047289.html?spm=a26352.b28411319/2508.0.0","P0","07-17","218813277244","12","","20-40美金","20-40单","高价品"
"1","AIKKA 670 2K环氧底漆和固化剂 4:1/铁底漆","环氧底漆套装","11.96","https://cf.shopee.com.my/file/7d9ae89b2e0c355432a0d0abe84b9b5d","https://MY.xiapibuy.com/product/4123179/19522235987","汽车保养","抛光剂、涂层和密封剂","IVCN202602115789","145136906976","无同款","P1","07-17","145136906976","11.96","","20-40美金","20-40单","高价品"
"1","适用于 Avanza、Xenia、Lama 和 New Vvti 2004-2011 款的汽车中控台盒","黑色的","11.87","","https://PH.xiapibuy.com/product/468184860/43655169185","汽车内饰配件","收纳盒和隔层","IVCN2026071012072","290435757620","无同款","P1","07-17","290435757620","11.87","","20-40美金","20-40单","高价品"
"1","适用于汽车,可通过应用程序控制的 LED RGB 12V DRL（日间行车灯）,具有多色和遥控功能。","APP控制,60厘米","11.84","https://cf.shopee.co.th/file/th-11134207-7r98o-lz5md6wvr8a1fb","https://TH.xiapibuy.com/product/1119671837/26107255715","汽车零部件","电子","IVCN2026061513885","233076420307","https://detail.1688.com/offer/813436303368.html?kj_agent_plugin=aliprice&fromkv=xytTrace:2107d5f017397644041024735e1257&token=CSWYAaczkqF7FS29qbqeQOoBmgbqMeIi9ysdxUEqllsdHyBIjKLfCgHLvMVWTBC7","P1","07-17","233076420307","11.84","","20-40美金","20-40单","中价品"
"1","专为清洁和保养银色镀铬部件而设计的镀铬抛光剂,可有效去除污渍并恢复镀铬表面的光泽。","1 件【铬抛光膏】","11.8","https://cf.shopee.com.my/file/cn-11134207-7ras8-m8xes9j30jdp55","https://MY.xiapibuy.com/product/1420906586/26984631541","汽车保养","抛光剂、涂层和密封剂","IVCN202605133869","227736680133","无同款","P1","07-17","227736680133","11.8","","20-40美金","20-40单","中价品"
"1","包含图中所示的全套设备！SM2T 机油增压表（60-35 psi）,含图中所示配件。2 根长电缆,也可单独选择 SMT-01 手柄。","黑F腿熊猫,拨号60磅","11.8","https://cf.shopee.ph/file/th-11134207-7ras9-m86ak2hyvszgae","https://PH.xiapibuy.com/product/750483667/14477557378","汽车内饰配件","抬头显示器、速度表和仪表","IVCN2026071010790","159110958813","相似款：https://detail.1688.com/offer/763483156103.html?kj_agent_plugin=aliprice&fromkv=xytTrace:0","P0","07-17","159110958813","11.8","","20-40美金","20-40单","高价品"
"1","适用于五十铃 Mu-x（2020-2026）的防鼠板。304 2B 不锈钢防鼠板。","Mu-X 1 套","11.77","https://cf.shopee.co.th/file/th-11134207-81ztp-mjaomo4xhtdt9f","https://TH.xiapibuy.com/product/1044225273/28357241014","汽车零部件","其他的","IVCN2025111473415","251334515007","无同款","P1","07-17","251334515007","11.77","","20-40美金","20-40单","高价品"
"1","卡车用反光胶带,长50米,宽5厘米。粘性强,经久耐用,反光效果极佳。","黄色,50米","11.71","","https://TH.xiapibuy.com/product/1119671837/26826673061","汽车外饰配件","贴纸、标志和徽章","IVCN2026041038869","223820617459","https://detail.1688.com/offer/640889912694.html?kj_agent_plugin=aliprice&fromkv=xytTrace:0","P1","07-17","223820617459","11.71","","80-100美金","20-40单","中价品"
"1","Starlink Mini 支架 – 2 个加固型优质吸盘 – 防眩光膜 – 稳定、隐蔽、防刮擦","支持 V2 + 薄膜","11.65","https://cf.shopee.com.br/file/cn-11134207-820l4-mlbw9jlxlki0fe","https://BR.xiapibuy.com/product/1738547171/48907274552","汽车内饰配件","其他的","IVCN2026061519917","370646099500","相似款：https://detail.1688.com/offer/1028484344885.html?spm=a26352.b28411319/2508.0.0&cosite=-&tracelog=p4p&_p_isad=1&clickid=c0ddc898113349e9aa44fab3d2c1c3af&sessionid=2c943edb8a929cf374bd38a6291d2147","P1","07-17","370646099500","11.65","","20-40美金","20-40单","高价品"
"1","U型汽车方向盘锁 重型通用防盗锁 SUV卡车轿车锁 带2把钥匙","1个","11.6","https://cf.shopee.ph/file/sg-11134201-7qvfy-lhex8ygdiwrp8d","https://PH.xiapibuy.com/product/620419774/22944009553","汽车内饰配件","锁具与安防","IVCN202509129176","29385366889","相似款：https://detail.1688.com/offer/853210334397.html?spm=a26352.b28411319.offerlist.18.59881e62ySdsSf","P1","07-17","29385366889","11.6","","20-40美金","20-40单","中价品"
"1","二合一车载杯架手机支架,双磁吸式手机支架,带可调节长臂,通用车载饮料支架","1 磁性","11.58","https://cf.shopee.com.my/file/sg-11134201-81zvq-mmvcikh1f2m917","https://MY.xiapibuy.com/product/1000189454/41729904982","汽车内饰配件","手机支架","IVCN202607108464","400757042999","https://detail.1688.com/offer/1037108471786.html?fromkv=cbuPcPlugin:imageSearchDrawerCard&spm=a2639h.29135425.offerlist.i0&source=action%23offerItem%3Borigin%23shopee.com.my&amug_biz=oneself&amug_fl_src=awakeId_982","P1","07-17","400757042999","11.58","","20-40美金","20-40单","高价品"
"1","通用型进气滤清器隔热罩 汽车冷锥形运动空气滤清器罩 适用于 2.5 英寸至 3.5 英寸颈口 AF-1001","一件,水转印碳纤维图案","11.58","","https://PH.xiapibuy.com/product/865010681/18449538738","汽车零部件","发动机零件","IVCN2026031324638","145872102681","https://detail.1688.com/offer/655250050114.html?fromkv=cbuPcPlugin:imageSearchDrawerCard&spm=a2639h.29135425.offerlist.i0&source=action%23offerItem%3Borigin%23shopee.ph&amug_biz=oneself&amug_fl_src=awakeId_982","P1","07-17","145872102681","11.58","","20-40美金","20-40单","高价品"
"1","适用于丰田 Commuter ND 面包车的二极管面板,黑色外壳（Commuter D4D 2KD 2500CC 发动机,2011-2015 年 / Commuter D4D 1KD 3000CC 发动机,2011-2015 年）。","适用于丰田 Commuter ND 面包车的二极管面板,黑色外壳（Commuter D4D 2KD 2500CC 发动机,2011-2015 年 / Commuter D4D 1KD 3000CC 发动机,2011-2015 年）。","11.52","","https://TH.xiapibuy.com/product/479593186/11616636912","汽车零部件","发动机零件","IVCN2025111458221","93279020552","https://detail.1688.com/offer/802135704646.html?fromkv=cbuPcPlugin:imageSearchDrawerCard&spm=a2639h.29135425.offerlist.i8&source=action%23offerItem%3Borigin%23shopee.co.th&amug_biz=oneself&amug_fl_src=awakeId_982","P1","07-17","93279020552","11.52","","20-40美金","20-40单","高价品"
"1","适用于2012-2023款三菱Mirage和丰田Avanza的车门遮阳板/雨挡,4件套,带背胶。车门遮阳板饰条。","2012-2023 黑色","11.52","https://cf.shopee.co.th/file/th-11134207-81zto-mk7yrytnwgsh23","https://TH.xiapibuy.com/product/1340560374/51205727257","汽车外饰配件","其他的","IVCN2026051317309","340518134825","相似款：https://detail.1688.com/offer/889215854486.html?spm=a26352.b28411319/2508.0.0","P1","07-17","340518134825","11.52","","20-40美金","20-40单","高价品"
"1","TOOL 汽车座椅垫,透气可调节座椅垫,防滑皮革座椅垫,可抬高座椅,适合长途驾驶","黑色,6厘米","11.4","https://cf.shopee.vn/file/sg-11134201-7rfg9-m9u5l17memhld1","https://VN.xiapibuy.com/product/1120814970/44211073007","汽车内饰配件","座椅及座椅套","IVCN202607109822","260930404545","https://detail.1688.com/offer/976231126579.html?fromkv=cbuPcPlugin:imageSearchDrawerCard&spm=a2639h.29135425.offerlist.i0&source=action%23offerItem%3Borigin%23cf.shopee.vn&amug_biz=oneself&amug_fl_src=awakeId_982","P1","07-17","260930404545","11.4","","20-40美金","20-40单","高价品"
"1","刹车灯/侧标志灯/侧转向灯/信号灯/卡车灯/拖车灯 12V/24V","黑色圆形（1对）,24V","11.39","https://cf.shopee.co.th/file/th-11134207-7r98q-lwr09zyouhfz8c","https://TH.xiapibuy.com/product/96104669/25113119683","汽车零部件","电子","IVCN2026061514931","246055313809","","P1","07-17","246055313809","11.39","","20-40美金","20-40单","中价品"
"1","40A 12V 开/关开关继电器保险丝线束套件,适用于射灯","40A继电器开关保险丝","11.33","https://cf.shopee.co.th/file/th-11134207-7r98q-lrfmxmdogsq673","https://TH.xiapibuy.com/product/265140715/24612631641","汽车零部件","电子","IVCN2026071010408","187309824546","https://detail.1688.com/offer/613814083558.html?kj_agent_plugin=aliprice&fromkv=xytTrace:0","P1","07-17","187309824546","11.33","","20-40美金","20-40单","中价品"
"1","适用于2018年至今丰田Rush车型的雨刮片套装（前/后）,Kuapo wifer出品的RUSH汽车雨刮器（东南亚特供）","前雨刮器（一对）","11.2","https://cf.shopee.ph/file/634a3339236031087818350d49b38014","https://PH.xiapibuy.com/product/204372904/2955984788","汽车零部件","挡风玻璃雨刮器和清洗器","IVCN202606156509","65406932371","相似款：https://detail.1688.com/offer/624990686293.html?kj_agent_plugin=aliprice&fromkv=xytTrace%3A0&tracelog=cps&clickid=4a2396f65714bf08a4ac253316fe92b1&targetUrl=https%3A%2F%2Fs.click.1688.com%2Ft%3Fe%3DA6FEAF87A2FCFBDD05C1BD6ABB449CE46147FC88EA630CBAC31FEFBD3966EDE4DF88C915D5486E33D1003E749B3EAAA5861098A75E16F4D226600F2847DABD1A5F0FFA4FF39BCCC320D4625E68D0D47AF6FEC9241CC79F982F2298161E9E1CDC49E75B9F0DDFC41954839D773A482F96F950388F4567A8002F5BA02C87459C3F7EEF6D6099BA67CE089F770C23C101B74E0445140D021A1548D829C0A9868FC44FEA3D8BAC08021BD0451572FF2D1E9C30B8C0C1DB28428FC7333E38829895CCF220922853433C3A157D5C5D00B37D1FE75428ECC3DDB1227039B29A69FCFAB46FC0C324C8923BF8%26cbu_cps_trace_flag%3Dwrite","P0","07-17","65406932371","11.2","","20-40美金","20-40单","高价品"
"1","刹车灯/侧标志灯/侧转向灯/信号灯/卡车灯/拖车灯 12V/24V","黑色圆形（1对）,12V","11.18","https://cf.shopee.co.th/file/th-11134207-7r98q-lwr09zyouhfz8c","https://TH.xiapibuy.com/product/96104669/25113119683","汽车零部件","电子","IVCN2026071012062","236464262282","","P1","07-17","236464262282","11.18","","20-40美金","20-40单","中价品"
"1","ISTOR😺REARVIEW MIRROR CAR PHONE HOLDER/ REVERSE MIRROR DRIVING MOBILE CLIP /PEMEGANG TELEFON KERETA 望后镜手机支架 READY STOCK","ISTOR😺REARVIEW MIRROR CAR PHONE HOLDER/ REVERSE MIRROR DRIVING MOBILE CLIP /PEMEGANG TELEFON KERETA 望后镜手机支架 READY STOCK","11.18","","https://MY.xiapibuy.com/product/319083531/20548827650","汽车内饰配件","手机支架","IVCN2026071013760","164570304637","https://detail.1688.com/offer/721325901212.html?kj_agent_plugin=aliprice&fromkv=xytTrace%3A213371c017419405525576153e1358&token=t%2FhKniPlTtS7kIR2TpauGID4MPmp%2B2qyFZXheWdEvL8FBncRDpzuUR%2F6id9HoNkC&tracelog=cps&clickid=3de5bef991f83ea99c99cd57a45d70aa","P1","07-17","164570304637","11.18","","20-40美金","20-40单","中价品"
"1","🚘适用于所有车型。舒适真皮材质。🚘360度全包覆式汽车座椅套。汽车座椅套、汽车座椅保护套、汽车座椅罩。","2 个座位（红线）","11.12","https://cf.shopee.co.th/file/cn-11134207-820l4-megnz3lrj56qb7","https://TH.xiapibuy.com/product/1172569160/29303406137","汽车内饰配件","座椅及座椅套","IVCN202607108062","108388024124","https://detail.1688.com/offer/905582476721.html?spm=a261y.7663282.3002526303362591.2.25ee5b11KItE0x&sk=order&fromkv=cbuPcPlugin%3AimageSearchDrawerCard","P1","07-17","108388024124","11.12","","20-40美金","20-40单","高价品"
"1","CCD鱼眼镜头,180度广角,防水,适用于车载安装。","a1","11.11","","https://TH.xiapibuy.com/product/301032844/25989554624","汽车内饰配件","摄像机和停车摄像头","IVCN2026071012046","218073592981","https://detail.1688.com/offer/748534109380.html?fromkv=cbuPcPlugin:imageSearchDrawerCard&spm=a2639h.29135425.offerlist.i1&source=action%23offerItem%3Borigin%23shopee.co.th&amug_biz=oneself&amug_fl_src=awakeId_982","P1","07-17","218073592981","11.11","","20-40美金","20-40单","中价品"
"1","适用于丰田威驰、海拉克斯、Fortuner、三菱帕杰罗的H11雾灯线束,12V 40A继电器带LED开关","适用于丰田威驰、海拉克斯、Fortuner、三菱帕杰罗的H11雾灯线束,12V 40A继电器带LED开关","11.06","","https://PH.xiapibuy.com/product/955835210/21281751568","汽车零部件","电子","IVCN2026031325860","177748143552","相似款：https://detail.1688.com/offer/574267843895.html?kj_agent_plugin=aliprice&fromkv=xytTrace:212bc12a17561914501367628e0ee1&token=Xkxu0BpcuNOomDUkOKoYUghOc%2FC7W0FsHBoD6jkruSr2lP1QAqAXyyeAsmNKxiOT","P1","07-17","177748143552","11.06","","40-60美金","20-40单","中价品"
"1","仪表盘支架,带两个吸盘 + 加强型防眩光 Starlink Mini 黑色贴膜,防眩光","黑人支持","11.01","https://cf.shopee.com.br/file/cn-11134207-820l4-mpssr4f8u1ot80","https://BR.xiapibuy.com/product/1582998924/41930435823","汽车内饰配件","其他的","IVCN2026071012300","430855161025","https://detail.1688.com/offer/1036200737518.html?spm=a26352.b28411319/2508.0.0&cosite=-&tracelog=p4p&_p_isad=1&clickid=5e4a6c61af7948bdab91e1ece95ffede&sessionid=68aed7054a1f4ea9a63fb34dd67c1f8f","P1","07-17","430855161025","11.01","","100-300美金","20-40单","高价品"
"1","一对T10投影仪灯泡,支持CAN总线,6000K高亮度,6瓦","2个","11","https://cf.shopee.com.br/file/cn-11134207-820l4-mhucfwghprercd","https://BR.xiapibuy.com/product/1615206365/44853251339","汽车内饰配件","其他的","IVCN2026071011322","310402972829","https://detail.1688.com/offer/596392765813.html?spm=a26352.b28411319/2508.0.0&cosite=-&tracelog=p4p&_p_isad=1&clickid=3d79058814c44a40bfc9fc84fd15c1b4&sessionid=4fa720567c1b4a3aa29fa9ef5ae7f1d1","P0","07-17","310402972829","11","","20-40美金","20-40单","高价品"
"1","适用于 MU-X 2014-2021 的 4 件装 MUX 车窗密封条（外侧）。原装正品。","适用于 MU-X 2014-2021 的 4 件装 MUX 车窗密封条（外侧）。原装正品。","11","","https://TH.xiapibuy.com/product/881956821/28386189549","汽车外饰配件","其他的","IVCN2025122212656","248390575914","相似款：https://detail.1688.com/offer/974832294062.html?kj_agent_plugin=aliprice&fromkv=xytTrace:2133d7d417677659795922290e0de0&token=%2BhXMA3oJ%2FAd96uBtdAIeD9%2Fxux7wSZZxFs6vI5yq3Ft4hqD%2FjoHW4P%2BRIbupOH0d","P0","07-17","248390575914","11","","20-40美金","20-40单","高价品"
"1","7芯拖车电气连接器（原装正品,品质保证）飞利浦卡车/拖车电气连接器,7色,7芯电缆,公插头,母插座……","全套产品,飞利浦染发剂+洗发水。","11","https://cf.shopee.co.th/file/sg-11134201-82613-mk382zxaw6pwaf","https://TH.xiapibuy.com/product/427627739/17286959804","汽车零部件","电子","IVCN2026051322143","165056964125","相似款：https://detail.1688.com/offer/673974566896.html?spm=a261y.7663282.3002526303362591.2.1e831e39LgOKt4&sk=order&fromkv=cbuPcPlugin%3AimageSearchDrawerCard","P0","07-17","165056964125","11","","40-60美金","20-40单","高价品"
"1","SPMH重型轮胎压力表,带橡胶软管,适用于任何轿车和卡车轮胎,车辆轮胎压力测量仪器","SPMH重型轮胎压力表,带橡胶软管,适用于任何轿车和卡车轮胎,车辆轮胎压力测量仪器","11","","https://PH.xiapibuy.com/product/126253103/14551276344","汽车工具","轮胎压力检测器","IVCN2026051321863","160007222367","https://detail.1688.com/offer/814573896352.html?kj_agent_plugin=aliprice&fromkv=xytTrace:0bab14ad17622468892851473e0fbb&token=2QznPAIEux1EXDXTWAJJEUSZo5eQpXASae9I3t2X1BXh1oARwMmgtbicA5nb2XFF","P0","07-17","160007222367","11","","20-40美金","20-40单","中价品"
"1","铝合金锻造弹簧侧支架。适用于 Wave、Dream、Sonic、Dash、Nova、Click、LS（加厚版）的侧支架。低位支架。适用于 Wave 110i 的支架。","银色 - 18厘米","10.97","https://cf.shopee.co.th/file/th-11134207-81ztm-mlmwyqom2c5r1a","https://TH.xiapibuy.com/product/1040024433/42168210559","汽车外饰配件","车牌配件","IVCN2026041043701","261496884775","https://detail.1688.com/offer/937353275913.html?kj_agent_plugin=aliprice&fromkv=xytTrace:212b9de517676692710652388e1036&token=92nzsb2gpqjiK1IJAG03EwEDshpGVvOvnXva%2BNCONkAkwGgCsnxy2pu%2FBV4A2CcR","P1","07-17","261496884775","10.97","","20-40美金","20-40单","中价品"
"1","💥泰国发货💥 电动汽车充电器支架,配备耐用的欧盟标准2型挂钩。电缆挂架和充电器支架,兼容所有电动汽车品牌。可收纳充电头并插入插头。","1件","10.97","https://cf.shopee.co.th/file/cn-11134207-7ras8-majsplni7kzh03","https://TH.xiapibuy.com/product/1474054608/41001503237","其他的","","IVCN202605131929","208524860463","https://detail.1688.com/offer/861509610056.html?spm=a26352.b28411319.offerlist.74.92141e62MtyG70","P1","07-17","208524860463","10.97","","40-60美金","20-40单","中价品"
"1","🔥2026新款,加厚牛津布🔥 HANFAN汽车罩,轿车罩,防晒防雨","全封闭式轿车,600D 顶级车型。","10.96","https://cf.shopee.co.th/file/th-11134207-81ztl-mfxemaamt0y39a","https://TH.xiapibuy.com/product/872428519/21350272125","汽车外饰配件","封面","IVCN202607109582","59595338481","https://detail.1688.com/offer/708860161178.html?kj_agent_plugin=aliprice&fromkv=xytTrace:0bf89a7417743372123551825e10f2&token=CmimzvYaThE56uSmFNKeYqjUuZoqU1kjqfZGXij6EvN990FIya31L4ayExyktw4n","P1","07-17","59595338481","10.96","","20-40美金","20-40单","高价品"
"2","12/24V LED汽车卡车灯 RGB闪烁卡车LED灯条,适用于拖车、货车、房车装饰和行驶警示,5050SMD频闪流光LED灯条","12V,2.4M（1个）","10.94","","https://PH.xiapibuy.com/product/716742590/21778048854","汽车零部件","电子","IVCN2026051315351","231432840960","https://detail.1688.com/offer/750553579701.html?kj_agent_plugin=aliprice&fromkv=xytTrace:0bbb04ba17397814439468161e1529&token=Ay0OGFnO04VXfLFxHnNCnj48vq5Vjijk8HnPzsIFh2FiXwRBE7OQx3RrOSr8eGWx","P1","07-17","231432840960","10.94","","20-40美金","20-40单","高价品"
"1","🚀泰国发货🚀 QC3.0车载点烟器插座适配器 12-24V 双USB QC3.0 4.8A车载充电器 快速充电 支持蓝牙通话/U盘音乐 4.8A/90W","双USB 4.2A + QC3.0","10.92","https://cf.shopee.co.th/file/cn-11134207-7r98o-lqn48kajlmph96","https://TH.xiapibuy.com/product/120936268/25459169488","汽车内饰配件","USB充电器、FM和蓝牙发射器","IVCN2026071013508","137828614083","https://detail.1688.com/offer/820156816423.html?kj_agent_plugin=aliprice&fromkv=xytTrace:0","P1","07-17","137828614083","10.92","","20-40美金","20-40单","中价品"
"1","吉利EX2中央控制面板遮阳罩和防反射膜 | 保护设备并提高安全性 | 内饰配件","黑色的","10.9","https://cf.shopee.co.th/file/th-11134207-81ztj-mo3q9t6otjic17","https://TH.xiapibuy.com/product/1281957010/41679091470","汽车内饰配件","地毯和垫子","IVCN2026061516265","262438611002","无同款","P1","07-17","262438611002","10.9","","20-40美金","20-40单","高价品"
"1","PD花纹人造革,PU/PVC人造革,尺寸：50x137厘米、100x137厘米、200x137厘米,厚度：0.6毫米。PVC皮革,适用于家具装饰、沙发维修、DIY项目。","200 x 137 厘米,带背胶。","10.89","https://cf.shopee.co.th/file/th-11134207-81zto-mpsu1j3d6bd7af","https://TH.xiapibuy.com/product/368104632/18292630418","汽车内饰配件","座椅及座椅套","IVCN202607108022","267719720506","相似款：https://detail.1688.com/offer/974992091994.html?spm=a261y.7663282.3002526303362591.2.3bfb4e7eybkYEi&sk=order&fromkv=cbuPcPlugin%3AimageSearchDrawerCard","P1","07-17","267719720506","10.89","","20-40美金","20-40单","高价品"
"8","防水汽车牌照框,欧式和日式款式（前后车牌框一对）。","S+S 黑色带白色线条","10.84","https://cf.shopee.co.th/file/th-11134207-7rasa-m5tur4nvp0vqc5","https://TH.xiapibuy.com/product/119954740/12272830809","汽车外饰配件","车牌配件","IVCN202606158859","137977707460","https://detail.1688.com/offer/608104297635.html?spm=a26352.13672862.offerlist.83.2a551e62ZNPare","P1","07-17","137977707460","10.84","","20-40美金","20-40单","中价品"
"8","防水汽车牌照框,欧式和日式款式（前后车牌框一对）。","S+S 全黑","10.84","https://cf.shopee.co.th/file/th-11134207-7rask-m5tuqksatl4a4c","https://TH.xiapibuy.com/product/119954740/12272830809","汽车外饰配件","车牌配件","IVCN202606158859","137977707459","https://detail.1688.com/offer/659434780302.html?kj_agent_plugin=aliprice&fromkv=xytTrace:2166887017395150118327157e11e7&token=VHi2tfnf8%2ByOZ0zyYbcfeerOyLukkMBobsA7Wvqo8oIx2CcUmlYs%2BaJgHV0WF%2FVz","P1","07-17","137977707459","10.84","","20-40美金","20-40单","中价品"
"1","【我的配送】ROCKBROS 自行车工具套装扳手 柔性铝合金 72齿 便携式 山地车 公路车维修工具","工具","10.8","https://cf.shopee.com.my/file/cn-11134207-7r98o-lpiplfkif0jja1","https://MY.xiapibuy.com/product/12995315/20196087714","汽车工具","测试、诊断和维修工具","IVCN2026041036095","168003587582","https://detail.1688.com/offer/830961375372.html?kj_agent_plugin=aliprice&fromkv=xytTrace:2104999217500544961293494e1522&token=7iKJalgyWaBBv8baWYYCadjJjIfI0sytQ%2B1sk%2FN1grvNBfV8H4W7mwo4ttFAwE4v","P1","07-17","168003587582","10.8","","20-40美金","20-40单","高价品"
"1","超棒的产品……超值！！！车载衣架","超棒的产品……超值！！！车载衣架","10.73","","https://TH.xiapibuy.com/product/297372084/24400325658","汽车内饰配件","收纳盒和隔层","IVCN2026071011826","184733050687","https://detail.1688.com/offer/729570250131.html?kj_agent_plugin=aliprice&fromkv=xytTrace:0","P1","07-17","184733050687","10.73","","80-100美金","20-40单","中价品"
"1","【旋转飞行员熊】车载空气清新剂 | 螺旋桨造型出风口夹 | 持久留香 | 可爱汽车装饰","草莓熊+6件","10.67","https://cf.shopee.com.my/file/sg-11134201-7rdwf-lzau35g5dekn9d","https://MY.xiapibuy.com/product/1320890169/27308958064","汽车内饰配件","香水、空气清新剂和净化器","IVCN202508282518","256451078294","相似款：https://detail.1688.com/offer/684285712796.html?fromkv=cbuPcPlugin:imageSearchDrawerCard&spm=a2639h.29135425.offerlist.i0&source=action%23offerItem%3Borigin%23shopee.com.my&amug_biz=oneself&amug_fl_src=awakeId_982 https://detail.1688.com/offer/921302312935.html?fromkv=cbuPcPlugin:imageSearchDrawerCard&spm=a2639h.29135425.offerlist.i21&source=action%23offerItem%3Borigin%23shopee.com.my&amug_biz=oneself&amug_fl_src=awakeId_984","P1","07-17","256451078294","10.67","","20-40美金","20-40单","中价品"
"1","【泰国发货】60公斤车载晾衣架,后座晾衣架,可折叠晾衣杆,高承重","🔥可承重60公斤。","10.65","https://cf.shopee.co.th/file/th-11134207-7ras9-m2w5nyhjwpqk08","https://TH.xiapibuy.com/product/1028872403/18892329445","汽车内饰配件","收纳盒和隔层","IVCN202605133105","222429497535","https://detail.1688.com/offer/884152343078.html?spm=a26352.b28411319/2508.0.0","P1","07-17","222429497535","10.65","","20-40美金","20-40单","高价品"
"1","BOOM 汽车座椅垫 - 加厚记忆棉,透气舒适,提升驾乘舒适度","因此,10厘米","10.64","https://cf.shopee.com.br/file/sg-11134201-7rata-mae5z3y4qes1a5","https://BR.xiapibuy.com/product/427553564/25945391075","汽车内饰配件","座椅及座椅套","IVCN2026041045931","295229546801","https://detail.1688.com/offer/854406306489.html?kj_agent_plugin=aliprice&fromkv=xytTrace%3A0&tracelog=cps&clickid=dc948da792a6e59fe7fdfda277d74992&targetUrl=https%3A%2F%2Fs.click.1688.com%2Ft%3Fe%3DA6FEAF87A2FCFBDD05C1BD6ABB449CE46147FC88EA630CBAC31FEFBD3966EDE4DF88C915D5486E33D1003E749B3EAAA5861098A75E16F4D226600F2847DABD1A5F0FFA4FF39BCCC320D4625E68D0D47AF6FEC9241CC79F982F2298161E9E1CDC647DB51A97936BD5F83647F0B0989082DDD68BA75746167D914B587945FCB4AA7EEF6D6099BA67CE089F770C23C101B7EFCADD37623FA389477B75C69671C2856C91C3A2C81F338F9CE5B0FADCC5500EEDB140ADC43B0666C46DC6B20068EE01F220922853433C3A319A217AA52BA634076EFAF67688D507FA202E701BC5B28936EBCF8408EAA66C%26cbu_cps_trace_flag%3Dwrite","P1","07-17","295229546801","10.64","","20-40美金","20-40单","高价品"
"1","适用于 Sealion 6 DM-i 魔幻空间隔层系列 ABS+PVC 质感 保持整洁 防水 耐磨","上查林区","10.63","https://cf.shopee.ph/file/sg-11134201-7rdvk-lyxuy8ee7cz887","https://PH.xiapibuy.com/product/1016803403/26357908500","汽车内饰配件","收纳盒和隔层","IVCN202512224396","246380803876","相似款：https://detail.1688.com/offer/735625654117.html?kj_agent_plugin=aliprice&fromkv=xytTrace:0","P1","07-17","246380803876","10.63","","20-40美金","20-40单","中价品"
"1","MOTUS 空调清洁泡沫,空调清洁喷雾,空调泡沫喷雾。","3瓶","10.55","https://cf.shopee.co.th/file/th-11134207-81ztf-meteqd2wy5fr37","https://TH.xiapibuy.com/product/1269084543/43519880428","汽车保养","室内护理","IVCN2026031332034","306625303679","https://detail.1688.com/offer/598354692008.html?fromkv=cbuPcPlugin:imageSearchDrawerCard&spm=a2639h.29135425.offerlist.i0&source=action%23offerItem%3Borigin%23shopee.co.th&amug_biz=oneself&amug_fl_src=awakeId_982","P1","07-17","306625303679","10.55","","20-40美金","20-40单","中价品"
"1","L形弯曲气流管道。","D-Max 下部插头,裸露管道,L 形弯管工程。","10.5","https://cf.shopee.co.th/file/th-11134207-7ra0j-mdbiythldiv998","https://TH.xiapibuy.com/product/83193532/29704722960","汽车零部件","发动机零件","IVCN2026041046049","296024488541","相似款：https://detail.1688.com/offer/726753617532.html?fromkv=cbuPcPlugin:imageSearchDrawerCard&spm=a2639h.29135425.offerlist.i10&source=action%23offerItem%3Borigin%23shopee.co.th&amug_biz=oneself&amug_fl_src=awakeId_982","P0","07-17","296024488541","10.5","","20-40美金","20-40单","高价品"
"1","🔥高可见度反光胶带,适用于卡车,长45米,宽5厘米。100%符合运输检查要求。粘性强,经久耐用,反光效果极佳。","5厘米*45米","10.5","https://cf.shopee.co.th/file/th-11134207-81ztf-mh7dzqp9uvinaa","https://TH.xiapibuy.com/product/1179482720/25226094914","汽车外饰配件","贴纸、标志和徽章","IVCN2026041040889","240698254676","https://detail.1688.com/offer/901766149420.html?kj_agent_plugin=aliprice&fromkv=xytTrace:0","P1","07-17","240698254676","10.5","","60-80美金","20-40单","中价品"
"1","黑色和蓝色编织油管,AN6、AN4、AN8、AN10规格,耐E85及所有类型燃油。适用于油路和齿轮系统。黑色和蓝色尼龙编织软管。","AN6（内径 8.7 毫米）,1 米","10.5","https://cf.shopee.co.th/file/th-11134207-7r98q-lnhdutlwiey886","https://TH.xiapibuy.com/product/10396662/22585032511","汽车零部件","其他的","IVCN202508284998","184701832402","相似款：https://detail.1688.com/offer/650343489641.html?fromkv=cbuPcPlugin:imageSearchDrawerCard&spm=a2639h.29135425.offerlist.i0&source=action%23offerItem%3Borigin%23cf.shopee.co.th&amug_biz=oneself&amug_fl_src=awakeId_982","P0","07-17","184701832402","10.5","","20-40美金","20-40单","中价品"
"1","车载纸巾盒,悬挂式车载纸巾架,软卡通造型,可爱礼物,汽车装饰。","熊毛衣","10.41","https://cf.shopee.co.th/file/th-11134207-81ztq-moqp1g3k4kcr43","https://TH.xiapibuy.com/product/1762879727/48511030732","汽车内饰配件","收纳盒和隔层","IVCN2026071011080","267650998791","相似款：https://detail.1688.com/offer/1015702707790.html?fromkv=cbuPcPlugin:imageSearchDrawerCard&spm=a2639h.29135425.offerlist.i0&source=action%23offerItem%3Borigin%23cf.shopee.co.th&amug_biz=oneself&amug_fl_src=awakeId_982","P1","07-17","267650998791","10.41","","20-40美金","20-40单","高价品"
"1","汽车扶手箱收纳盒 - 二合一熊形纸巾盒和可爱纸巾容器","1件","10.3","https://cf.shopee.vn/file/sg-11134201-824hw-mf4urv3v6x3h3e","https://VN.xiapibuy.com/product/765849157/40471797818","汽车内饰配件","收纳盒和隔层","IVCN202607109002","248964466423","相似款：https://detail.1688.com/offer/1014694462349.html?fromkv=cbuPcPlugin:imageSearchDrawerCard&spm=a2639h.29135425.offerlist.i6&source=action%23offerItem%3Borigin%23cf.shopee.vn&amug_biz=oneself&amug_fl_src=awakeId_982","P1","07-17","248964466423","10.3","","20-40美金","20-40单","高价品"
"1","小岛F-75G V.2型重力式喷枪 400CC","小岛F-75G V.2型重力式喷枪 400CC","10.24","","https://PH.xiapibuy.com/product/15859295/8751657821","汽车工具","其他的","IVCN2026041033253","55280750080","相似款：https://detail.1688.com/offer/661826457336.html?fromkv=cbuPcPlugin:imageSearchDrawerCard&spm=a2639h.29135425.offerlist.i0&source=action%23offerItem%3Borigin%23shopee.ph&amug_biz=oneself&amug_fl_src=awakeId_982","P1","07-17","55280750080","10.24","","20-40美金","20-40单","高价品"
"1","窗膜、汽车窗膜、建筑窗膜、玻璃膜、陶瓷膜、纳米陶瓷膜（价格/米）","60%,110厘米 x 1米","10.21","https://cf.shopee.co.th/file/th-11134207-7r98w-lttbgbw6mjr366","https://TH.xiapibuy.com/product/310064152/24822745648","汽车外饰配件","其他的","IVCN2026071010198","217417742930","相似款：https://detail.1688.com/offer/972159753266.html?spm=a26352.b28411319/2508.0.0","P1","07-17","217417742930","10.21","","20-40美金","20-40单","高价品"
"3","虹吸软管,吸油软管[钢丝增强软管],用于灌油,耐热,防锈吸头,黄铜阀门,防锈 - [泰国发货]","6英寸完整套装","10.2","https://cf.shopee.co.th/file/th-11134207-7ras8-m21c7kc9c5vt3e","https://TH.xiapibuy.com/product/51809782/26516185771","其他的","","IVCN202607107996","233404327701","https://detail.1688.com/offer/742199099606.html?kj_agent_plugin=aliprice&fromkv=xytTrace:2166083e17457425355907381e1803&token=RQzkcW6cX8z6KH3GYsOdfkIij8FAEqbG1aWVsyFjoS3rM8io91uP6yasCsjJJL87","P0","07-17","233404327701","10.2","","20-40美金","20-40单","高价品"
"4","高品质160毫升车载香水多功能香氛空气清新剂智能扩散器除臭家居清新剂","科隆","10.2","https://cf.shopee.ph/file/cn-11134207-7r98o-lmvfst0wjrqa9a","https://PH.xiapibuy.com/product/946590885/19994188299","汽车内饰配件","香水、空气清新剂和净化器","IVCN2026061511055","187102950194","https://detail.1688.com/offer/771009471461.html?kj_agent_plugin=aliprice&fromkv=xytTrace%3A0&tracelog=cps&clickid=190a2c8eee508a32d0b2ed1a5db77844","P1","07-17","187102950194","10.2","","20-40美金","20-40单","中价品"
"1","强劲静音车载风扇,USB接口,12V/24V风力涡轮吊扇","纯黑","10.17","https://cf.shopee.ph/file/f7fee1c949d743e0b9c1021c32d86a2d","https://PH.xiapibuy.com/product/849489623/19539812182","汽车零部件","散热器、发动机冷却和气候控制","IVCN202606157107","88191812177","","P1","07-17","88191812177","10.17","","20-40美金","20-40单","高价品"
"1","超棒的颈部、肩部、背部支撑枕,头枕,记忆海绵,柔软皮革,汽车靠背。","灰色 -- 一套 -- B","10.11","https://cf.shopee.co.th/file/th-11134207-81ztq-mjs2c072a8lfa5","https://TH.xiapibuy.com/product/1361835101/41355200275","汽车内饰配件","座椅头枕和靠背","IVCN2026061515633","254150058443","https://detail.1688.com/offer/903495438045.html?spm=a26352.b28411319/2508.0.0","P1","07-17","254150058443","10.11","","20-40美金","20-40单","高价品"
"1","PU材质汽车座椅垫套,600D涤纶面料,两种款式：加大加长款和运动款。有效保护汽车座椅免受刮擦和损坏。","黑色的","10.11","","https://TH.xiapibuy.com/product/317533716/20691998500","汽车内饰配件","座椅及座椅套","IVCN2026071010102","177811957169","https://detail.1688.com/offer/675443666958.html?kj_agent_plugin=aliprice&fromkv=xytTrace:2146915b17477371080521450e1412&token=Sul%2Fy0wUKgEsvqaj%2BBw5z%2F8IXUUd9zZir0vBPuuYDcMlDICwnYNuhtNfsta8u2E5","P1","07-17","177811957169","10.11","","40-60美金","20-40单","中价品"
"1","比亚迪汽车座椅真皮保护套 防刮防污内饰配件 适用于Atto 3 Dolphin","黑色,2 件装","10","https://cf.shopee.com.br/file/sg-11134201-7rd73-lw6vdicumkvfc2","https://BR.xiapibuy.com/product/405042589/28303112044","汽车内饰配件","座椅及座椅套","IVCN2026041033837","79433285251","https://detail.1688.com/offer/848755714463.html?fromkv=cbuPcPlugin:imageSearchDrawerCard&spm=a2639h.29135425.offerlist.i0&source=action%23offerItem%3Borigin%23cf.shopee.com.br&amug_biz=oneself&amug_fl_src=awakeId_982","P0","07-17","79433285251","10","","20-40美金","20-40单","高价品"
"1","内胎 11.2 / 12.4 - 24 TR218A,拖拉机后轮内胎,短气门嘴 218A,农用内胎,24 英寸轮辋,特价,便宜内胎。","MX内胎","10","https://cf.shopee.co.th/file/th-11134207-7rasf-m37moasf9u93fc","https://TH.xiapibuy.com/product/47515160/23580113702","汽车零部件","轮胎及配件","IVCN2026041042943","255311784325","相似款：https://detail.1688.com/offer/599809839843.html?fromkv=cbuPcPlugin:imageSearchDrawerCard&spm=a2639h.29135425.offerlist.i1&source=action%23offerItem%3Borigin%23shopee.co.th&amug_biz=oneself&amug_fl_src=awakeId_982","P0","07-17","255311784325","10","","20-40美金","20-40单","高价品"
"1","适用于 2007-2011 年款 Dmax URO3 4JJ1 4JK1（全新车型之前）的气门室盖垫片套装。包含喷油器座密封圈、侧面喷油器密封圈和月牙形橡胶密封圈。每套 13 件。","适用于 2007-2011 年款 Dmax URO3 4JJ1 4JK1（全新车型之前）的气门室盖垫片套装。包含喷油器座密封圈、侧面喷油器密封圈和月牙形橡胶密封圈。每套 13 件。","10","","https://TH.xiapibuy.com/product/6871922/24313240549","汽车零部件","其他的","IVCN2026021112565","236048962942","相似款：https://detail.1688.com/offer/772882640665.html?kj_agent_plugin=aliprice&fromkv=xytTrace:0bab14ad17665671010424718e109e&token=OcHJ0zPVFMiBSPJQelA3bRFxSMUDU9FiI4EFN7MGnOcZK0B2gSD%2FCkdWbOPIr%2Bf%2F","P0","07-17","236048962942","10","","20-40美金","20-40单","高价品"
"1","适用于 Renegade、Compass、Willys、Wrangler、JK 和 Grand Jeep 的真皮汽车扶手垫,带收纳袋","吉普——这就是原因","10","https://cf.shopee.com.br/file/sg-11134201-7rdw3-lyx10hvn7wa002","https://BR.xiapibuy.com/product/533412247/28966590611","汽车内饰配件","收纳盒和隔层","IVCN202605131455","205527851632","https://detail.1688.com/offer/753224166443.html?spm=a26352.b28411319.offerlist.1.3e091e62CvnpnY","P0","07-17","205527851632","10","","20-40美金","20-40单","高价品"
"1","适用于2012-2020年款Ranger（2.2和3.2发动机）的空调滤芯+空气滤清器。","空气滤清器 + 空调滤清器","10","https://cf.shopee.co.th/file/sg-11134201-8260j-mjs9f53mh5hc09","https://TH.xiapibuy.com/product/258466836/25020801889","汽车零部件","发动机零件","IVCN202602119310","187395083596","https://detail.1688.com/offer/703119611276.html?kj_agent_plugin=aliprice&fromkv=xytTrace:0bf8ca8917725237242597842e0f26&token=Q2oBxv0fgBOkPhphVyZT3zsfMYUXiECLEquVVf0DoMiHkiI25%2FmZ5b6npfmdHdUa","P0","07-17","187395083596","10","","20-40美金","20-40单","中价品"
"1","高峰 5/10米 乙烯基贴纸汽车贴膜无刀胶带设计线条膜汽车贴膜切割胶带造型工具配件 D5N2","10米","10","https://cf.shopee.co.th/file/sg-11134201-7rept-m80ah09wrwrraf","https://TH.xiapibuy.com/product/1253207689/28581455423","汽车外饰配件","贴纸、标志和徽章","IVCN202512225146","177074913926","https://detail.1688.com/offer/976565342281.html?kj_agent_plugin=aliprice&fromkv=xytTrace:0","P0","07-17","177074913926","10","","20-40美金","20-40单","中价品"
"1","衬套惰臂黄铜 L300","衬套惰臂黄铜 L300","10","","https://PH.xiapibuy.com/product/858641288/20443840305","汽车零部件","其他的","IVCN2025122216656","164393739665","相似款：https://detail.1688.com/offer/991648997497.html?spm=a26352.b28411319/2508.0.0&cosite=-&tracelog=p4p&_p_isad=1&clickid=af7491a9f134458bbe4960320d57ed79&sessionid=2db168d39ad4460783e7580539a4a473","P0","07-17","164393739665","10","","20-40美金","20-40单","高价品"
"1","适用于奔驰 C 级 E 级 GLC 级 S 级 W205 W253 W213 W293 W222 的电动车窗和后备箱控制开关","5号","10","https://cf.shopee.vn/file/cn-11134207-7r98o-lyx1o3vj9uw218","https://VN.xiapibuy.com/product/891345463/25701471499","汽车内饰配件","其他的","IVCN2026031324106","127779036930","相似款：https://detail.1688.com/offer/988005615780.html?spm=a26352.b28411319/2508.0.0","P0","07-17","127779036930","10","","20-40美金","20-40单","高价品"
"1","0.6mm厚PVC人造革,尺寸有200x138cm、100x138cm和50x138cm三种规格。PD花纹人造革,适合DIY项目（无自粘性）。","黑色,200 x 138 厘米","9.96","https://cf.shopee.co.th/file/4e0b28a9fbe8bf6eaa550afb0fd78f43","https://TH.xiapibuy.com/product/804087672/17382104176","汽车内饰配件","座椅及座椅套","IVCN202602117466","164059363427","https://detail.1688.com/offer/902064789483.html?kj_agent_plugin=aliprice&fromkv=xytTrace:212b5ecd17580765903972158e0d70&token=4VVNrHcdK1i8j3WqsH5L95UMb8lE3kKmGmgl%2Br%2Bdtt%2B8wS%2BQ1SITPzNkwefmI%2B0Y","P1","07-17","164059363427","9.96","","20-40美金","20-40单","中价品"
"1","糖果红金属色汽车/摩托车贴膜贴纸","15英寸 x 60英寸","9.95","https://cf.shopee.ph/file/62d8b0de5125363ea3fe0a8a330bb138","https://PH.xiapibuy.com/product/55061641/11079656532","汽车外饰配件","贴纸、标志和徽章","IVCN2026071010900","115392833029","","P1","07-17","115392833029","9.95","","20-40美金","20-40单","中价品"
"1","质子磁力遮阳罩 e.MAS 7 e.MAS 5 SAGA MC3 WIRA EXORA X70 X50 X90 S70 FLX BLM IWARA WAJA GEN2 IRIZ PREVE PERSONA","SAGA MC3 2025 4 件装","9.9","","https://MY.xiapibuy.com/product/437525894/9463307722","汽车内饰配件","遮阳罩和仪表盘罩","IVCN2026051318119","360372017960","相似款：https://detail.1688.com/offer/614449900397.html?kj_agent_plugin=aliprice&fromkv=xytTrace:0b52090217725911566356379e1132&token=nrywqt0ZjZvEKXc7p9gH3VQI0KbDorvl9c%2BT5xbvbu7QL2HuDYOOMsjlFQe6i7QT","P0","07-17","360372017960","9.9","","20-40美金","20-40单","高价品"
"1","5/10/20个装汽车LED灯装饰灯,12V/24V模块,卡车侧标志灯,带11键遥控器,可实现更多照明模式和照明效果,防水警示摩托车DIY","冰蓝色,12V,10个","9.9","https://cf.shopee.ph/file/cn-11134207-7ras8-m9ifwmwknb1u31","https://PH.xiapibuy.com/product/1162876666/40351526777","汽车零部件","电子","IVCN2026051310939","270123567687","https://detail.1688.com/offer/1018062134711.html?spm=a26286.8251493.description.2.221425b2xe5LPp","P1","07-17","270123567687","9.9","","20-40美金","20-40单","中价品"
"1","购买套装更优惠！适用于日产 March、Almera、Note（2010-2019 款）的空气滤清器 + 空调滤清器。高品质,可过滤 PM2.5。","购买套装更优惠！适用于日产 March、Almera、Note（2010-2019 款）的空气滤清器 + 空调滤清器。高品质,可过滤 PM2.5。","9.88","","https://TH.xiapibuy.com/product/19911945/7033264316","汽车零部件","发动机零件","IVCN202604230259","52155271647","https://detail.1688.com/offer/896382926054.html?kj_agent_plugin=aliprice&fromkv=xytTrace:0","P1","07-17","52155271647","9.88","","40-60美金","20-40单","中价品"
"1","窗膜、防晒膜、建筑膜、汽车膜、碳膜、耐热膜、黑色碳窗膜（粘合型）。","30%,152厘米","9.88","https://cf.shopee.co.th/file/a53e54c5960aff7c1436825628cc7136","https://TH.xiapibuy.com/product/147208805/13031569423","汽车外饰配件","其他的","IVCN202607108054","131413248978","相似款：https://detail.1688.com/offer/989381918654.html?fromkv=cbuPcPlugin:imageSearchDrawerCard&spm=a2639h.29135425.offerlist.i1&source=action%23offerItem%3Borigin%23shopee.co.th&amug_biz=oneself&amug_fl_src=awakeId_982https://detail.1688.com/offer/722218739400.html?fromkv=cbuPcPlugin:imageSearchDrawerCard&spm=a2639h.29135425.offerlist.i1&source=action%23offerItem%3Borigin%23shopee.co.th&amug_biz=oneself&amug_fl_src=awakeId_982https://detail.1688.com/offer/868249744868.html?fromkv=cbuPcPlugin:imageSearchDrawerCard&spm=a2639h.29135425.offerlist.i10&source=action%23offerItem%3Borigin%23shopee.co.th&amug_biz=oneself&amug_fl_src=awakeId_982","P1","07-17","131413248978","9.88","","20-40美金","20-40单","中价品"
"1","【旋转飞行员熊】车载空气清新剂 | 螺旋桨造型出风口夹 | 持久留香 | 可爱汽车装饰","哆啦A梦+6件套","9.72","https://cf.shopee.com.my/file/cn-11134207-820l4-mfp5knzqf763c3","https://MY.xiapibuy.com/product/1320890169/27308958064","汽车内饰配件","香水、空气清新剂和净化器","IVCN2026071011236","291922022431","相似款：https://detail.1688.com/offer/684285712796.html?https://detail.1688.com/offer/838437906081.html?","P1","07-17","291922022431","9.72","","20-40美金","20-40单","中价品"
"1","三菱 Xpander Xforce Outlander Triton Attrage Pajero Sport 钥匙盖","红线 - 3 个按钮","9.71","https://cf.shopee.vn/file/d5a380eb4252d85edea6bd4990682c56","https://VN.xiapibuy.com/product/507942709/22320160871","汽车钥匙扣和钥匙套","","IVCN2026071010448","220803788310","相似款：https://detail.1688.com/offer/649266229577.html?kj_agent_plugin=aliprice&fromkv=xytTrace:0","P1","07-17","220803788310","9.71","","20-40美金","20-40单","中价品"
"1","LED无故障解码器套件（4件套）- 50W 6欧姆负载电阻,用于修复转向灯快闪警告灯,即插即用解决方案","4件","9.61","https://cf.shopee.ph/file/sg-11134201-7rdyh-m0r9e4zlc4a8e2","https://PH.xiapibuy.com/product/955835210/29162727484","汽车零部件","电子","IVCN2026051317179","118468007299","https://detail.1688.com/offer/44193983706.html?kj_agent_plugin=aliprice&fromkv=xytTrace%3A0&tracelog=cps&clickid=060d91f169e14f5433e635551da4a216&targetUrl=https%3A%2F%2Fs.click.1688.com%2Ft%3Fe%3DA6FEAF87A2FCFBDD05C1BD6ABB449CE46147FC88EA630CBAC31FEFBD3966EDE4DF88C915D5486E33D1003E749B3EAAA5861098A75E16F4D226600F2847DABD1A5F0FFA4FF39BCCC320D4625E68D0D47AF6FEC9241CC79F982F2298161E9E1CDC0E7B86E3A59A59289A6F128CC2ACFC055C256216F2944F40AA34AA313CC72AFF7EEF6D6099BA67CE2BA95CC4F9A8AC07B9760721309D5B7AC0E0B4555FD87F34FE0ACEFE0B13A99556587ECCAB0FF98A89C0A8A83B9956B882939D20E6C1619F9B767D8D057A31A4E2646852F685369CC25C51E15B8D735D","P1","07-17","118468007299","9.61","","20-40美金","20-40单","中价品"
"1","F11制冷剂充注钢瓶、空调系统冲洗套件、带压力表和减压阀的系统冲洗钢瓶。充注钢瓶、制冷剂钢瓶套装、系统冲洗。","黄色的","9.54","https://cf.shopee.co.th/file/sg-11134201-7rep9-m8un95yso04pbc","https://TH.xiapibuy.com/product/1060248734/26184322838","汽车零部件","其他的","IVCN202604230993","159147699487","https://detail.1688.com/offer/616401121417.html?fromkv=cbuPcPlugin:imageSearchDrawerCard&spm=a2639h.29135425.offerlist.i0&source=action%23offerItem%3Borigin%23cf.shopee.co.th&amug_biz=oneself&amug_fl_src=awakeId_982","P1","07-17","159147699487","9.54","","80-100美金","20-40单","高价品"
"1","黑色轮胎涂层【赠送海绵】正品硅油轮胎抛光剂。防水防紫外线。黑色轮胎光泽。","黑色轮胎涂层【赠送海绵】正品硅油轮胎抛光剂。防水防紫外线。黑色轮胎光泽。","9.52","","https://TH.xiapibuy.com/product/20886839/25442078889","汽车保养","轮胎及轮毂保养","IVCN2026041034995","129260934024","相似款：https://detail.1688.com/offer/796982950531.html?spm=a26352.13672862.offerlist.4.1e056db88Ttlxp&offerId=796982950531&sortType=&pageId=&abBizDataType=cbuOffer&hotSaleSkuId=5640372473863&trace_log=normal&uuid=77d6a19df14845faa25b8ab8d46fef78&forcePC=1767932577495","P1","07-17","129260934024","9.52","","500-1000美金","200-300单","中价品"
"1","ORA 5 汽车储物整理套装：中控台储物盒、扶手储物盒、扶手下方整理盒 - ORA5 配件。","BitCharge-C","9.5","https://cf.shopee.co.th/file/sg-11134201-81zvp-mmmz2tprgf7l64","https://TH.xiapibuy.com/product/1509548725/57708223589","汽车内饰配件","收纳盒和隔层","IVCN2026071012666","350730678094","相似款：https://detail.1688.com/offer/1046564292424.html?fromkv=cbuPcPlugin:imageSearchDrawerCard&spm=a2639h.29135425.offerlist.i0&source=action%23offerItem%3Borigin%23cf.shopee.co.th&amug_biz=oneself&amug_fl_src=awakeId_982","P0","07-17","350730678094","9.5","","20-40美金","20-40单","高价品"
"1","糖果银色汽车/摩托车车身贴纸","24x60英寸","9.5","https://cf.shopee.ph/file/sg-11134201-22100-ov3v9iedtlivcc","https://PH.xiapibuy.com/product/55061641/18554350555","汽车外饰配件","贴纸、标志和徽章","IVCN2026051318923","136920001798","相似款：https://detail.1688.com/offer/670882091088.html?kj_agent_plugin=aliprice&fromkv=xytTrace:0b51056217745854378862069e0d9e&token=dmfTDmqY7Th0l2Ycu7yUP7lJ4airh%2BYb%2FGk%2BGDeopY%2FhwcqUFO8JLOTX96Q9HUmj","P0","07-17","136920001798","9.5","","20-40美金","20-40单","高价品"
"1","汽油压缩测试仪,压力表。","G-324 只是一辆车","9.46","https://cf.shopee.co.th/file/7423471bf9173e6a0296ccc8cb2d011f","https://TH.xiapibuy.com/product/351986557/2971827664","汽车工具","轮胎压力检测器","IVCN2026031325314","164577790887","https://detail.1688.com/offer/744010374446.html?kj_agent_plugin=aliprice&fromkv=xytTrace:21080f7717683602690681142e0e2f&token=cz6OvfXkt8jCxgMv9XqwnrH3ixemvJWfrk6EYmA%2FRJR5dbnvXBpM4bbmbCIKyHz3","P1","07-17","164577790887","9.46","","20-40美金","20-40单","中价品"
"1","遮光膜,100%防晒,建筑膜,滤光膜,窗膜,遮光隐私窗膜（每米价格）","152厘米","9.46","","https://TH.xiapibuy.com/product/147208805/4400820314","汽车内饰配件","遮阳罩和仪表盘罩","IVCN202602110155","14136937966","https://detail.1688.com/offer/914607601577.html?kj_agent_plugin=aliprice&fromkv=xytTrace:0","P1","07-17","14136937966","9.46","","20-40美金","20-40单","中价品"
"1","斜交轮胎补片（重型）（20片）（57毫米）（90毫米）","B-03（20个）花","9.45","https://cf.shopee.ph/file/sg-11134201-7rfh5-m4czccio9b43c2","https://PH.xiapibuy.com/product/1348864486/25289950880","汽车保养","轮胎及轮毂保养","IVCN2025091211658","252366182327","相似款：https://detail.1688.com/offer/625624804710.html?fromkv=cbuPcPlugin:imageSearchDrawerCard&spm=a2639h.29135425.offerlist.i0&source=action%23offerItem%3Borigin%23cf.shopee.ph&amug_biz=oneself&amug_fl_src=awakeId_982","P1","07-17","252366182327","9.45","","20-40美金","20-40单","高价品"
"1","适用于大众 Polo 4 9N Cross Sedan Vento 2007 2009 2010 的黑色塑料三角形翼罩后视镜装饰条 6Q0853273A 6Q0853274A","适用于大众 Polo 4 9N Cross Sedan Vento 2007 2009 2010 的黑色塑料三角形翼罩后视镜装饰条 6Q0853273A 6Q0853274A","9.44","","https://BR.xiapibuy.com/product/473262812/25061743847","汽车零部件","其他的","IVCN202604231543","217302236662","https://detail.1688.com/offer/711484848823.html?fromkv=cbuPcPlugin:imageSearchDrawerCard&spm=a2639h.29135425.offerlist.i0&source=action%23offerItem%3Borigin%23shopee.com.br&amug_biz=oneself&amug_fl_src=awakeId_982","P1","07-17","217302236662","9.44","","20-40美金","20-40单","高价品"
"1","三菱 Xpander Mirage Xforce 汽车钥匙套 真皮遥控钥匙套 现货","白色线条-2个按钮","9.37","https://cf.shopee.ph/file/f71300c68e1439f0ade255eaf7d66d38","https://PH.xiapibuy.com/product/295490998/6994720367","汽车钥匙扣和钥匙套","","IVCN202602112747","101035858031","https://detail.1688.com/offer/659444736124.html?fromkv=cbuPcPlugin:imageSearchDrawerCard&spm=a2639h.29135425.offerlist.i0&source=action%23offerItem%3Borigin%23cf.shopee.ph&amug_biz=oneself&amug_fl_src=awakeId_982","P1","07-17","101035858031","9.37","","20-40美金","20-40单","中价品"
"1","汽车座椅间多功能储物袋网状手提包收纳袋便携式整理器汽车内饰配件","黑色的","9.36","https://cf.shopee.com.my/file/sg-11134201-7ra3g-m4ucww531c5c06","https://MY.xiapibuy.com/product/1000189454/25840348362","汽车内饰配件","收纳盒和隔层","IVCN2026031328404","227260815277","https://detail.1688.com/offer/914130590315.html?spm=a26352.b28411319.offerlist.5.1c861e62ERC55D&cosite=-&tracelog=p4p&_p_isad=1&clickid=e392c74b509944469eb7f0fd088a8bcf&sessionid=7ebeb564e7500c2f1f8e77bda7b47ef6","P1","07-17","227260815277","9.36","","20-40美金","20-40单","中价品"
"1","（现货）两件套：车轮挡块、车轮支撑架、车轮止动器。坚固耐用。","PWC-6 2 件","9.22","https://cf.shopee.co.th/file/th-11134207-7ras8-macdxwumat8e94","https://TH.xiapibuy.com/product/1479342462/27632643430","汽车零部件","轮胎及配件","IVCN2026071010850","260208729987","相似款：https://detail.1688.com/offer/898954896788.html?kj_agent_plugin=aliprice&fromkv=xytTrace:0","P1","07-17","260208729987","9.22","","20-40美金","20-40单","中价品"
"1","【旋转飞行员熊】车载空气清新剂 | 螺旋桨造型出风口夹 | 持久留香 | 可爱汽车装饰","死侍+6件套","9.22","https://cf.shopee.com.my/file/cn-11134207-7ras8-m20va7poxnuz0d","https://MY.xiapibuy.com/product/1320890169/27308958064","汽车内饰配件","香水、空气清新剂和净化器","IVCN202602119148","185515265743","相似款：https://detail.1688.com/offer/684285712796.html?fromkv=cbuPcPlugin:imageSearchDrawerCard&spm=a2639h.29135425.offerlist.i0&source=action%23offerItem%3Borigin%23shopee.com.my&amug_biz=oneself&amug_fl_src=awakeId_982 https://detail.1688.com/offer/921302312935.html?fromkv=cbuPcPlugin:imageSearchDrawerCard&spm=a2639h.29135425.offerlist.i21&source=action%23offerItem%3Borigin%23shopee.com.my&amug_biz=oneself&amug_fl_src=awakeId_982","P1","07-17","185515265743","9.22","","20-40美金","20-40单","中价品"
"1","【ITSOK】汽车空调阀铝制空调止动器空调止动器盖","H+L - 红色","9.15","https://cf.shopee.com.my/file/cn-11134207-820l4-mjqlvycs9lad36","https://MY.xiapibuy.com/product/981849346/51454989006","汽车零部件","发动机零件","IVCN2026031332790","365460800107","相似款：https://detail.1688.com/offer/1006984163001.html?kj_agent_plugin=aliprice&fromkv=xytTrace:0","P1","07-17","365460800107","9.15","","20-40美金","20-40单","中价品"
"1","适用于 24V 13660100/06-019 自动交流发电机电压调节器,适用于 SQMIR843 IM843","IM843","9.11","https://cf.shopee.ph/file/sg-11134201-7rdx1-m07566oalpxxf1","https://PH.xiapibuy.com/product/1348864486/29161632289","汽车零部件","其他的","IVCN202508285952","99002960772","https://detail.1688.com/offer/920532193946.html?fromkv=cbuPcPlugin:imageSearchDrawerCard&spm=a2639h.29135425.offerlist.i0&source=action%23offerItem%3Borigin%23cf.shopee.ph&amug_biz=oneself&amug_fl_src=awakeId_982","P1","07-17","99002960772","9.11","","20-40美金","20-40单","中价品"
"1","柔软皮革汽车方向盘套,圆形,印有日产标志。碳纤维材质。","日产 O 形","9.07","https://cf.shopee.co.th/file/th-11134207-7ras9-m0shlbvatdq252","https://TH.xiapibuy.com/product/490922481/26162792021","汽车内饰配件","方向盘及方向盘套","IVCN2026051322355","166709142972","https://detail.1688.com/offer/746370804650.html?kj_agent_plugin=aliprice&fromkv=xytTrace:213371c017545330806945503e0f56&token=VogWuDyjhff6I4aLh1QGsG%2FbhzPkJJHh1jPT2yYhg5mNRFzGDNihsazUxmRdcNLI","P1","07-17","166709142972","9.07","","20-40美金","20-40单","中价品"
"1","真空过滤器、歧管绝对压力传感器过滤器、涡轮增压空气过滤器。兼容丰田Fortuner/Revo/Vigo/D4D车型。","滤镜图 + 蓝线","9.01","https://cf.shopee.co.th/file/th-11134207-81ztm-mjhy16ygluyqf0","https://TH.xiapibuy.com/product/104665465/22140191777","汽车零部件","发动机零件","IVCN2026021111725","225127127351","无同款","P1","07-17","225127127351","9.01","","60-80美金","20-40单","高价品"
"1","适用于16英寸轮圈的橡胶轮圈垫片,兼容6.50/7.00/7.50/8.25-16内胎。数量：1个。","适用于16英寸轮圈的橡胶轮圈垫片,兼容6.50/7.00/7.50/8.25-16内胎。数量：1个。","9","","https://TH.xiapibuy.com/product/47515160/10522303979","汽车零部件","轮胎及配件","IVCN2026051313183","76706008323","相似款：https://detail.1688.com/offer/927276581637.html?spm=a26352.b28411319/2508.0.0","P0","07-17","76706008323","9","","20-40美金","20-40单","中价品"
"1","适用于奇瑞iCar V23（2025年至今）的门把手保护膜 [奇瑞V23] RACE GUARD iCar V23","透明保护膜","9","https://cf.shopee.co.th/file/th-11134207-81ztg-mifml32ll69ud4","https://TH.xiapibuy.com/product/239204794/48703340917","汽车外饰配件","贴纸、标志和徽章","IVCN2026041050313","435319502344","相似款：https://detail.1688.com/offer/971786957941.html?fromkv=cbuPcPlugin:imageSearchDrawerCard&spm=a2639h.29135425.offerlist.i0&source=action%23offerItem%3Borigin%23cf.shopee.co.th&amug_biz=oneself&amug_fl_src=awakeId_982","P0","07-17","435319502344","9","","20-40美金","20-40单","高价品"
"4","汽车后备箱垫,汽车配件,Hello Kitty 卡通设计,易于清洁,不留划痕,适用于所有车型,四季皆宜,特价低廉,75*100。","米奇4","9","https://cf.shopee.co.th/file/cn-11134207-820l4-mlye7bmy8jr512","https://TH.xiapibuy.com/product/1640003775/47650945443","汽车内饰配件","地毯和垫子","IVCN2026061516273","390653819942","https://detail.1688.com/offer/905510729272.html?kj_agent_plugin=aliprice&fromkv=xytTrace:0","P0","07-17","390653819942","9","","20-40美金","20-40单","高价品"
"4","汽车后备箱垫,汽车配件,Hello Kitty 卡通设计,易于清洁,不留划痕,适用于所有车型,四季皆宜,特价低廉,75*100。","米奇和米妮 1","9","https://cf.shopee.co.th/file/cn-11134207-820l4-mlye6lk9roxwdf","https://TH.xiapibuy.com/product/1640003775/47650945443","汽车内饰配件","地毯和垫子","IVCN2026061516273","390653819934","https://detail.1688.com/offer/905510729272.html?kj_agent_plugin=aliprice&fromkv=xytTrace:0","P0","07-17","390653819934","9","","20-40美金","20-40单","高价品"
"4","汽车后备箱垫,汽车配件,Hello Kitty 卡通设计,易于清洁,不留划痕,适用于所有车型,四季皆宜,特价低廉,75*100。","疯狂动物城4","9","https://cf.shopee.co.th/file/cn-11134207-820l4-micp9mscrxtu88","https://TH.xiapibuy.com/product/1640003775/47650945443","汽车内饰配件","地毯和垫子","IVCN2026061516273","385309054523","https://detail.1688.com/offer/905510729272.html?kj_agent_plugin=aliprice&fromkv=xytTrace:0","P0","07-17","385309054523","9","","20-40美金","20-40单","高价品"
"1","W_Workshop | AION V 车载杯架,适用于不适合汽车原装杯架的杯子或水瓶。","W_Workshop | AION V 车载杯架,适用于不适合汽车原装杯架的杯子或水瓶。","9","","https://TH.xiapibuy.com/product/89681465/54700236474","汽车内饰配件","收纳盒和隔层","IVCN2026041048155","355022028733","https://detail.1688.com/offer/815161235003.html?spm=a26352.b28411319/2508.0.0&cosite=-&tracelog=p4p&_p_isad=1&clickid=1158263fa88540d2a2034ff6f89a1203&sessionid=7a1a80e7032bb8eb84999c29d85dbe04","P0","07-17","355022028733","9","","20-40美金","20-40单","高价品"
"4","汽车后备箱垫,汽车配件,Hello Kitty 卡通设计,易于清洁,不留划痕,适用于所有车型,四季皆宜,特价低廉,75*100。","Hello Kitty & Sanrio Friends C","9","https://cf.shopee.co.th/file/cn-11134207-820l4-mh7nkv3ydr0vad","https://TH.xiapibuy.com/product/1640003775/47650945443","汽车内饰配件","地毯和垫子","IVCN2026061516273","325150188880","https://detail.1688.com/offer/905510729272.html?kj_agent_plugin=aliprice&fromkv=xytTrace:0","P0","07-17","325150188880","9","","20-40美金","20-40单","高价品"
"1","适用于吉利EX2中央扶手箱内部储物盒+汽车内饰用品+","所以","9","https://cf.shopee.com.br/file/cn-11134207-820l4-mjtd943kwb292c","https://BR.xiapibuy.com/product/1273745765/53855156639","汽车内饰配件","收纳盒和隔层","IVCN2026071012950","167378146056","相似款：https://detail.1688.com/offer/858625174939.html?fromkv=cbuPcPlugin:imageSearchDrawerCard&spm=a2639h.29135425.offerlist.i7&source=action%23offerItem%3Borigin%23cf.shopee.com.br&amug_biz=oneself&amug_fl_src=awakeId_982","P0","07-17","167378146056","9","","20-40美金","20-40单","高价品"
"1","原装 Hep-02 DC12V 电动燃油泵。danso。适用于铃木 Multicab F5A/F6A Scrum Electric。","1#燃油泵（银色）","8.97","https://cf.shopee.ph/file/ph-11134207-7qukz-ljc5mlp7oykmc2","https://PH.xiapibuy.com/product/421815605/17398156919","汽车零部件","燃油系统","IVCN202604231313","196891420774","https://detail.1688.com/offer/776227934436.html?kj_agent_plugin=aliprice&fromkv=xytTrace:212b969a17452954521285170e1c1c&token=UIHsVdi9hYK5jdTVhbgFzK6dctRCAGYwTQ6Kk6DHPKDrWFG1DowWOZBNTD%2BziGbk","P1","07-17","196891420774","8.97","","20-40美金","20-40单","中价品"
"1","后视镜调节控制按钮适用于沃克斯豪尔 Astra-G 欧宝 Zafira Corsa Vectra Meriva 9226863","后视镜调节控制按钮适用于沃克斯豪尔 Astra-G 欧宝 Zafira Corsa Vectra Meriva 9226863","8.9","","https://BR.xiapibuy.com/product/947657990/23225184716","汽车外饰配件","镜子及配件","IVCN202602112607","98610881915","相似款：https://detail.1688.com/offer/858841175073.html?spm=a26352.b28411319/2508.0.0","P1","07-17","98610881915","8.9","","20-40美金","20-40单","中价品"
"1","车载头枕冷却风扇 3档可调风速 车载颈部冷却器 [Dailylucky.ph]","黑色的","8.88","https://cf.shopee.ph/file/sg-11134201-7rdyh-lyot20lym0iw6a","https://PH.xiapibuy.com/product/848732973/25234517367","汽车内饰配件","其他的","IVCN2026031326680","195296015469","https://detail.1688.com/offer/798173840788.html?fromkv=cbuPcPlugin:imageSearchDrawerCard&spm=a2639h.29135425.offerlist.i8&source=action%23offerItem%3Borigin%23shopee.ph&amug_biz=oneself&amug_fl_src=awakeId_982","P1","07-17","195296015469","8.88","","20-40美金","20-40单","中价品"
"1","6毫米厚自粘EVA泡沫板,柚木纹理,船用游艇合成甲板,棕色,240x45厘米","6毫米厚自粘EVA泡沫板,柚木纹理,船用游艇合成甲板,棕色,240x45厘米","8.85","","https://BR.xiapibuy.com/product/962117608/27603039965","汽车内饰配件","其他的","IVCN2026021111877","226452176849","相似款：https://detail.1688.com/offer/929646747327.html?spm=a26352.b28411319.offerlist.23.65561e622gLlzv","P1","07-17","226452176849","8.85","","40-60美金","20-40单","高价品"
"1","轮胎压力表金牌品质产品充气轮胎卡盘系列气压笔式","轮胎压力表金牌品质产品充气轮胎卡盘系列气压笔式","8.84","","https://PH.xiapibuy.com/product/360983503/22746646330","汽车零部件","轮胎及配件","IVCN202605130255","194393639923","https://detail.1688.com/offer/820434033108.html?kj_agent_plugin=aliprice&fromkv=xytTrace:0","P1","07-17","194393639923","8.84","","20-40美金","20-40单","中价品"
"1","灵活360度旋转5-11英寸车载手机支架/平板电脑支架/后座头枕安装支架","可扩展模型,黑色","8.83","https://cf.shopee.com.my/file/8c04b5f8504ed7dc78f895093cf0c174","https://MY.xiapibuy.com/product/27643060/2182769167","汽车内饰配件","手机支架","IVCN2025101412835","32488671350","https://detail.1688.com/offer/747939762200.html?fromkv=cbuPcPlugin:imageSearchDrawerCard&spm=a2639h.29135425.offerlist.i5&source=action%23offerItem%3Borigin%23shopee.com.my&amug_biz=oneself&amug_fl_src=awakeId_982","P1","07-17","32488671350","8.83","","20-40美金","20-40单","中价品"
"2","通用快拆碳纤维方向盘 JDM 运动赛车游戏中心适配器,适用于 MOMO","红色的","8.82","https://cf.shopee.com.br/file/sg-11134201-7qvdr-lfovf2dlzy8acd","https://BR.xiapibuy.com/product/1064361209/18397376116","汽车内饰配件","方向盘及方向盘套","IVCN202605133949","228754850133","https://detail.1688.com/offer/653356696375.html?fromkv=cbuPcPlugin%3AimageSearchDrawerCard&spm=a2639h.29135425.offerlist.i0&source=action%23offerItem%3Borigin%23shopee.com.br&amug_biz=oneself&amug_fl_src=awakeId_982&version=default","P1","07-17","228754850133","8.82","","20-40美金","20-40单","高价品"
"1","铃木 F6A Scrum 化油器维修套件 13210-82980","铃木 F6A Scrum 化油器维修套件 13210-82980","8.76","","https://PH.xiapibuy.com/product/828894709/21353154892","汽车工具","测试、诊断和维修工具","IVCN2026041037475","202670572472","相似款：https://detail.1688.com/offer/624449892688.html?spm=a26352.b28411319/2508.0.0","P1","07-17","202670572472","8.76","","20-40美金","20-40单","高价品"
"1","适用于2020-2026款五十铃D-MAX汽车屏幕的防眩光保护膜,适用于大屏幕,经久耐用。","高清安全膜,8英寸,24-26年。","8.7","","https://TH.xiapibuy.com/product/1438012900/41612092215","汽车内饰配件","其他的","IVCN2026031327704","216196855252","https://detail.1688.com/offer/839654950596.html?fromkv=cbuPcPlugin:imageSearchDrawerCard&spm=a2639h.29135425.offerlist.i1&source=action%23offerItem%3Borigin%23shopee.co.th&amug_biz=oneself&amug_fl_src=awakeId_982","P0","07-17","216196855252","8.7","","20-40美金","20-40单","高价品"
"1","12-24V 250A 旋转式开/关断路开关,汽车电池断路开关","黑色,12-24V","8.69","https://cf.shopee.co.th/file/sg-11134201-7reo7-m2taylpen01y97","https://TH.xiapibuy.com/product/1075176421/28418152325","汽车工具","测试、诊断和维修工具","IVCN2026041040537","237044447125","https://detail.1688.com/offer/803403945483.html?fromkv=cbuPcPlugin:imageSearchDrawerCard&spm=a2639h.29135425.offerlist.i0&source=action%23offerItem%3Borigin%23shopee.co.th&amug_biz=oneself&amug_fl_src=awakeId_982","P1","07-17","237044447125","8.69","","20-40美金","20-40单","高价品"
"1","12V 气泵,轮胎气泵,汽车轮胎气泵,轮胎充气泵,电动气泵,汽车和摩托车便携式气泵。","12V 气泵,轮胎气泵,汽车轮胎气泵,轮胎充气泵,电动气泵,汽车和摩托车便携式气泵。","8.68","","https://TH.xiapibuy.com/product/431829443/9952088758","汽车工具","轮胎压力检测器","IVCN202507182239","35299681453","https://detail.1688.com/offer/710592688012.html?spm=a26352.b28411319.offerlist.11.24d61e62FG5lsb","P1","07-17","35299681453","8.68","","20-40美金","20-40单","中价品"
"1","HKS MDK 汽车通用五点接地系统接地线电缆性能","紫色的","8.56","","https://MY.xiapibuy.com/product/140294388/7511746199","汽车内饰配件","锁具与安防","IVCN2025111453003","11828469263","https://detail.1688.com/offer/702712138034.html?kj_agent_plugin=aliprice&fromkv=xytTrace:0","P1","07-17","11828469263","8.56","","20-40美金","20-40单","中价品"
"1","适用于三菱欧蓝德、格兰迪斯、帕杰罗、蓝瑟的改装遥控钥匙外壳（2键）,右侧凹槽","2 按钮左侧胚胎","8.54","https://cf.shopee.ph/file/8505589dfe407e5b8b0f2b37e4f848d9","https://PH.xiapibuy.com/product/513070152/10231751310","汽车钥匙扣和钥匙套","","IVCN2025122212934","38002559573","https://detail.1688.com/offer/792441158622.html?kj_agent_plugin=aliprice&fromkv=xytTrace:2127a84b17676966042565342e0dc5&token=fN%2FsmACbcKTb%2Flr5LUwxDUlZ%2FJyfdUtx2AIYSVj7qlh6tQu6rh1TI1nCEDcc7Wt6","P1","07-17","38002559573","8.54","","20-40美金","20-40单","中价品"
"1","蓝牙5.1接收器,辅助音频适配器,车载免提蓝牙接收器发射器二合一 L00210","蓝牙5.1接收器,辅助音频适配器,车载免提蓝牙接收器发射器二合一 L00210","8.52","","https://TH.xiapibuy.com/product/1100089285/14599698781","汽车内饰配件","USB充电器、FM和蓝牙发射器","IVCN2026071014220","49364158315","https://detail.1688.com/offer/705090737697.html?kj_agent_plugin=aliprice&fromkv=xytTrace:210790e117544623525222788e0f8f&token=k0Rm41jZSSCQveb4mubMrL1k0UFY7cf9yrt4EAbMq7n%2FBFD5Hn2wW3E6C1XD1iQ8","P1","07-17","49364158315","8.52","","20-40美金","20-40单","中价品"
"1","集电环 集电环 换向器 交流发电机 滑动 PS135 KUDA 柴油 L300 2.5","集电环 集电环 换向器 交流发电机 滑动 PS135 KUDA 柴油 L300 2.5","8.51","","https://PH.xiapibuy.com/product/1017226053/22945866750","汽车零部件","发动机零件","IVCN2026021112157","231722597647","https://detail.1688.com/offer/727409095928.html?kj_agent_plugin=aliprice&fromkv=xytTrace:2146938717725118075545830e1043&token=7kYcXK3I2jtb7X80iz3wwTYAaS8kqco0N2DsT2jzhLOjizIJpHUe9RSHKJKhfK6J","P1","07-17","231722597647","8.51","","20-40美金","20-40单","中价品"
"1","Bewell 车载颈枕：柔软舒适,支撑颈部,缓解长途驾驶时的颈部疼痛,100% 真记忆海绵,双锁带设计,佩戴稳固。","黑色的","8.5","","https://TH.xiapibuy.com/product/39233325/6466671131","汽车内饰配件","座椅头枕和靠背","IVCN202604230401","72175042171","相似款：https://detail.1688.com/offer/842425814985.html?kj_agent_plugin=aliprice&fromkv=xytTrace:212b969a17574127262944482e0e75&token=7NX2MSnYJlitjECmvIfbgI1jIKu5c74OhZNi1UW%2Fg0g2KLrTIP8wxVzETEGQo2o2","P0","07-17","72175042171","8.5","","60-80美金","20-40单","高价品"
"1","适用于丰田Hilux Vigo、Fortuner、Innova、Revo、Camry ACV50、ACV51、Altis ZRE172的时钟弹簧（84306-06190）。高品质,安装简便。","适用于丰田Hilux Vigo、Fortuner、Innova、Revo、Camry ACV50、ACV51、Altis ZRE172的时钟弹簧（84306-06190）。高品质,安装简便。","8.5","","https://TH.xiapibuy.com/product/955835605/29562565936","汽车零部件","减震器、支柱和悬架","IVCN2026031329544","246678921786","相似款：https://detail.1688.com/offer/857759285423.html?kj_agent_plugin=aliprice&fromkv=xytTrace:2132815517745810790731105e0e61&token=MqjQORl8iUQaUB8tF3S1st4mDWy3R8QkN1Up8D6TNp8bUMSHvxJ4jtZAQc7WprtX","P1","07-17","246678921786","8.5","","20-40美金","20-40单","高价品"
"1","5/10/20/30毫米铝​​箔隔音隔热泡沫,100x50厘米汽车引擎盖隔热罩隔音降噪垫,适用于车顶、货车车门、后备箱、发动机舱盖、防火墙","100x50厘米-30毫米,未裁切 - 订购更多","8.5","","https://PH.xiapibuy.com/product/931384070/26356830369","汽车内饰配件","地毯和垫子","IVCN2026041036003","166603161035","相似款：https://detail.1688.com/offer/598523926994.html?spm=a26352.b28411319/2508.0.0&cosite=-&tracelog=p4p&_p_isad=1&clickid=ffa3d8ffff474bc485f86e1a78e0e2f3&sessionid=5130ffacbde0d416fd23c517b7ea09c5","P0","07-17","166603161035","8.5","","60-80美金","20-40单","高价品"
"1","（100% 正品）6 USB 车载逆变器,12V-24V 转 220V 汽车/卡车电源转换器,将汽车电源转换为类似家用电压。","2个USB接口（1500W）","8.43","https://cf.shopee.co.th/file/sg-11134201-22110-i5yfjuuzd2jvc8","https://TH.xiapibuy.com/product/377427371/20863228771","汽车内饰配件","USB充电器、FM和蓝牙发射器","IVCN202512092133","220298186634","https://detail.1688.com/offer/629411034686.html","P1","07-17","220298186634","8.43","","20-40美金","20-40单","中价品"
"1","燃油喷射泵总成（含免费垫片和2个气门油封）,适用于186F-190F风冷柴油发动机,功率10-16马力","燃油喷射泵总成（含免费垫片和2个气门油封）,适用于186F-190F风冷柴油发动机,功率10-16马力","8.42","","https://PH.xiapibuy.com/product/505054976/20252644509","汽车零部件","发动机零件","IVCN202512228450","174701161698","无同款","P1","07-17","174701161698","8.42","","20-40美金","20-40单","高价品"
"2","2个BA15S BAU15S 1156 1157 T20 7440 W21W W21/5W PY21W P21W LED转向灯CanBus琥珀色/红色/白色刹车/倒车/转向灯144 SMD","1157-P21/5W-BAY15D,琥珀黄","8.4","https://cf.shopee.ph/file/ph-11134201-7qul0-lf2ofvn3vw5w37","https://PH.xiapibuy.com/product/519481632/20179127924","汽车零部件","电子","IVCN202605132189","214248672124","https://detail.1688.com/offer/809689405919.html?kj_agent_plugin=aliprice&fromkv=xytTrace:212bc12a17398490921164386e1b9d&token=BphxeQ%2BlmWe2ynyqk4Jf9fLHuBUeskWbl7joVJXSqU%2FUzq%2Brg%2B5X89SAo%2FNfZGzR","P0","07-17","214248672124","8.4","","20-40美金","20-40单","中价品"
"1","适用于2007-2018款雪佛兰Captiva的2根前引擎盖支撑杆（含气弹簧）","适用于2007-2018款雪佛兰Captiva的2根前引擎盖支撑杆（含气弹簧）","8.38","","https://TH.xiapibuy.com/product/869013843/42358023609","汽车零部件","减震器、支柱和悬架","IVCN2026021114485","260679279942","相似款：https://detail.1688.com/offer/599364541275.html?fromkv=cbuPcPlugin:imageSearchDrawerCard&spm=a2639h.29135425.offerlist.i0&source=action%23offerItem%3Borigin%23shopee.co.th&amug_biz=oneself&amug_fl_src=awakeId_982","P1","07-17","260679279942","8.38","","20-40美金","20-40单","高价品"
"1","免费赠送 VIGO 1KD、2KD、COMMUTER、INNOVA（铝制）气门室盖垫片 + 气门座密封件。","免费赠送 VIGO 1KD、2KD、COMMUTER、INNOVA（铝制）气门室盖垫片 + 气门座密封件。","8.33","","https://TH.xiapibuy.com/product/283721754/17237916004","汽车零部件","发动机零件","IVCN2026051316805","116045837199","https://detail.1688.com/offer/583488782582.html?kj_agent_plugin=aliprice&fromkv=xytTrace:0b5681be17640652241335242e0f43&token=uil08T1ArbKqjRrWeM2Aic2w6n6Q%2BCNdiuw0xw0%2Fjn6CbMzNMMCeKJYjDhS9vo9Q","P1","07-17","116045837199","8.33","","40-60美金","20-40单","高价品"
"1","PL-5555 防水车牌框,超薄边框,一对装。长 35 厘米,宽 16 厘米。适用于所有车型。颜色：黑色凯夫拉、白色、黑色。","凯夫拉","8.3","https://cf.shopee.co.th/file/th-11134207-7r98p-lt1y6q9lmcfi76","https://TH.xiapibuy.com/product/125062244/25664236335","汽车外饰配件","车牌配件","IVCN2026021111821","226061612845","https://detail.1688.com/offer/906297203835.html?fromkv=cbuPcPlugin:imageSearchDrawerCard&spm=a2639h.29135425.offerlist.i12&source=action%23offerItem%3Borigin%23shopee.co.th&amug_biz=oneself&amug_fl_src=awakeId_982","P1","07-17","226061612845","8.3","","20-40美金","20-40单","中价品"
"1","三菱汽车专用真皮遥控钥匙套。","3 个按钮 - 红线","8.29","https://cf.shopee.co.th/file/cn-11134207-7ras8-mbhqzm4pylgw0c","https://TH.xiapibuy.com/product/537265695/15703819394","汽车钥匙扣和钥匙套","","IVCN2025091210996","132458567742","相似款：https://detail.1688.com/offer/739721907536.html?kj_agent_plugin=aliprice&fromkv=xytTrace:0bf8994c17580139231314467e0d97&token=Y1Qu5p9GJrNBPmDqCo3YU2V8DoagkMmnDKFd70kIDdDtqxacbomGsU27A1EGb7nH","P1","07-17","132458567742","8.29","","20-40美金","20-40单","中价品"
"1","高品质汽车标志,适用于 Demolay,带红色粘合剂","金色,3英寸","8.28","https://cf.shopee.ph/file/cn-11134207-7qukw-lgt4ljmtr0m7de","https://PH.xiapibuy.com/product/250270260/14097462429","汽车外饰配件","贴纸、标志和徽章","IVCN2026021111731","225208912953","无同款","P1","07-17","225208912953","8.28","","20-40美金","20-40单","中价品"
"2","汽车橡胶密封条 车顶窗密封条 汽车橡胶密封胶贴纸配件 防尘防水","30毫米*8米","8.27","https://cf.shopee.com.my/file/cn-11134207-820l4-mi2v7hst49vs49","https://MY.xiapibuy.com/product/167160789/6850440606","汽车外饰配件","其他的","IVCN202606155691","325276951166","https://detail.1688.com/offer/992463324914.html?kj_agent_plugin=aliprice&fromkv=xytTrace:0bb405a417695007012612715e0df4&token=Kvs4ooj8%2FZlQEcSTSiELZTzte%2BZxAjLwepjROvO%2FX7NvYcGWjUvKDD%2BOeYQezTOJ","P1","07-17","325276951166","8.27","","20-40美金","20-40单","高价品"
"2","UFO 割草机变速箱,28 毫米 x 9 齿。","金色UFO","8.25","https://cf.shopee.co.th/file/dbc85268b55e63bf3313cb33133f6333","https://TH.xiapibuy.com/product/24385266/1729814868","汽车内饰配件","踏板和变速杆","IVCN202607108126","28069432333","https://detail.1688.com/offer/634312689996.html?kj_agent_plugin=aliprice&fromkv=xytTrace:212b5ecd17465208562777519e125e&token=rOAJe%2BCLMWAVOmjVY2New2Z0947taetUzcrtvsMz97LtiS%2FLne1YmCat3b%2FqvSDb","P1","07-17","28069432333","8.25","","20-40美金","20-40单","中价品"
"2","UFO 割草机变速箱,28 毫米 x 9 齿。","黑色和银色的不明飞行物","8.25","https://cf.shopee.co.th/file/39287d6840935c1d3779da7df11c7481","https://TH.xiapibuy.com/product/24385266/1729814868","汽车内饰配件","踏板和变速杆","IVCN202607108126","28069432332","https://detail.1688.com/offer/634312689996.html?kj_agent_plugin=aliprice&fromkv=xytTrace:2146915b17501432605175378e153b&token=rOAJe%2BCLMWAVOmjVY2New%2Baz3soPIhsD4shQLcUsbkvqOyix591B84H03XYDhHpX","P1","07-17","28069432332","8.25","","20-40美金","20-40单","中价品"
"1","caraudio2560 CROSSFIRE-X 200A 汽车保险丝座,有 4 种尺寸可供选择,可防止电气过载或短路。","1/2 - 200A","8.23","https://cf.shopee.co.th/file/th-11134207-7rasi-m59oha4lvenrd2","https://TH.xiapibuy.com/product/89694975/26524109166","汽车零部件","电子","IVCN202607108798","257515272408","https://detail.1688.com/offer/862819536514.html?fromkv=cbuPcPlugin:imageSearchDrawerCard&spm=a2639h.29135425.offerlist.i3&source=action%23offerItem%3Borigin%23shopee.co.th&amug_biz=oneself&amug_fl_src=awakeId_982","P1","07-17","257515272408","8.23","","20-40美金","20-40单","中价品"
"1","🔥德国进口🔥 汽车挡风玻璃修复液,裂纹修复套装,15分钟快速修复,轻松修复裂纹。","样式 1","8.2","https://cf.shopee.co.th/file/th-11134207-81zte-mhlshwxnxwxse0","https://TH.xiapibuy.com/product/418036283/46302297856","汽车保养","玻璃护理和防水剂","IVCN202605133931","228212187178","https://detail.1688.com/offer/770001737545.html?spm=a26352.b28411319/2508.0.0&cosite=-&tracelog=p4p&_p_isad=1&clickid=d4c712fc0b0f48b3a0906c5e750a7ae4&sessionid=1b18e9b8f89af777a03524ed5fb7a8dc","P0","07-17","228212187178","8.2","","20-40美金","20-40单","中价品"
"1","66785 活塞环套装,铝制,手动,120目,配件 66786","银","8.17","https://cf.shopee.co.th/file/sg-11134201-7qvdo-ljqp9xn280se04","https://TH.xiapibuy.com/product/1105571579/22785187366","汽车零部件","其他的","IVCN202605134201","232212734732","https://detail.1688.com/offer/681542143190.html?fromkv=cbuPcPlugin:imageSearchDrawerCard&spm=a2639h.29135425.offerlist.i12&source=action%23offerItem%3Borigin%23cf.shopee.co.th&amug_biz=oneself&amug_fl_src=awakeId_982","P1","07-17","232212734732","8.17","","20-40美金","20-40单","高价品"
"4","M12.1-M18.1 机油放油螺塞加大号背负式不锈钢自攻油底壳螺纹修复套件（带O型圈扳手）","OS-1002-M12.1/1.25","8.14","https://cf.shopee.ph/file/cn-11134207-7r98o-lnqja9xf1xfs93","https://PH.xiapibuy.com/product/865010681/23685796950","汽车工具","其他的","IVCN2026061513403","225774150270","https://detail.1688.com/offer/891876407604.html?fromkv=cbuPcPlugin:imageSearchDrawerCard&spm=a2639h.29135425.offerlist.i13&source=action%23offerItem%3Borigin%23cf.shopee.ph&amug_biz=oneself&amug_fl_src=awakeId_982","P1","07-17","225774150270","8.14","","20-40美金","20-40单","中价品"
"1","适用于 2025 款 GACV EV/Gen2 SUV,中央控制台下方储物盒,TPE 防滑中央控制整理托盘,内饰配件。","适用于 2025 款 GACV EV/Gen2 SUV,中央控制台下方储物盒,TPE 防滑中央控制整理托盘,内饰配件。","8.06","","https://TH.xiapibuy.com/product/265065114/26330154862","汽车内饰配件","收纳盒和隔层","IVCN2026041035471","147743538070","https://detail.1688.com/offer/828047835847.html?fromkv=cbuPcPlugin:imageSearchDrawerCard&spm=a2639h.29135425.offerlist.i6&source=action%23offerItem%3Borigin%23shopee.co.th&amug_biz=oneself&amug_fl_src=awakeId_982","P1","07-17","147743538070","8.06","","20-40美金","20-40单","中价品"
"1","适用于五十铃 D-MAX 2003-2011 和雪佛兰 Colorado 2004-2011 的后挡板把手（镀铬）D-Max 后挡板把手","适用于五十铃 D-MAX 2003-2011 和雪佛兰 Colorado 2004-2011 的后挡板把手（镀铬）D-Max 后挡板把手","8.03","","https://TH.xiapibuy.com/product/131036934/4131823949","汽车零部件","其他的","IVCN202508287602","52159273455","https://detail.1688.com/offer/953292644483.html?kj_agent_plugin=aliprice&fromkv=xytTrace:0","P1","07-17","52159273455","8.03","","40-60美金","20-40单","中价品"
"1","【🇸🇬】本地卖家,最便宜的P牌汽车、摩托车、货车、厢式货车3M","2件吸盘","8","https://cf.shopee.sg/file/sg-11134207-822xa-mo6m4z2gvls136","https://SG.xiapibuy.com/product/1147268571/42930833845","汽车外饰配件","贴纸、标志和徽章","IVCN202607108648","355915020077","https://detail.1688.com/offer/1055846773948.html?spm=a26352.b28411319/2508.0.0&cosite=-&tracelog=p4p&_p_isad=1&clickid=81a38e8f64014015b34716036dba960e&sessionid=534fcb7a40fb4b7294652d026266747a","P0","07-17","355915020077","8","","20-40美金","20-40单","高价品"
"1","CT-536G制冷剂压力表套装,用于测量R22、R12、R404、R134a和R32制冷剂。配备35英寸软管。制冷剂压力表,空调制冷剂充注压力表套装。","黑色的","8","https://cf.shopee.co.th/file/sg-11134201-7rd4m-lw07ha1lfue638","https://TH.xiapibuy.com/product/1060234925/24831575333","汽车零部件","散热器、发动机冷却和气候控制","IVCN2026041042335","250938721405","https://detail.1688.com/offer/642570682119.html?kj_agent_plugin=aliprice&fromkv=xytTrace:0","P1","07-17","250938721405","8","","40-60美金","20-40单","高价品"
"1","1/2/4件装三菱汽车车顶拉手手套汽车内门扶手套绒毛把手保护套,适用于三菱Xpander Cross Mirage G4 Lancer Outlander Pajero Montero Sport Strada","三菱 - 黑色,4 件装","8","https://cf.shopee.ph/file/sg-11134201-7rbl4-lq8qiv7y0zlx4a","https://PH.xiapibuy.com/product/427611263/23189106002","汽车内饰配件","其他的","IVCN2026041037747","207261043664","https://detail.1688.com/offer/848199991362.html?fromkv=cbuPcPlugin:imageSearchDrawerCard&spm=a2639h.29135425.offerlist.i0&source=action%23offerItem%3Borigin%23shopee.ph&amug_biz=oneself&amug_fl_src=awakeId_982","P0","07-17","207261043664","8","","20-40美金","20-40单","中价品"
"1","Kstone 9.00R20 卡车内胎,带长气嘴。","Kstone 9.00R20 卡车内胎,带长气嘴。","8","","https://TH.xiapibuy.com/product/362030908/28077098603","汽车零部件","轮胎及配件","IVCN2025101415733","198238527528","相似款：https://detail.1688.com/offer/979635627158.html?kj_agent_plugin=aliprice&fromkv=xytTrace:0","P0","07-17","198238527528","8","","20-40美金","20-40单","高价品"
"1","正品Alcantara面料可以将老旧的汽车内饰焕然一新,尽显奢华质感,并有助于延长汽车的使用寿命。它还可以用于其他家具的DIY改造。安装简便。","黑色,宽 50 厘米,长 145 厘米。","8","https://cf.shopee.co.th/file/th-11134207-7rasi-m1gkfvw673lj2b","https://TH.xiapibuy.com/product/339824439/27214258596","汽车保养","室内护理","IVCN2026051323413","178473303412","无同款","P0","07-17","178473303412","8","","20-40美金","20-40单","高价品"
"1","OneAudio HK 2英寸 4Ω 20W 高音喇叭 2英寸号角高音喇叭 汽车音响高音扬声器","升级版 2 英寸 4Ω 20W","8","https://cf.shopee.ph/file/cn-11134207-7r98o-lyua63fdkf3n88","https://PH.xiapibuy.com/product/1274006410/24981830586","汽车内饰配件","功放、扬声器和低音炮","IVCN202604230901","148742434394","https://detail.1688.com/offer/675524150004.html?kj_agent_plugin=aliprice&fromkv=xytTrace:0","P0","07-17","148742434394","8","","20-40美金","20-40单","中价品"
"2","威驰 NCP93 NCP150 散热器水管三通接头加注口铝制 雅力士 NCP91 恒温器壳体三通接头","进水","7.99","https://cf.shopee.com.my/file/sg-11134201-22110-zohs7ybcr8jv3a","https://MY.xiapibuy.com/product/869009507/17195859395","汽车零部件","散热器、发动机冷却和气候控制","IVCN202605133555","225576217017","https://detail.1688.com/offer/628175346558.html?kj_agent_plugin=aliprice&fromkv=xytTrace:0","P1","07-17","225576217017","7.99","","20-40美金","20-40单","中价品"
"1","带翼牵引杆端,7/8 英寸孔,适用于久保田 L3608、L4018、L4508、L4708、L5018 和 L 系列拖拉机。","带翼牵引杆端,7/8 英寸孔,适用于久保田 L3608、L4018、L4508、L4708、L5018 和 L 系列拖拉机。","7.99","","https://TH.xiapibuy.com/product/255178350/27118976928","汽车零部件","其他的","IVCN2026061510011","166828434576","相似款：https://detail.1688.com/offer/793234323399.html?lang=zh&kjSource=pc&fromkv=refer%3AHVDFOR2TGRCFGTSGKJLUWVCDKFGDIM2UKNGVUU2HJUZEIR2NKJKEOTJUKRJVQM2NJ5BEMV2LGZGFQTRVLJDUSVJTIZGUMWSHI4ZEGN2HIUZVIT2NKJMEOQJSIRIU4QSVI5ITIRCJLAZTGUCVHU6T2PJ5JU111111&bizType=saasTool&customerId=alipriceLP","P1","07-17","166828434576","7.99","","20-40美金","20-40单","中价品"
"4","M12.1-M18.1 机油放油螺塞加大号背负式不锈钢自攻油底壳螺纹修复套件（带O型圈扳手）","OS-1002-M12.1/1.5","7.98","https://cf.shopee.ph/file/cn-11134207-7r98o-lnqja9xf3c0844","https://PH.xiapibuy.com/product/865010681/23685796950","汽车工具","其他的","IVCN2026061513403","225774150271","https://detail.1688.com/offer/891876407604.html?fromkv=cbuPcPlugin:imageSearchDrawerCard&spm=a2639h.29135425.offerlist.i13&source=action%23offerItem%3Borigin%23cf.shopee.ph&amug_biz=oneself&amug_fl_src=awakeId_982","P1","07-17","225774150271","7.98","","20-40美金","20-40单","中价品"
"1","OneAudio DC 8V-80V LCD 电池电量指示器,适用于 DIY 扬声器、电池状态指示器、电压表 (21V)。","丰富多彩的","7.97","https://cf.shopee.co.th/file/th-11134207-7qul4-lfgn0h50jax305","https://TH.xiapibuy.com/product/368142078/18878292454","汽车零部件","其他的","IVCN202506111896","118054467139","相似款：https://detail.1688.com/offer/749883584778.html?kj_agent_plugin=aliprice&fromkv=xytTrace:0","P1","07-17","118054467139","7.97","","20-40美金","20-40单","中价品"
"1","20个W5W T10 LED灯泡,带CAN总线,5730V,6000K,194/168,适用于汽车内饰阅读灯、顶灯、停车灯和信号灯。","20个白色","7.93","","https://BR.xiapibuy.com/product/749123852/17659604568","汽车零部件","电子","IVCN2026041035903","162334007914","https://detail.1688.com/offer/669888085476.html?kj_agent_plugin=aliprice&fromkv=xytTrace:0","P1","07-17","162334007914","7.93","","20-40美金","20-40单","中价品"
"8","防水汽车牌照框,欧式和日式款式（前后车牌框一对）。","白色线条上有黑色圆点","7.85","https://cf.shopee.co.th/file/th-11134207-7rash-m5tuynjdawfqbe","https://TH.xiapibuy.com/product/119954740/12272830809","汽车外饰配件","车牌配件","IVCN202606158859","137977707462","https://detail.1688.com/offer/796613182125.html?kj_agent_plugin=aliprice&fromkv=xytTrace:0","P1","07-17","137977707462","7.85","","20-40美金","20-40单","中价品"
"8","防水汽车牌照框,欧式和日式款式（前后车牌框一对）。","全白。","7.83","https://cf.shopee.co.th/file/th-11134207-7rasa-m5tuyk4qacyy4c","https://TH.xiapibuy.com/product/119954740/12272830809","汽车外饰配件","车牌配件","IVCN202606158859","137977707461","https://detail.1688.com/offer/796613182125.html?kj_agent_plugin=aliprice&fromkv=xytTrace:0","P1","07-17","137977707461","7.83","","20-40美金","20-40单","中价品"
"1","铃木Transformer DA63T DA64V DA64W DA17V DA17W DA65 DA65T前刹车片（碟刹片）","刹车片","7.82","https://cf.shopee.ph/file/sg-11134201-7rfhu-m9dukmjmc5zte2","https://PH.xiapibuy.com/product/1519841371/24444980163","汽车零部件","制动系统","IVCN202607108560","208501959503","相似款：https://detail.1688.com/offer/814258044285.html?spm=a26352.b28411319.offerlist.44.aeab1e62UnWuMj","P1","07-17","208501959503","7.82","","20-40美金","20-40单","中价品"
"1","二合一车载杯架扩展器,带长臂手机支架 | 360°旋转,兼容所有智能手机,节省空间","黑色的","7.81","https://cf.shopee.com.my/file/sg-11134201-8261g-mjgs3o2cgsg050","https://MY.xiapibuy.com/product/182712235/47904672720","汽车内饰配件","手机支架","IVCN2026061521265","430432618201","相似款：https://detail.1688.com/offer/839264947845.html?kj_agent_plugin=aliprice&fromkv=xytTrace:2132815517816066284771459e0c3b&token=dpM2mvuaGRECUwizZNuAoIB02OpbebFJ22OSo9nKi4fTTNyjPA00XSvqaE93AMhA","P1","07-17","430432618201","7.81","","20-40美金","20-40单","高价品"
"1","适用于特斯拉 Model Y YL 2025 2026 六座车型的前置摄像头镜头盖保护罩,前摄像头保护盖,外部配件,零零","MY/YL 25-26 相机盖","7.8","https://cf.shopee.ph/file/sg-11134201-820lo-mnvumscyascled","https://PH.xiapibuy.com/product/1654750683/45809995972","汽车外饰配件","其他的","IVCN202607108270","325880721066","相似款：https://detail.1688.com/offer/1064370104383.html?kj_agent_plugin=aliprice&fromkv=xytTrace:2154647417840867525552868e0fe4&token=CMAaPlAJjNQB2%2FarfkM3Yf5eD1vMrSaEQ6ZZA4b%2BptPZBOuC28cZCTxNZiTbo590","P0","07-17","325880721066","7.8","","20-40美金","20-40单","高价品"
"1","🚚现货🚚 COD 数字轮胎压力表 + 充气泵套装,220 PSI 压力表 + 充气泵,36cm 铜管。","黑色的","7.78","https://cf.shopee.co.th/file/sg-11134201-824gm-mpvyip0h60b14e","https://TH.xiapibuy.com/product/1299464874/26112254832","汽车工具","轮胎压力检测器","IVCN202605133263","223257469766","https://detail.1688.com/offer/648898778507.html?kj_agent_plugin=aliprice&fromkv=xytTrace:0","P1","07-17","223257469766","7.78","","20-40美金","20-40单","中价品"
"1","5件套/9件套真皮汽车座椅套。穿着舒适。现货供应。","2 个座位（黑色和红色）","7.74","https://cf.shopee.co.th/file/cn-11134207-7ras8-m83kxi85u0he98","https://TH.xiapibuy.com/product/1377639599/27231752922","汽车内饰配件","座椅及座椅套","IVCN2026041034275","99148838901","https://detail.1688.com/offer/835669641172.html?kj_agent_plugin=aliprice&fromkv=xytTrace:2108837b17641535110078445e0dd1&token=WdvBcUYmw9eP7OpF4zx90YjLsNNxU5FDU9Z1zpKHO%2FRFjz0SI0TGMZa33OtSHAYe","P1","07-17","99148838901","7.74","","20-40美金","20-40单","高价品"
"1","超棒的颈部、肩部、背部支撑枕,头枕,记忆海绵,柔软皮革,汽车靠背。","黑色 -- 一套 -- B","7.71","https://cf.shopee.co.th/file/th-11134207-81ztl-mjt7eliyob2d24","https://TH.xiapibuy.com/product/1361835101/41355200275","汽车内饰配件","座椅头枕和靠背","IVCN2026021114025","400472608092","https://detail.1688.com/offer/903495438045.html?spm=a26352.b28411319/2508.0.0","P1","07-17","400472608092","7.71","","20-40美金","20-40单","中价品"
"2","2个BA15S BAU15S 1156 1157 T20 7440 W21W W21/5W PY21W P21W LED转向灯CanBus琥珀色/红色/白色刹车/倒车/转向灯144 SMD","1156-P21W-BA15S 180º,红色","7.7","https://cf.shopee.ph/file/ph-11134201-7qul4-lf2ofmsksm8k57","https://PH.xiapibuy.com/product/519481632/20179127924","汽车零部件","电子","IVCN2026061512499","214248672128","https://detail.1688.com/offer/769067776267.html?kj_agent_plugin=aliprice&fromkv=xytTrace:2107d64617513535828317103e177e&token=a7gjXo%2FaDXqYMMXOxpbqVoYWtz8oElYisBFGUEFF%2BzHkT0grMemE4N3aD6Oi2lER","P1","07-17","214248672128","7.7","","20-40美金","20-40单","中价品"
"1","适用于 Robin Wisconsin EY15 5.0HP EY20 Ey20d Ey20d 167f 227-62450-10 的发电机发动机化油器","适用于 Robin Wisconsin EY15 5.0HP EY20 Ey20d Ey20d 167f 227-62450-10 的发电机发动机化油器","7.68","","https://PH.xiapibuy.com/product/139042172/14680054490","汽车零部件","发动机零件","IVCN2026071012442","135493524402","https://detail.1688.com/offer/833840714220.html?kj_agent_plugin=aliprice&fromkv=xytTrace:210790e117454642934074518e1303&token=VFdJinSxwkL%2B5ukfj4XaAP%2B8g%2B9JKLIRRbGmiAa7txkmGNN1PXXZEr%2Bu78CcqF9T","P1","07-17","135493524402","7.68","","20-40美金","20-40单","中价品"
"2","（BB8M3Q 500 减价至 65 泰铢）正品不锈钢车牌框,一对。防锈、坚固、耐用,至少可使用 5 年。>>>箭头设计<<<<","丰田 [条纹设计]","7.66","https://cf.shopee.co.th/file/th-11134207-7ra0r-mc811whxh22nbf","https://TH.xiapibuy.com/product/62144331/4793116552","汽车外饰配件","车牌配件","IVCN202606155459","36171857189","https://detail.1688.com/offer/601494390965.html?kj_agent_plugin=aliprice&fromkv=xytTrace:0","P1","07-17","36171857189","7.66","","20-40美金","20-40单","中价品"
"1","Proton X50 雨刮片双橡胶前挡风玻璃雨刮器","Proton X50【24+18】P","7.61","https://cf.shopee.com.my/file/cn-11134207-7r98o-loq4tdp5ytf0bb","https://MY.xiapibuy.com/product/468959095/23987443122","汽车零部件","挡风玻璃雨刮器和清洗器","IVCN202605133091","222324757172","相似款：https://detail.1688.com/offer/851971259760.html?kj_agent_plugin=aliprice&fromkv=xytTrace:2108837b17538734503598504e114f&token=IL%2BxQNWkeUfBoGfe2cYAOtcN%2BMB%2BSlks8Qc2mCpMWqYJJ90cylF0X2euIgVdlvF3","P1","07-17","222324757172","7.61","","20-40美金","20-40单","中价品"
"1","10个5V/12V/24V 20A直流电源继电器 SRA-05VDC-CL SRA-12VDC-CL SRA-24VDC-CL 5针PCB型 现货 黑色 汽车继电器","12V,10个","7.61","","https://PH.xiapibuy.com/product/313430978/5363640918","汽车零部件","电子","IVCN202606157993","112368418791","","P1","07-17","112368418791","7.61","","20-40美金","20-40单","中价品"
"1","10-50个装汽车螺丝垫片,适用于丰田汽车发动机密封铝制放油螺塞螺丝垫圈,易损件,汽车替换配件","50个","7.6","https://cf.shopee.com.my/file/sg-11134201-7rdvk-lzixk9bj91yk47","https://MY.xiapibuy.com/product/164761046/27509482741","汽车零部件","其他的","IVCN202605135277","241486401644","https://detail.1688.com/offer/902981553420.html?kj_agent_plugin=aliprice&fromkv=xytTrace%3A210790e117513585576557228e10ad&token=e2F8%2B9fXVAH%2FwYpkWymw3WxCYnOpEEt8drhhU68rZagObmVMwVQh4vuGuiAOeIPh&tracelog=cps&clickid=97203bb81dfdf08877a985dc0a68de95&targetUrl=https%3A%2F%2Fs.click.1688.com%2Ft%3Fe%3DA6FEAF87A2FCFBDD05C1BD6ABB449CE46147FC88EA630CBAC31FEFBD3966EDE4DF88C915D5486E33D1003E749B3EAAA5861098A75E16F4D226600F2847DABD1A5F0FFA4FF39BCCC320D4625E68D0D47AF6FEC9241CC79F982F2298161E9E1CDC599E55A145F0E3EF4ADA7F392F941B8590EB082E000A881D68F91E9BE1365F817EEF6D6099BA67CE2BA95CC4F9A8AC07255E59DE406BB935C38D5189526AD6A9C62E41EF92E26C793A1B9EFB15182F1F5E97483D73FCC21DACA0D24D6FFAA3BDE2761FB6E73FD45F184AD9B283AA7D9968C6609FA42C0501%26cbu_cps_trace_flag%3Dwrite","P1","07-17","241486401644","7.6","","20-40美金","20-40单","中价品"
"3","虹吸软管,吸油软管[钢丝增强软管],用于灌油,耐热,防锈吸头,黄铜阀门,防锈 - [泰国发货]","4/10英寸+2米电缆","7.58","https://cf.shopee.co.th/file/th-11134207-7rasf-m21c654ia9xyc3","https://TH.xiapibuy.com/product/51809782/26516185771","其他的","","IVCN202607107996","233404327697","相似款：https://detail.1688.com/offer/938171254239.html?spm=a26352.b28411319.offerlist.13.21eb1e62nGdx54","P1","07-17","233404327697","7.58","","20-40美金","20-40单","中价品"
"1","M12.1-M18.1 机油放油螺塞加大号背负式不锈钢自攻油底壳螺纹修复套件（带O型圈扳手）","OS-1002-M14.1/1.5","7.5","https://cf.shopee.ph/file/cn-11134207-7r98o-lnqja9xf7jpkfc","https://PH.xiapibuy.com/product/865010681/23685796950","汽车工具","其他的","IVCN202508287608","225774150274","https://detail.1688.com/offer/775938910728.html?spm=a26352.b28411319/2508.0.0.75fa1e62YIvDtP","P1","07-17","225774150274","7.5","","20-40美金","20-40单","中价品"
"1","【本地现货】适用于川崎摩托车的6针转16针OBD2摩托车适配器线缆,OBD2诊断扫描工具,摩托车OBD 2延长扫描仪线缆连接器,适用于ELM327 V1.5","【本地现货】适用于川崎摩托车的6针转16针OBD2摩托车适配器线缆,OBD2诊断扫描工具,摩托车OBD 2延长扫描仪线缆连接器,适用于ELM327 V1.5","7.47","","https://PH.xiapibuy.com/product/1005972867/16097569532","汽车工具","测试、诊断和维修工具","IVCN2026041036783","186770268717","https://detail.1688.com/offer/658415313674.html","P1","07-17","186770268717","7.47","","20-40美金","20-40单","中价品"
"1","汽车内饰多用途泡沫清洁剂喷雾,可抛光皮革,260毫升","2瓶","7.44","https://cf.shopee.ph/file/cn-11134207-820l4-meo34gfzllojbe","https://PH.xiapibuy.com/product/1582335721/43769033867","汽车保养","室内护理","IVCN2026061517667","291560334254","https://detail.1688.com/offer/654706007464.html?fromkv=cbuPcPlugin:imageSearchDrawerCard&spm=a2639h.29135425.offerlist.i1&source=action%23offerItem%3Borigin%23shopee.ph&amug_biz=oneself&amug_fl_src=awakeId_982","P1","07-17","291560334254","7.44","","20-40美金","20-40单","中价品"
"1","🚀泰国发货🚀 12V/24V QC3.0 USB PD 快充充电器,带盖,4 口车载充电器,防水面板插座,适用于汽车、船舶、巴士和房车","2 个端口：（PD + 3.1A）","7.36","https://cf.shopee.co.th/file/cn-11134207-820l4-mmgyxq2in95b5a","https://TH.xiapibuy.com/product/120936268/52001825614","汽车内饰配件","USB充电器、FM和蓝牙发射器","IVCN2026061519987","375169423631","https://detail.1688.com/offer/997411137829.html?lang=zh&kjSource=pc&fromkv=refer:HVDFOR2TGRCFGTSGKJLUWVCDKFGDINCUKNHFUVKHIVMVIQ2NLJMEQQK2IRJVQM2NJ5BEMV2LGZGFQTRVLJDUSVJTIZGUMWSHI4ZEGN2HIUZVITKPIJNEQQJSKRBU4WSRI5AVUVCLLAZTGUCVHU6T2PJ5JU111111&bizType=saasTool&customerId=alipriceLP","P1","07-17","375169423631","7.36","","20-40美金","20-40单","中价品"
"4","M12.1-M18.1 机油放油螺塞加大号背负式不锈钢自攻油底壳螺纹修复套件（带O型圈扳手）","OS-1002-M14.1/1.25","7.32","https://cf.shopee.ph/file/cn-11134207-7r98o-lnqja9xf6554d4","https://PH.xiapibuy.com/product/865010681/23685796950","汽车工具","其他的","IVCN2026061513403","225774150273","https://detail.1688.com/offer/775938910728.html?spm=a26352.b28411319/2508.0.0.75fa1e62YIvDtP","P1","07-17","225774150273","7.32","","20-40美金","20-40单","中价品"
"1","（曼谷现货）汽车大灯抛光机、大灯抛光套装、大灯镀膜套装、大灯修复、汽车大灯抛光。","整套（100毫升）","7.29","https://cf.shopee.co.th/file/th-11134207-7r98o-m0crdeuuytoaad","https://TH.xiapibuy.com/product/351986557/11689955303","汽车保养","抛光剂、涂层和密封剂","IVCN2026071011364","170996896127","https://detail.1688.com/offer/634944823611.html?fromkv=cbuPcPlugin:imageSearchDrawer&spm=a2639h.29135425.offerlist.i6&source=action%23offerItem%3Borigin%23shopee.co.th&amug_biz=oneself&amug_fl_src=awakeId_982","P1","07-17","170996896127","7.29","","20-40美金","20-40单","中价品"
"2","（BB8M3Q 500 减价至 65 泰铢）正品不锈钢车牌框,一对。防锈、坚固、耐用,至少可使用 5 年。>>>箭头设计<<<<","五十铃 [线稿]","7.28","https://cf.shopee.co.th/file/th-11134207-7ra0m-mc811z71iycc71","https://TH.xiapibuy.com/product/62144331/4793116552","汽车外饰配件","车牌配件","IVCN202606155459","36171857188","https://detail.1688.com/offer/601494390965.html?kj_agent_plugin=aliprice&fromkv=xytTrace:0","P1","07-17","36171857188","7.28","","20-40美金","20-40单","中价品"
"1","T型密封条 14/19mm 通用挡风玻璃套件","19毫米 - 6米","7.2","https://cf.shopee.com.br/file/cn-11134207-820l4-mn6o01xmqoeeec","https://BR.xiapibuy.com/product/1748398181/53759044246","汽车外饰配件","其他的","IVCN2026071011026","445802086252","https://detail.1688.com/offer/980331267378.html?spm=a26352.b28411319/2508.0.0","P0","07-17","445802086252","7.2","","20-40美金","20-40单","高价品"
"1","Gugus燃油箱盖锁释放执行器76520-77J00,适用于铃木Swift SX4 Vitara","Gugus燃油箱盖锁释放执行器76520-77J00,适用于铃木Swift SX4 Vitara","7.15","","https://PH.xiapibuy.com/product/302189971/11339203638","汽车内饰配件","锁具与安防","IVCN2026051314853","94538856658","https://detail.1688.com/offer/741586424812.html?spm=a26352.b28411319/2508.0.0","P1","07-17","94538856658","7.15","","20-40美金","20-40单","低价品"
"4","M12.1-M18.1 机油放油螺塞加大号背负式不锈钢自攻油底壳螺纹修复套件（带O型圈扳手）","OS-1002-M16.1/1.5","7.13","https://cf.shopee.ph/file/cn-11134207-7r98o-lnqja9xf8ya0f9","https://PH.xiapibuy.com/product/865010681/23685796950","汽车工具","其他的","IVCN2026061513403","225774150275","https://detail.1688.com/offer/891876407604.html?fromkv=cbuPcPlugin:imageSearchDrawerCard&spm=a2639h.29135425.offerlist.i13&source=action%23offerItem%3Borigin%23cf.shopee.ph&amug_biz=oneself&amug_fl_src=awakeId_982","P1","07-17","225774150275","7.13","","20-40美金","20-40单","中价品"
"4","高品质160毫升车载香水多功能香氛空气清新剂智能扩散器除臭家居清新剂","桂花","7.13","https://cf.shopee.ph/file/cn-11134207-7r98o-lmvfst0wnzfmce","https://PH.xiapibuy.com/product/946590885/19994188299","汽车内饰配件","香水、空气清新剂和净化器","IVCN2026061511055","194653157369","https://detail.1688.com/offer/771009471461.html?kj_agent_plugin=aliprice&fromkv=xytTrace%3A0&tracelog=cps&clickid=190a2c8eee508a32d0b2ed1a5db77844","P1","07-17","194653157369","7.13","","20-40美金","20-40单","中价品"
"1","8片装汽车车门保护膜,采用耐用PVC材质,适用于大众Polo、高尔夫、帕萨特、途观、甲壳虫等车型。","8 件","7.1","https://cf.shopee.com.br/file/sg-11134201-7rdvr-md5yeyc5rgpa2d","https://BR.xiapibuy.com/product/1582459370/44261994423","汽车外饰配件","贴纸、标志和徽章","IVCN2026031331298","286005312826","https://detail.1688.com/offer/727478119623.html?kj_agent_plugin=aliprice&fromkv=xytTrace:2133d7d417660554814144639e0f6d&token=%2FcyQtka4EmheOonS5HZjWCVgRVYrKUnHM%2FCVvFuk7uzwPPUlVTvDnoxbA%2Bq27KUQ","P1","07-17","286005312826","7.1","","20-40美金","20-40单","中价品"
"1","高亮度 COB 聚光灯,35mm 厚铝制外壳,现货供应,快速发货。","圆形的","7.1","https://cf.shopee.co.th/file/th-11134207-81ztl-mphmuqyq6ntbfe","https://TH.xiapibuy.com/product/527433953/15563522305","汽车零部件","其他的","IVCN2026071010928","143133997543","相似款：https://detail.1688.com/offer/949640937151.html?kj_agent_plugin=aliprice&fromkv=xytTrace:0","P1","07-17","143133997543","7.1","","20-40美金","20-40单","中价品"
"1","高亮度 COB 聚光灯,35mm 厚铝制外壳,现货供应,快速发货。","边缘","7.1","https://cf.shopee.co.th/file/th-11134207-81zto-mphmuag5u68c73","https://TH.xiapibuy.com/product/527433953/15563522305","汽车零部件","其他的","IVCN2026041035327","143133997542","相似款：https://detail.1688.com/offer/791614828894.html?fromkv=cbuPcPlugin:imageSearchDrawerCard&spm=a2639h.29135425.offerlist.i1&source=action%23offerItem%3Borigin%23shopee.co.th&amug_biz=oneself&amug_fl_src=awakeId_982","P1","07-17","143133997542","7.1","","20-40美金","20-40单","中价品"
"1","2个H4 H7 LED大灯 H11 H8 H9 H10 H1 H3灯泡 汽车雾灯 9005 9006 汽车行驶灯泡 12000流明 80瓦 12伏","12000K 蓝色,H7","7.06","https://cf.shopee.com.my/file/sg-11134201-7rce7-m6anu8o3oxav95","https://MY.xiapibuy.com/product/813332950/28626307208","汽车零部件","电子","IVCN2026051323439","178713176993","https://detail.1688.com/offer/646830242419.html","P1","07-17","178713176993","7.06","","20-40美金","20-40单","中价品"
"1","汽车车门边缘密封条 5/10 MB 汽车橡胶填缝条","1000万","7.05","https://cf.shopee.com.br/file/sg-11134201-8261g-mjqfak0mpv5yfb","https://BR.xiapibuy.com/product/1692932990/45005011828","汽车外饰配件","其他的","IVCN2026031332396","335460080939","https://detail.1688.com/offer/798170912245.html?fromkv=cbuPcPlugin:imageSearchDrawerCard&spm=a2639h.29135425.offerlist.i2&source=action%23offerItem%3Borigin%23cf.shopee.com.br&amug_biz=oneself&amug_fl_src=awakeId_982","P1","07-17","335460080939","7.05","","20-40美金","20-40单","高价品"
"1","✨现货发售✨ LED车载化妆镜,三档可调亮度。适用于所有车型。安装简便。","白色的","7.02","","https://TH.xiapibuy.com/product/1356435527/40573876107","汽车外饰配件","镜子及配件","IVCN202606157565","99245649092","https://detail.1688.com/offer/909389108463.html?fromkv=cbuPcPlugin:imageSearchDrawerCard&spm=a2639h.29135425.offerlist.i6&source=action%23offerItem%3Borigin%23shopee.co.th&amug_biz=oneself&amug_fl_src=awakeId_982","P1","07-17","99245649092","7.02","","40-60美金","20-40单","中价品"
"1","适用于宝马 F20 F21 F30 F31 F34 F10 F11 F07 F01 F02 F25 F26 的右舵汽车换挡杆换挡旋钮后盖板装饰条","黑色的","7","https://cf.shopee.com.my/file/cn-11134207-7ras8-mbjf0zbfmylydc","https://MY.xiapibuy.com/product/1238364694/26488140635","汽车内饰配件","踏板和变速杆","IVCN2026041046327","300548092656","相似款：https://detail.1688.com/offer/900369944232.html?spm=a26352.b28411319/2508.0.0","P0","07-17","300548092656","7","","20-40美金","20-40单","高价品"
"1","（含车辆登记证）适用于所有车型的车牌框（折叠边型）,100%不锈钢材质。摩托车专用不锈钢车牌框,坚固耐用。","（含车辆登记证）适用于所有车型的车牌框（折叠边型）,100%不锈钢材质。摩托车专用不锈钢车牌框,坚固耐用。","7","","https://TH.xiapibuy.com/product/388058682/40615017344","汽车外饰配件","车牌配件","IVCN202604231949","248794829838","相似款：https://detail.1688.com/offer/906977690806.html?spm=a26352.13672862.offerlist.4.7e9e2c60Hpe1cZ&offerId=906977690806&sortType=&pageId=&abBizDataType=cbuOffer&trace_log=normal&uuid=376a9e78f34f462abade4b0ee72fbbff&skuId=5768883161675&forcePC=1765270798528","P1","07-17","248794829838","7","","20-40美金","20-40单","中价品"
"1","汽车牌照框、牌照架、牌照遮挡板、白色带黑色条纹（1对,前+后,带螺丝）","黑色边框,白色条纹","7","https://cf.shopee.co.th/file/th-11134207-7rasb-m2uw25yu7scs6f","https://TH.xiapibuy.com/product/1408812966/29318301159","汽车外饰配件","车牌配件","IVCN2026061514619","242078903661","链接无对应model","P0","07-17","242078903661","7","","20-40美金","20-40单","中价品"
"1","汽车燃油系统清洗套件喷油嘴清洗适配器喷嘴套装汽车维修工具","查看图表","7","https://cf.shopee.com.br/file/cn-11134207-7r98o-lmtqrzmigdnmcf","https://BR.xiapibuy.com/product/885757306/22357826163","汽车零部件","电子","IVCN202605135019","238759951808","","P1","07-17","238759951808","7","","20-40美金","20-40单","高价品"
"1","适用于 2002-2011 年款五十铃 D-Max 3.0L [4JH1] 发动机的二极管面板,带燃油泵和 F-1 断路器,12V 120A #8972489141","8972489141","7","https://cf.shopee.co.th/file/th-11134207-7rasa-m7vqe9ndcqeu05","https://TH.xiapibuy.com/product/958812967/27158332937","汽车零部件","电子","IVCN2026071010374","148752737758","https://detail.1688.com/offer/911589758566.html?kj_agent_plugin=aliprice&fromkv=xytTrace:213f867c17840199659903637e1033&token=dErGNnNgthytdzcSjwSJiulaI7t8AKpNrz5yOZWYoqMguGGTWuDEWTFKEgkQvMTc","P0","07-17","148752737758","7","","20-40美金","20-40单","高价品"
"5","Lieto 婴儿遮阳帘 *并非适用于所有欧洲车型*（1 件装）","8. 水果","6.95","https://cf.shopee.co.th/file/th-11134207-7ra0l-mddqvmj4h6ce9e","https://TH.xiapibuy.com/product/217383026/5318346560","汽车内饰配件","遮阳罩和仪表盘罩","IVCN202606155209","96800124149","相似款：https://detail.1688.com/offer/530942051050.html?kj_agent_plugin=aliprice&fromkv=xytTrace:0bb405a417682970204454312e0d92&token=o0Xif0v47KcGHY82FnuCr8pkncwRlEFNOwFzzUtzEj1oMe8uzDhWIriZPlKoQPw%2F","P0","07-17","96800124149","6.95","","20-40美金","20-40单","高价品"
"1","[正品 PERODUA ] PERODUA VIVA ( 660cc / 850cc / 1.0cc ) , MYVI ( 1.0cc ) 旧型号气缸盖阀盖套件","[正品 PERODUA ] PERODUA VIVA ( 660cc / 850cc / 1.0cc ) , MYVI ( 1.0cc ) 旧型号气缸盖阀盖套件","6.93","","https://MY.xiapibuy.com/product/155794870/25160661204","汽车零部件","发动机零件","IVCN202604231541","217291706822","相似款：https://detail.1688.com/offer/674270664012.html?kj_agent_plugin=aliprice&fromkv=xytTrace:0","P1","07-17","217291706822","6.93","","40-60美金","20-40单","高价品"
"1","氧传感器（O2）插头,不锈钢螺纹 M18x1.5。","M18-O2","6.9","https://cf.shopee.co.th/file/th-11134207-7ras8-m2m07yc5sifg31","https://TH.xiapibuy.com/product/352436342/27467695154","汽车零部件","其他的","IVCN202512229250","157554944312","无同款","P1","07-17","157554944312","6.9","","20-40美金","20-40单","中价品"
"1","3M 粘性织物,自粘毛毡织物,丝质背胶,粘性衬里,50 厘米 x 150 厘米。","50x150厘米-黑色","6.84","https://cf.shopee.co.th/file/sg-11134201-7ra1q-m4u6xeqh0ssg3d","https://TH.xiapibuy.com/product/854370437/29331004656","汽车外饰配件","贴纸、标志和徽章","IVCN202508284488","243002397760","相似款：https://detail.1688.com/offer/777090833232.html?fromkv=cbuPcPlugin:imageSearchDrawerCard&spm=a2639h.29135425.offerlist.i2&source=action%23offerItem%3Borigin%23shopee.co.th&amug_biz=oneself&amug_fl_src=awakeId_982","P1","07-17","243002397760","6.84","","40-60美金","20-40单","中价品"
"1","买一送一 植物萃取香膏 车载固体香氛空气清新剂 车载香膏 除臭 持久留香 无酒精 赠送小礼品","💌赠品💌🍋买一送一【230克*2】B","6.83","https://cf.shopee.ph/file/cn-11134207-7ras8-m9l029jaixp9df","https://PH.xiapibuy.com/product/1212649602/29658624522","汽车内饰配件","香水、空气清新剂和净化器","IVCN2025111457935","89627742977","https://detail.1688.com/offer/1042028040550.html?spm=a26352.b28411319/2508.0.0","P1","07-17","89627742977","6.83","","20-40美金","20-40单","中价品"
"1","【ITSOK】Samco散热器软管卡箍 1套 = 2个","黑色,16毫米","6.83","https://cf.shopee.ph/file/sg-11134201-7qve9-lgklr0c96w3yff","https://PH.xiapibuy.com/product/1001272229/20379775787","汽车零部件","散热器、发动机冷却和气候控制","IVCN2026061511605","196744057213","https://detail.1688.com/offer/702166359672.html?kj_agent_plugin=aliprice&fromkv=xytTrace:0","P1","07-17","196744057213","6.83","","20-40美金","20-40单","中价品"
"1","10*100厘米/20*300厘米透明汽车保护膜,适用于汽车保险杠、引擎盖等,防刮擦,保护车漆。","20*300厘米","6.8","https://cf.shopee.ph/file/cn-11134207-7ras8-m834wclbdw4yf7","https://PH.xiapibuy.com/product/1499468275/25443409928","汽车外饰配件","贴纸、标志和徽章","IVCN2026021111271","218376541280","https://detail.1688.com/offer/732013417556.html?fromkv=cbuPcPlugin:imageSearchDrawerCard&spm=a2639h.29135425.offerlist.i0&source=action%23offerItem%3Borigin%23shopee.ph&amug_biz=oneself&amug_fl_src=awakeId_982","P1","07-17","218376541280","6.8","","20-40美金","20-40单","中价品"
"1","Fin 1 防水汽车座椅套,防污防刮,防止宠物毛发脱落。（产品代码：1768 3485）","2个靠垫","6.8","https://cf.shopee.co.th/file/th-11134207-7qukz-lhk7i277rdlv6f","https://TH.xiapibuy.com/product/149771252/2293379304","汽车内饰配件","座椅及座椅套","IVCN2026041036071","167687576513","https://detail.1688.com/offer/679236179752.html?kj_agent_plugin=aliprice&fromkv=xytTrace:212b969a17501328539876980e1a2a&token=epz78%2FEppc8R5bVhvFgsVZh6jIzj8bWQs9lTYc0fy60qw%2BkcBjF0X96yyUKRn9cq","P1","07-17","167687576513","6.8","","20-40美金","20-40单","高价品"
"1","高品质PET锻造碳纤维汽车贴膜乙烯基自粘防水车身贴纸摩托车改装膜","碳金,30厘米*100厘米","6.76","https://cf.shopee.ph/file/sg-11134201-824jj-me5n7ihaclxd44","https://PH.xiapibuy.com/product/955835210/27203321020","汽车外饰配件","贴纸、标志和徽章","IVCN202606159979","166534602479","https://detail.1688.com/offer/868635404452.html?kj_agent_plugin=aliprice&fromkv=xytTrace:2108249c17370223010503555e1465&token=8sPFxGIZQKctzzXrT4CdMwHwFe4%2BOGZUPNSHyr8%2B%2F1UDYfJ1d%2F%2FOMsuFsBR5wxly","P1","07-17","166534602479","6.76","","20-40美金","20-40单","中价品"
"1","245克/平方米斜纹碳纤维布,意大利制造,幅宽1.5米 x 1米。价格最低。","245克/平方米斜纹碳纤维布,意大利制造,幅宽1.5米 x 1米。价格最低。","6.7","","https://TH.xiapibuy.com/product/141953147/9153058646","汽车零部件","其他的","IVCN2025111453549","26168330077","相似款：https://detail.1688.com/offer/576901397022.html?spm=a26352.b28411319/2508.0.0&cosite=-&tracelog=p4p&_p_isad=1&clickid=602c01f02e2f4fafb8ec2d33d7ab21bf&sessionid=783ab80a96f5cd8e18b7f6b05416fb4d","P0","07-17","26168330077","6.7","","40-60美金","20-40单","高价品"
"1","（24小时发货）小米70Mai 1s M310车载吸盘3M支架,适用于70Mai m300行车记录仪、DDpai mini one X1/2/3 tachograp后视摄像头 RC06/09/12","玻璃吸盘支架","6.68","https://cf.shopee.com.my/file/sg-11134201-23020-jzowtm2d30mv90","https://MY.xiapibuy.com/product/897845051/21768258711","汽车内饰配件","摄像机和停车摄像头","IVCN202604230939","156434165595","无同款","P1","07-17","156434165595","6.68","","20-40美金","20-40单","中价品"
"1","JS Racing Titan柴油发动机的尾管和谐振器","JS Racing Titan柴油发动机的尾管和谐振器","6.66","","https://PH.xiapibuy.com/product/325620942/40255829732","汽车零部件","尾气和排放","IVCN2026051312379","280490116860","相似款：https://detail.1688.com/offer/550796886181.html?kj_agent_plugin=aliprice&fromkv=xytTrace:2132815517666452323792340e1184&token=PZZjyESLrLStEAonUg%2BL4BEsy40nMk%2FTrtviHBzp7Nd4S3qMc6J7rKyx46SsjIrn","P1","07-17","280490116860","6.66","","20-40美金","20-40单","高价品"
"4","高品质160毫升车载香水多功能香氛空气清新剂智能扩散器除臭家居清新剂","海洋补给","6.66","https://cf.shopee.ph/file/cn-11134207-820l4-meo31z9ipzwn9e","https://PH.xiapibuy.com/product/946590885/19994188299","汽车内饰配件","香水、空气清新剂和净化器","IVCN2026061511055","276560286894","相似款：https://detail.1688.com/offer/771009471461.html?kj_agent_plugin=aliprice&fromkv=xytTrace%3A0&tracelog=cps&clickid=190a2c8eee508a32d0b2ed1a5db77844","P1","07-17","276560286894","6.66","","20-40美金","20-40单","中价品"
"1","【Delicatesea】12V/24V/14V/28V 1500W 汽车稳压发电机通用整流器汽车发电机新型电子控制器","A1","6.65","https://cf.shopee.co.th/file/sg-11134201-7rbl0-m5gxz8or20if7b","https://TH.xiapibuy.com/product/169818044/28474662945","汽车工具","其他的","IVCN202508281676","195755731295","https://detail.1688.com/offer/772303190015.html?fromkv=cbuPcPlugin:imageSearchDrawerCard&spm=a2639h.29135425.offerlist.i2&source=action%23offerItem%3Borigin%23shopee.co.th&amug_biz=oneself&amug_fl_src=awakeId_982","P0","07-17","195755731295","6.65","","20-40美金","20-40单","中价品"
"1","🚩德国空调止漏剂🚩AirPro 5合1汽车R134a DIY空调加注剂 R134a油处理剂 UV TAMBAH气体","🚩德国空调止漏剂🚩AirPro 5合1汽车R134a DIY空调加注剂 R134a油处理剂 UV TAMBAH气体","6.6","","https://MY.xiapibuy.com/product/173307607/4571776464","汽车保养","其他的","IVCN202606156453","62912170889","","P0","07-17","62912170889","6.6","","20-40美金","20-40单","高价品"
"1","1 x ABS GLX 标志汽车后车标贴纸 GLX","1 x ABS GLX 标志汽车后车标贴纸 GLX","6.57","","https://PH.xiapibuy.com/product/90381740/6463823714","汽车外饰配件","贴纸、标志和徽章","IVCN202602111835","71886890092","相似款：https://detail.1688.com/offer/629787656728.html?kj_agent_plugin=aliprice&fromkv=xytTrace:21088ae017500406229693215e1b93&token=HhSMiSGPaESi3eFJQQqrSKVPN3sIwCCN%2B9LnZlk49JRvXXxT2tpswFaBqVK3VZVC","P1","07-17","71886890092","6.57","","20-40美金","20-40单","中价品"
"2","通用快拆碳纤维方向盘 JDM 运动赛车游戏中心适配器,适用于 MOMO","所以","6.54","https://cf.shopee.com.br/file/sg-11134201-7qvdp-lfovf2by0zgs9a","https://BR.xiapibuy.com/product/1064361209/18397376116","汽车内饰配件","方向盘及方向盘套","IVCN202605133949","228754850130","https://detail.1688.com/offer/653356696375.html?fromkv=cbuPcPlugin%3AimageSearchDrawerCard&spm=a2639h.29135425.offerlist.i0&source=action%23offerItem%3Borigin%23shopee.com.br&amug_biz=oneself&amug_fl_src=awakeId_982&version=default","P1","07-17","228754850130","6.54","","40-60美金","20-40单","高价品"
"1","（直播期间购买可享额外 10% 折扣）座椅清洁剂、座垫清洁剂、FB 座垫清洁剂、座垫抛光剂、汽车内饰清洁剂。","FB02","6.53","https://cf.shopee.co.th/file/sg-11134201-22110-8ia6tmn1r6jv58","https://TH.xiapibuy.com/product/23763794/1471571677","汽车保养","室内护理","IVCN202605139222","45892150171","","P0","07-17","45892150171","6.53","","20-40美金","20-40单","高价品"
"1","Rubber Killer - 汽车牌照框 - 黑色 - 102570003","黑色的","6.5","","https://TH.xiapibuy.com/product/257498108/29861316769","汽车外饰配件","车牌配件","IVCN2025111475541","267011579699","https://detail.1688.com/offer/656285931081.html?fromkv=cbuPcPlugin:imageSearchDrawerCard&spm=a2639h.29135425.offerlist.i0&source=action%23offerItem%3Borigin%23shopee.co.th&amug_biz=oneself&amug_fl_src=awakeId_982","P0","07-17","267011579699","6.5","","60-80美金","20-40单","高价品"
"1","【现货】久保田收割机皮带 SC52 SC59,适用于 DC70 DC70 Plus 行走驱动脱粒机 V 型皮带","SC59","6.5","https://cf.shopee.ph/file/sg-11134201-81zvz-miu63qg4qj9g86","https://PH.xiapibuy.com/product/869014615/27768064225","汽车零部件","皮带、软管和滑轮","IVCN202605135377","242061587665","相似款：https://detail.1688.com/offer/656292823741.html?kj_agent_plugin=aliprice&fromkv=xytTrace:0","P0","07-17","242061587665","6.5","","20-40美金","20-40单","高价品"
"1","1/2个比亚迪汽车座椅填充塞防漏防摔条侧缝适用于比亚迪海豚Plus、海豚迷你、比亚迪Seal Yuan Plus、宋Plus、汉谭Atto 3","比亚迪 - E & D,黑色","6.5","https://cf.shopee.com.br/file/sg-11134201-7rdvp-lxl0mbhvk9qk9c","https://BR.xiapibuy.com/product/533412247/27855159268","汽车内饰配件","收纳盒和隔层","IVCN2026071013582","195236482223","相似款：https://detail.1688.com/offer/986887873663.html?fromkv=cbuPcPlugin:imageSearchDrawerCard&spm=a2639h.29135425.offerlist.i1&source=action%23offerItem%3Borigin%23cf.shopee.com.br&amug_biz=oneself&amug_fl_src=awakeId_982","P0","07-17","195236482223","6.5","","20-40美金","20-40单","高价品"
"8","防水汽车牌照框,欧式和日式款式（前后车牌框一对）。","日本黑色凯夫拉纤维","6.5","https://cf.shopee.co.th/file/th-11134207-7rasm-m5tsrutqiy7q6d","https://TH.xiapibuy.com/product/119954740/12272830809","汽车外饰配件","车牌配件","IVCN202606158859","138997536438","https://detail.1688.com/offer/865337356220.html?spm=a26352.b28411319.offerlist.6.6bc01e62UjxUAs","P0","07-17","138997536438","6.5","","40-60美金","20-40单","中价品"
"8","防水汽车牌照框,欧式和日式款式（前后车牌框一对）。","黑底白条纹。","6.5","https://cf.shopee.co.th/file/th-11134207-7ras9-m5tu2u9t9b07b0","https://TH.xiapibuy.com/product/119954740/12272830809","汽车外饰配件","车牌配件","IVCN202606158859","138997536432","https://detail.1688.com/offer/865337356220.html?spm=a26352.b28411319.offerlist.6.763e1e62xIXMKq","P0","07-17","138997536432","6.5","","20-40美金","20-40单","中价品"
"1","适用于 70Mai 4K A800S、70Mai A500S、70Mai 1S D06 D07 D10 M300 的 70Mai A200 充电线,以及适用于车载 DVR 的 70Mai Micro USB 数据线","3.5毫米电源线","6.49","https://cf.shopee.co.th/file/sg-11134201-8259c-mev1mqv8cnwjbd","https://TH.xiapibuy.com/product/460729267/42420264489","汽车内饰配件","摄像机和停车摄像头","IVCN2026041046117","296654724418","无同款","P1","07-17","296654724418","6.49","","20-40美金","20-40单","中价品"
"1","全新4口双PD双QC 3.0 USB车载充电器,带电压表插座,防水电源适配器,适用于12V/24V汽车和船舶","2 个端口 10A 电缆 B","6.45","https://cf.shopee.ph/file/cn-11134207-820l4-mf6xhrtlsiz3a9","https://PH.xiapibuy.com/product/1263233527/43403948103","汽车内饰配件","USB充电器、FM和蓝牙发射器","IVCN2026071010330","306799496775","相似款：https://detail.1688.com/offer/901357575457.html?spm=a26352.b28411319.offerlist.6.329d1e620mcITI","P1","07-17","306799496775","6.45","","20-40美金","20-40单","中价品"
"1","汽车轮胎贴纸胶水 40ml 强力胶水 轮胎改装通用贴纸 轮胎字母胶水 摩托车专用","汽车轮胎贴纸胶水 40ml 强力胶水 轮胎改装通用贴纸 轮胎字母胶水 摩托车专用","6.43","","https://PH.xiapibuy.com/product/1283487253/28059898752","汽车保养","轮胎及轮毂保养","IVCN2026041035449","147445443967","https://detail.1688.com/offer/650800211456.html?kj_agent_plugin=aliprice&fromkv=xytTrace:0","P1","07-17","147445443967","6.43","","20-40美金","20-40单","中价品"
"1","9836678780 9836678580 适用于标致4008 5008 308 408 508 汽车中心轮毂盖装饰罩","1个黑色","6.41","https://cf.shopee.vn/file/sg-11134201-7rdxt-m19r08lgl2541d","https://VN.xiapibuy.com/product/1290348983/26963848490","汽车零部件","车轮、轮辋及配件","IVCN202508287332","223315094752","https://detail.1688.com/offer/895142154619.html?kj_agent_plugin=aliprice&fromkv=xytTrace:212bc12a17567227390843400e0dee&token=03pdvgwKFeGxKje3J8Y%2BqPl%2BY1wyHpVheepKF7%2BLeqMX1vmUrDgGrRgAPOPQmDHD","P1","07-17","223315094752","6.41","","20-40美金","20-40单","中价品"
"1","5/10/20个6LED模块 DC12V或DC24V 卡车侧标志指示灯 COB LED模块 防水 汽车摩托车巴士货车拖车警示灯","紫色,20个,直流12伏","6.4","https://cf.shopee.ph/file/cn-11134207-7r98o-lqbdnaey4lrp8c","https://PH.xiapibuy.com/product/71005432/25753832509","汽车零部件","电子","IVCN2026051311075","69382619588","https://detail.1688.com/offer/711271448598.html?kj_agent_plugin=aliprice&fromkv=xytTrace:212bc12a17397743863733953e1b9d&token=TwQynjCY2qmnsiKk0I4S2two37SZrpvBxQZ7mgW1T5uHkiI25%2FmZ5b6npfmdHdUa","P0","07-17","69382619588","6.4","","20-40美金","20-40单","中价品"
"1","车载无线蓝牙接收器,方便听音乐和清晰通话。","蓝牙接收器","6.39","https://cf.shopee.co.th/file/sg-11134201-7rbk7-lndz23mdbb6b33","https://TH.xiapibuy.com/product/843646737/16799365650","汽车内饰配件","USB充电器、FM和蓝牙发射器","IVCN2026051314197","88814910047","https://detail.1688.com/offer/682132059831.html?kj_agent_plugin=aliprice&fromkv=xytTrace%3A0bbb04ba17459823647613857e15ef&token=pPLAZXMWYEkmRGOgMsNBw270%2FHIxbzpSDDESpSU1Q%2BTVqCYXBWFWoVTMzBUiKaAp&tracelog=cps&clickid=7342257bea1f79427fd4c382cd99c7ce","P1","07-17","88814910047","6.39","","40-60美金","20-40单","中价品"
"1","（天然木材）长安迪帕S07/S05/L07、广汽爱昂V EV/Y Plus/爱昂Hyper HT/爱昂UT车载小桌、折叠餐桌、主副驾驶电脑桌、迪帕S05车载悬挂系统、汽车内饰装饰产品、汽车收纳产品","橙色（天然木材）","6.38","https://cf.shopee.co.th/file/sg-11134201-7rate-maazbzduky0k23","https://TH.xiapibuy.com/product/1013751763/41952420519","汽车内饰配件","收纳盒和隔层","IVCN2026071011452","265198662829","https://detail.1688.com/offer/989572667922.html?fromkv=cbuPcPlugin:imageSearchDrawerCard&spm=a2639h.29135425.offerlist.i10&source=action%23offerItem%3Borigin%23cf.shopee.co.th&amug_biz=oneself&amug_fl_src=awakeId_982","P1","07-17","265198662829","6.38","","20-40美金","20-40单","高价品"
"1","适用于全新D-MAX 2020-2022款2.5/3.0/1.9发动机及MU-X 2020的空气滤清器（单价）#8-97499548-T --价格优惠,服务一流,发货迅速---","适用于全新D-MAX 2020-2022款2.5/3.0/1.9发动机及MU-X 2020的空气滤清器（单价）#8-97499548-T --价格优惠,服务一流,发货迅速---","6.36","","https://TH.xiapibuy.com/product/298162538/23454494471","汽车零部件","发动机零件","IVCN2026041040213","235621421266","相似款：https://detail.1688.com/offer/640783727751.html?fromkv=cbuPcPlugin:imageSearchDrawerCard&spm=a2639h.29135425.offerlist.i2&source=action%23offerItem%3Borigin%23shopee.co.th&amug_biz=oneself&amug_fl_src=awakeId_982","P1","07-17","235621421266","6.36","","20-40美金","20-40单","高价品"
"1","迷你 200W PD QC 拉环快充车载充电器 USB-C 手机适配器,适用于 iPhone 13/12 和小米","100W USB Type-C","6.28","https://cf.shopee.com.br/file/sg-11134201-7renv-m2hrve2zmlz41c","https://BR.xiapibuy.com/product/809827771/28717329394","汽车内饰配件","USB充电器、FM和蓝牙发射器","IVCN2026021111931","227010950615","相似款：https://detail.1688.com/offer/903300909229.html?kj_agent_plugin=aliprice&fromkv=xytTrace:0bab14ad17605086533952099e0dab&token=kOa0n8VldvAQWVe8RN2qfFEb%2FCJL1LDpHN3BTLiLtIU1f2Iumh%2BsT%2FgeWavTAf9N","P1","07-17","227010950615","6.28","","20-40美金","20-40单","中价品"
"1","排气管连接器套件,黄铜 M18X1.5 P0420 P0430 90 度 O2。","金子","6.27","https://cf.shopee.co.th/file/sg-11134201-7rbky-llpqlwq4zxp520","https://TH.xiapibuy.com/product/1105571579/21385873799","汽车零部件","其他的","IVCN2026041035417","147086652305","https://detail.1688.com/offer/777966191844.html?kj_agent_plugin=aliprice&fromkv=xytTrace:0","P1","07-17","147086652305","6.27","","20-40美金","20-40单","中价品"
"1","铜质交流耦合器 R-134a 低压侧（蓝色） - 用于 R134a 的交流制冷剂充注耦合器。","蓝色 转换头  =1","6.26","https://cf.shopee.co.th/file/a0160760160a2d3fdd256135c95349ed","https://TH.xiapibuy.com/product/492309689/7395225285","汽车零部件","其他的","IVCN2026031322986","83632814534","https://detail.1688.com/offer/668878061530.html?fromkv=cbuPcPlugin:imageSearchDrawerCard&spm=a2639h.29135425.offerlist.i1&source=action%23offerItem%3Borigin%23cf.shopee.co.th&amug_biz=oneself&amug_fl_src=awakeId_982","P1","07-17","83632814534","6.26","","20-40美金","20-40单","中价品"
"1","汽车抛光剂/玻璃镀膜剂。买二送三块抹布。玻璃镀膜液、汽车清洁液、汽车抛光剂、汽车镀膜液、汽车光泽镀膜剂、玻璃镀膜剂。","汽车抛光剂/玻璃镀膜剂。买二送三块抹布。玻璃镀膜液、汽车清洁液、汽车抛光剂、汽车镀膜液、汽车光泽镀膜剂、玻璃镀膜剂。","6.21","","https://TH.xiapibuy.com/product/20886839/6892520569","汽车保养","抛光剂、涂层和密封剂","IVCN202605136741","26449736325","","P1","07-17","26449736325","6.21","","20-40美金","20-40单","中价品"
"2","2个BA15S BAU15S 1156 1157 T20 7440 W21W W21/5W PY21W P21W LED转向灯CanBus琥珀色/红色/白色刹车/倒车/转向灯144 SMD","1157-P21/5W-BAY15D,白色","6.2","https://cf.shopee.ph/file/ph-11134201-7qul0-lf2ofvn3vw5w37","https://PH.xiapibuy.com/product/519481632/20179127924","汽车零部件","电子","IVCN202605132189","214248672120","相似款：https://detail.1688.com/offer/601954793428.html?kj_agent_plugin=aliprice&fromkv=xytTrace:0","P0","07-17","214248672120","6.2","","20-40美金","20-40单","中价品"
"1","20米 3M B型汽车门隔音橡胶密封条,门边密封条,降低风噪,带胶带（3M）。","3米-20米","6.19","https://cf.shopee.co.th/file/998085fc177216cedbde674bc8012fe6","https://TH.xiapibuy.com/product/238044663/5338263631","汽车外饰配件","贴纸、标志和徽章","IVCN202508282248","60004824201","https://detail.1688.com/offer/649518909789.html?fromkv=cbuPcPlugin:imageSearchDrawerCard&spm=a2639h.29135425.offerlist.i0&source=action%23offerItem%3Borigin%23shopee.co.th&amug_biz=oneself&amug_fl_src=awakeId_982","P1","07-17","60004824201","6.19","","20-40美金","20-40单","中价品"
"1","新款 3.75 英寸（95 毫米）转速表,带白色 LED 和内部排量指示灯,黑色外壳,适用于 1-8 缸发动机","新款 3.75 英寸（95 毫米）转速表,带白色 LED 和内部排量指示灯,黑色外壳,适用于 1-8 缸发动机","6.13","","https://BR.xiapibuy.com/product/790162402/16073482296","汽车内饰配件","抬头显示器、速度表和仪表","IVCN2026051310853","58851704495","相似款：https://detail.1688.com/offer/695090203495.html?kj_agent_plugin=aliprice&fromkv=xytTrace:0","P1","07-17","58851704495","6.13","","80-100美金","20-40单","高价品"
"1","🍭货到付款🍭汽车安全带套,成人儿童肩带,可爱卡通设计,安全带保护套。","小熊","6.12","https://cf.shopee.co.th/file/th-11134207-7r98p-lz8qc3uak3op36","https://TH.xiapibuy.com/product/311895476/16387550137","汽车内饰配件","方向盘及方向盘套","IVCN2026071010352","166411528271","https://detail.1688.com/offer/730315297960.html?spm=a26352.b28411319/2508.0.0.6bc51e620BoBQW","P1","07-17","166411528271","6.12","","20-40美金","20-40单","中价品"
"1","带盖铝合金焊接式油箱加油口,外径 1.5 英寸/1 1/2 英寸,适用于燃油箱,型号 OCC-1055-S","银","6.11","https://cf.shopee.com.my/file/sg-11134201-7rbks-llwwtpdv7jg9b7","https://MY.xiapibuy.com/product/832864387/21084430767","汽车零部件","燃油系统","IVCN2026041040227","235657869301","https://detail.1688.com/offer/656174638604.html?kj_agent_plugin=aliprice&fromkv=xytTrace:0","P1","07-17","235657869301","6.11","","20-40美金","20-40单","中价品"
"8","防水汽车牌照框,欧式和日式款式（前后车牌框一对）。","S+S（大概是）黑色带白色线条","6.07","https://cf.shopee.co.th/file/th-11134207-7rasj-m5ttv45s8qwa76","https://TH.xiapibuy.com/product/119954740/12272830809","汽车外饰配件","车牌配件","IVCN202606158859","138997536428","https://detail.1688.com/offer/671460662713.html?spm=a26352.13672862.offerlist.9.75ff1e62rK4MEO","P1","07-17","138997536428","6.07","","20-40美金","20-40单","中价品"
"1","KHUN.DU 轮胎压力表,轮胎压力测试仪,汽车轮胎压力表,摩托车轮胎压力表。","KD1607钢","6.05","https://cf.shopee.co.th/file/th-11134207-81ztc-mk0j55uby4uc40","https://TH.xiapibuy.com/product/1021509914/25054404667","汽车工具","轮胎压力检测器","IVCN202604231897","245114717568","","P1","07-17","245114717568","6.05","","20-40美金","20-40单","中价品"
"1","【10件套】通用M6铝合金螺丝垫圈挡泥板螺丝套装 汽车造型改装 JDM贴纸 密码挡泥板垫圈 牌照螺栓 发动机","钛","6.02","https://cf.shopee.com.my/file/sg-11134201-7rfg2-m9ny6uw1g7ft4c","https://MY.xiapibuy.com/product/897085841/26686497892","汽车外饰配件","车牌配件","IVCN2026021114621","265045568999","https://detail.1688.com/offer/907896284976.html?lang=zh&kjSource=pc&fromkv=refer%3AHVDFOR2TGRCFGTSGKJLUWVCDKFGDINCUIFHFUWKIIUZUIRKPIJKUQRJTKRGVQM2NJ5BEMV2LGZGFQTRVLJDUSVJTIZGUMWSHI4ZEGN2HIUZVIT2NKJMEOQJSIREU4QSTI5MVSRCLLAZTGUCVHU6T2PJ5JU111111&bizType=saasTool&customerId=alipriceLP","P1","07-17","265045568999","6.02","","20-40美金","20-40单","低价品"
"1","电机底板 铁/锌/铝（白色）","方形,无孔","6","https://cf.shopee.com.my/file/a7ee03de1923442ffe687f24178897ed","https://MY.xiapibuy.com/product/227850057/4941867137","汽车外饰配件","车牌配件","IVCN202606156647","70259397663","相似款：https://detail.1688.com/offer/972484776001.html?kj_agent_plugin=aliprice&fromkv=xytTrace:0bab14ad17694846624844234e0da7&token=0jZHXcoPHYHkyECdEEPIA9VrAq9LVackWA6aGcLNeLKtVHa%2F4PM301uiJSbvcx3Q","P0","07-17","70259397663","6","","20-40美金","20-40单","中价品"
"1","PD108W车载充电器,点烟器插头式充电器,支持PD4.0、QC3.0、USB快速充电、RGB LED、4个USB端口。","PD108W 2A+2C","6","https://cf.shopee.co.th/file/th-11134207-81zti-mipogozp64931c","https://TH.xiapibuy.com/product/296293942/47702219350","汽车内饰配件","手机支架","IVCN2026071012026","445213680846","相似款：https://detail.1688.com/offer/987256090070.html?spm=a26352.b28411319/2508.0.0","P0","07-17","445213680846","6","","20-40美金","20-40单","中价品"
"1","亚克力摩托车税贴纸框,A级,100%防水,用于放置摩托车税贴纸和登记贴纸。","纯黑色","6","https://cf.shopee.co.th/file/th-11134207-7rasi-ma409ee5xfxqdf","https://TH.xiapibuy.com/product/134446584/40951949437","汽车外饰配件","车牌配件","IVCN2026061515575","258448550980","相似款：https://detail.1688.com/offer/743902409598.html?kj_agent_plugin=aliprice&fromkv=xytTrace%3A2146938717694851061066953e0f19&token=c%2FP%2FVICDSip8lOXPzwBziZDXxrfWFjCj2EwtI2U5%2ByAcH9x%2F%2B6wbKHhCO0KMavwr&tracelog=cps&clickid=bb3a3a01fa3549e14fe408500a405820&targetUrl=https%3A%2F%2Fs.click.1688.com%2Ft%3Fe%3DD2DC7A927D55C03D6511A0CCA913FD65D6FA062685DFF8F7D920A558D1D5758C4B369BE324A83E744B8F19128B0D93E33FB8088B45F57B9E47F28FD2CC0E231B18AD4F779334558760FEF997084D4D5331EB6FC8DBCADED4C6C8CEEEE21320CC4BD39EA2FE12E3B1D24E0CC14DD2AFC0983A5FA9A5C761CB1331DDC4753847ADEA5DD589B13E2FE9348394BC3CC3C62B9992F8828C4BE8926388BC0A6399F5EC6F04C65DDADA3FA3579CDB9C6D181CD6E5EC0E341649AFECF14BCB4CD3B3E72D30B754AE24999935BC11EE3DA8ED9B5B4E05299F4EF9341D99C79BB631EF908CC7EFEFEB5556AA047D8A224B2552D9B7%26cbu_cps_trace_flag%3Dwrite","P0","07-17","258448550980","6","","20-40美金","20-40单","中价品"
"1","亚克力摩托车税贴纸框,A级,100%防水,用于放置摩托车税贴纸和登记贴纸。","清除","6","https://cf.shopee.co.th/file/th-11134207-7rase-ma416n60lfxred","https://TH.xiapibuy.com/product/134446584/40951949437","汽车外饰配件","车牌配件","IVCN2025101416353","253448550859","相似款：https://detail.1688.com/offer/743902409598.html?kj_agent_plugin=aliprice&fromkv=xytTrace%3A2146938717694851061066953e0f19&token=c%2FP%2FVICDSip8lOXPzwBziZDXxrfWFjCj2EwtI2U5%2ByAcH9x%2F%2B6wbKHhCO0KMavwr&tracelog=cps&clickid=bb3a3a01fa3549e14fe408500a405820&targetUrl=https%3A%2F%2Fs.click.1688.com%2Ft%3Fe%3DD2DC7A927D55C03D6511A0CCA913FD65D6FA062685DFF8F7D920A558D1D5758C4B369BE324A83E744B8F19128B0D93E33FB8088B45F57B9E47F28FD2CC0E231B18AD4F779334558760FEF997084D4D5331EB6FC8DBCADED4C6C8CEEEE21320CC4BD39EA2FE12E3B1D24E0CC14DD2AFC0983A5FA9A5C761CB1331DDC4753847ADEA5DD589B13E2FE9348394BC3CC3C62B9992F8828C4BE8926388BC0A6399F5EC6F04C65DDADA3FA3579CDB9C6D181CD6E5EC0E341649AFECF14BCB4CD3B3E72D30B754AE24999935BC11EE3DA8ED9B5B4E05299F4EF9341D99C79BB631EF908CC7EFEFEB5556AA047D8A224B2552D9B7%26cbu_cps_trace_flag%3Dwrite","P0","07-17","253448550859","6","","20-40美金","20-40单","中价品"
"1","比亚迪/奇瑞黑色软皮金属挂钩配件,用于在汽车后座悬挂手提包 atto 3 元加海豚海豹 u han ev","比亚迪标志","6","https://cf.shopee.co.th/file/sg-11134201-7rdw8-m17t3ou4iaru0c","https://TH.xiapibuy.com/product/265065114/28912148789","汽车内饰配件","收纳盒和隔层","IVCN2026041042475","251653512074","https://detail.1688.com/offer/832810639369.html?spm=a26352.b28411319/2508.0.0.9cd01e62SxBCA2","P0","07-17","251653512074","6","","20-40美金","20-40单","中价品"
"1","三菱 Mirage 转向机衬套 博世原装","三菱 Mirage 转向机衬套 博世原装","6","","https://PH.xiapibuy.com/product/863900756/26552396654","汽车内饰配件","方向盘及方向盘套","IVCN2026021111599","223265216824","相似款：https://detail.1688.com/offer/924326295287.html?spm=a26352.b28411319.offerlist.6.92ef1e62VeqNkb","P0","07-17","223265216824","6","","20-40美金","20-40单","中价品"
"1","MG ZS 10英寸后雨刮片,后雨刮器,挡风玻璃雨刮片。","MG ZS 10英寸后雨刮片,后雨刮器,挡风玻璃雨刮片。","6","","https://TH.xiapibuy.com/product/458110375/21814134779","汽车零部件","挡风玻璃雨刮器和清洗器","IVCN2026051323525","180795383542","","P0","07-17","180795383542","6","","20-40美金","20-40单","中价品"
"1","适用于2017-2023款日产Note的后备箱盖/后门撑杆。价格为一对。直接安装,尺寸与原装相同。","适用于2017-2023款日产Note的后备箱盖/后门撑杆。价格为一对。直接安装,尺寸与原装相同。","6","","https://TH.xiapibuy.com/product/216180985/25223443879","汽车零部件","减震器、支柱和悬架","IVCN2026041036313","176414672281","相似款：https://detail.1688.com/offer/1000522573496.html?kj_agent_plugin=aliprice&fromkv=xytTrace:2127a84b17666561404495982e1059&token=TnIoThkhHmWmGAqx6o56mOuLPjj7AhUr2D9wW4nuY5EZOWUxcO9HFA74vuVrl2ig","P0","07-17","176414672281","6","","20-40美金","20-40单","高价品"
"1","3个三级活塞头高压铜头6mm高压泵30Mpa维修配件","3个三级活塞头高压铜头6mm高压泵30Mpa维修配件","5.99","","https://PH.xiapibuy.com/product/367074809/23917650493","汽车零部件","发动机零件","IVCN202604231373","203705412343","https://detail.1688.com/offer/744862275026.html?fromkv=cbuPcPlugin:imageSearchDrawerCard&spm=a2639h.29135425.offerlist.i12&source=action%23offerItem%3Borigin%23shopee.ph&amug_biz=oneself&amug_fl_src=awakeId_982","P1","07-17","203705412343","5.99","","20-40美金","20-40单","低价品"
"1","（直播期间购买可享额外 10% 折扣）沥青去除剂、焦油去除剂、沥青清洁剂（已获 FDA 批准）、焦油抛光液、焦油清洁液 1","YMT","5.99","https://cf.shopee.co.th/file/th-11134207-23020-x2myvoagg8mv16","https://TH.xiapibuy.com/product/23763794/7960967784","汽车保养","轮胎及轮毂保养","IVCN202604230571","100586673600","相似款核价","P0","07-17","100586673600","5.99","","80-100美金","20-40单","中价品"
"1","防水汽车牌照框,欧式和日式款式（前后车牌框一对）。","全黑,日本","5.96","https://cf.shopee.co.th/file/th-11134207-7rask-m5tspxg020t97c","https://TH.xiapibuy.com/product/119954740/12272830809","汽车外饰配件","车牌配件","IVCN2025122216346","138997536437","https://detail.1688.com/offer/865056697381.html?spm=a26352.b28411319.offerlist.100.4f241e62SLzjKO","P1","07-17","138997536437","5.96","","20-40美金","20-40单","中价品"
"1","【焕然一新 + 布用】皮革和织物沙发清洁喷雾 - 清洁汽车内饰中的皮革和织物座椅 - CAVAR 泡沫清洁剂","【焕然一新 + 布用】皮革和织物沙发清洁喷雾 - 清洁汽车内饰中的皮革和织物座椅 - CAVAR 泡沫清洁剂","5.95","","https://VN.xiapibuy.com/product/336473312/20863989764","汽车保养","室内护理","IVCN2026031322272","59202991935","","P1","07-17","59202991935","5.95","","40-60美金","20-40单","中价品"
"1","不锈钢车牌架（折叠边款式）。直接安装,防锈,无棱角,无需钻孔。100% 纯正不锈钢材质。","本田","5.95","https://cf.shopee.co.th/file/th-11134207-7ra0m-mdl3jvi4o98z85","https://TH.xiapibuy.com/product/388058682/23457423501","汽车外饰配件","车牌配件","IVCN202506112253","222160916224","https://detail.1688.com/offer/674582870938.html?kj_agent_plugin=aliprice&fromkv=xytTrace:0","P0","07-17","222160916224","5.95","","60-80美金","20-40单","中价品"
"1","1000毫升汽车泡沫喷枪,高压清洗机泡沫喷枪,带1/4英寸快接头,高压泡沫泵喷枪","透明的","5.9","https://cf.shopee.ph/file/cn-11134207-7ras8-m60yac946a4624","https://PH.xiapibuy.com/product/1452892554/27223849963","汽车保养","洗车和打蜡","IVCN2026041037657","205773768545","链接失效","P1","07-17","205773768545","5.9","","40-60美金","20-40单","高价品"
"1","完整套装：适用于铃木Ciaz 1.2（2012-2022）的空气滤清器+空调滤芯。有效过滤PM2.5粉尘。（包含空气滤芯+空调滤芯）","完整套装：适用于铃木Ciaz 1.2（2012-2022）的空气滤清器+空调滤芯。有效过滤PM2.5粉尘。（包含空气滤芯+空调滤芯）","5.9","","https://TH.xiapibuy.com/product/283698593/10507746760","汽车零部件","发动机零件","IVCN2026051316463","110422500893","相似款：https://detail.1688.com/offer/904728671557.html?kj_agent_plugin=aliprice&fromkv=xytTrace:0相似款：https://detail.1688.com/offer/645892953114.html?kj_agent_plugin=aliprice&fromkv=xytTrace:2133d7d417605279333512720e186e&token=Pl17690%2Ft6ys6JnUffpzbrsFxvp6eGAdXJ%2FvhNLbQNO66wrKwNo5VctofhhI2nHi","P0","07-17","110422500893","5.9","","20-40美金","20-40单","高价品"
"1","Haostont 30件套维修端口阀,高/低粉尘水平,空调管道更换,汽车空调TH","Haostont 30件套维修端口阀,高/低粉尘水平,空调管道更换,汽车空调TH","5.89","","https://TH.xiapibuy.com/product/348277797/17899944416","汽车零部件","其他的","IVCN2025111457925","89551523528","https://detail.1688.com/offer/679842362837.html?kj_agent_plugin=aliprice&fromkv=xytTrace:0","P1","07-17","89551523528","5.89","","20-40美金","20-40单","中价品"
"2","4英寸16颗LED圆形拖车灯,IP67防水刹车转向尾灯,12V-24V通用,适用于卡车、拖车、皮卡、房车","橙子","5.89","https://cf.shopee.ph/file/sg-11134201-8261n-mkdaxla1og0607","https://PH.xiapibuy.com/product/955835210/27469167323","汽车零部件","电子","IVCN2026051324353","188021760987","https://detail.1688.com/offer/756010301050.html?kj_agent_plugin=aliprice&fromkv=xytTrace:212b969a17531678472864398e10a7&token=GEDxVK4OuhHH4NbWR2cLPPAve572tzHN9WbtJV6zlCvR2uXJ0rYcX6H4QT5Get02","P1","07-17","188021760987","5.89","","20-40美金","20-40单","中价品"
"1","金属橡胶放油螺塞垫圈 M6/M8/M10/M12/M14/M16 组合垫圈密封 O 型圈套件 汽车替换零件配件","100个/盒","5.88","https://cf.shopee.ph/file/sg-11134201-7reny-m8emwk11bxd330","https://PH.xiapibuy.com/product/164759185/28482906978","汽车零部件","其他的","IVCN202607108830","227659913252","相似款：https://detail.1688.com/offer/601042040675.html?fromkv=cbuPcPlugin:imageSearchDrawerCard&spm=a2639h.29135425.offerlist.i5&source=action%23offerItem%3Borigin%23cf.shopee.ph&amug_biz=oneself&amug_fl_src=awakeId_982","P1","07-17","227659913252","5.88","","20-40美金","20-40单","中价品"
"1","【E022】适用于三菱L200、CYCLONE、STRADA 2500、2800、4M40的门锁","【E022】适用于三菱L200、CYCLONE、STRADA 2500、2800、4M40的门锁","5.83","","https://TH.xiapibuy.com/product/743986964/27239922868","汽车内饰配件","锁具与安防","IVCN2026041045753","291091640927","相似款：https://detail.1688.com/offer/992021593361.html?spm=a26352.b28411319/2508.0.0","P1","07-17","291091640927","5.83","","20-40美金","20-40单","中价品"
"2","我们制作摩托车和汽车牌照（空白牌照/带框牌照）。请通过聊天提供车牌号码！","特殊标志","5.8","https://cf.shopee.co.th/file/th-11134207-7ra0j-mcecixja00qn9c","https://TH.xiapibuy.com/product/28962126/27919698669","汽车外饰配件","车牌配件","IVCN2026061514279","290790916741","相似款：https://detail.1688.com/offer/897112680227.html?lang=zh&kjSource=pc&fromkv=refer:HVHFESCLLBNFSSCFGNKEGTKKKNDVSNCEIFGVEU2HGVIFOWJUINGE2VRULBHTGM2TJVJEUV2LLFGFGTKOKVDDMTKKLBDVSM2UJNHUEWCHKVNFIRKNIJMEONKQLBLTOSKN&bizType=saasTool&customerId=alipriceLP","P0","07-17","290790916741","5.8","","100-300美金","20-40单","高价品"
"2","适用于大众捷达MK5高尔夫帕萨特的通用汽车内饰安全门锁拉销","蓝色,4 件","5.8","https://cf.shopee.com.br/file/cn-11134207-7ras8-mcg6kw750jcs91","https://BR.xiapibuy.com/product/519409167/27638889491","汽车内饰配件","其他的","IVCN2026051321431","157892416623","https://detail.1688.com/offer/957277440605.html?kj_agent_plugin=aliprice&fromkv=xytTrace:0","P0","07-17","157892416623","5.8","","20-40美金","20-40单","中价品"
"2","适用于大众捷达MK5高尔夫帕萨特的通用汽车内饰安全门锁拉销","红色,4 件","5.8","https://cf.shopee.com.br/file/cn-11134207-7ras8-mcg6k0evj118bc","https://BR.xiapibuy.com/product/519409167/27638889491","汽车内饰配件","其他的","IVCN2026051321431","157892416621","https://detail.1688.com/offer/957277440605.html?kj_agent_plugin=aliprice&fromkv=xytTrace:0","P0","07-17","157892416621","5.8","","20-40美金","20-40单","中价品"
"1","车载衣架,车载衣物挂钩,车载外套架。","C-0229-1件","5.8","https://cf.shopee.co.th/file/35af95eda360ef6b028af46345c8681c","https://TH.xiapibuy.com/product/87038227/18744887314","汽车内饰配件","收纳盒和隔层","IVCN202509128148","155745193163","https://detail.1688.com/offer/820722269427.html?spm=a26352.b28411319/2508.0.0.68d41e62QN8vbG","P1","07-17","155745193163","5.8","","20-40美金","20-40单","中价品"
"1","新品！！OUKU Q19/C80-C143T Type-c 转 Type-c/iOS 充电器套装,PD30W 快充套装,现货发售。","C143T 主机 + TC-I0S 白色","5.77","https://cf.shopee.co.th/file/th-11134207-81ztk-mhispqpxel8ia0","https://TH.xiapibuy.com/product/374944741/24130968893","汽车内饰配件","手机支架","IVCN202602118786","178211724343","https://detail.1688.com/offer/900132029350.html?kj_agent_plugin=aliprice&fromkv=xytTrace%3A0&tracelog=cps&clickid=325e2e2257aefc30bcfdccf109fa2779&targetUrl=https%3A%2F%2Fs.click.1688.com%2Ft%3Fe%3DA6FEAF87A2FCFBDD05C1BD6ABB449CE46147FC88EA630CBAC31FEFBD3966EDE4DF88C915D5486E33D1003E749B3EAAA5861098A75E16F4D226600F2847DABD1A5F0FFA4FF39BCCC320D4625E68D0D47AF6FEC9241CC79F982F2298161E9E1CDCF113C2736CE8F7E9A7B320E516260ECF2A979F95040DBFCC0C0C400DF91AD8257EEF6D6099BA67CE2BA95CC4F9A8AC07F5F471FADE5245847BD45461B1BD0FD6C62E41EF92E26C79201959AC756EE56E37D182614E81CE8AC17257021AE7B2B602FC13646126465486CE9E31A18F9DFA7CE8CCAD5DADB322","P1","07-17","178211724343","5.77","","20-40美金","20-40单","中价品"
"2","三菱 Mirage Attrage 进气歧管安装套件。","黑色的","5.74","https://cf.shopee.co.th/file/th-11134207-81ztm-mga6jvxa89ho6f","https://TH.xiapibuy.com/product/12320734/25509427034","汽车零部件","其他的","IVCN2026051310931","270115875474","无同款","P1","07-17","270115875474","5.74","","20-40美金","20-40单","中价品"
"1","发动机舱隔热罩,隔热,加厚,有自粘型和非粘型可选,尺寸 90x130 厘米,厚度 5 毫米,耐热。","它背面带有自粘胶。","5.73","","https://TH.xiapibuy.com/product/62144331/10300081657","汽车内饰配件","其他的","IVCN2026041034203","97386958147","","P0","07-17","97386958147","5.73","","20-40美金","20-40单","高价品"
"3","（直播期间购买可享额外 10% 折扣）WC 汽车涂层、玻璃涂层、防水汽车漆涂层、汽车光泽喷剂（已获得 FDA 认证）","WC03","5.72","https://cf.shopee.co.th/file/4fd88497480fa329834ad91d4c54b180","https://TH.xiapibuy.com/product/23763794/1471563616","汽车保养","抛光剂、涂层和密封剂","IVCN2026051310777","82689554087","https://detail.1688.com/offer/833960595854.html?spm=a26352.13672862.offerlist.41.7a911e62YJGzx9","P1","07-17","82689554087","5.72","","40-60美金","20-40单","中价品"
"1","通用卡车支架 Roadtax 二合一三层收纳架","持有者","5.72","https://cf.shopee.com.my/file/my-11134207-7rase-mbs0komn2qqu20","https://MY.xiapibuy.com/product/2011084/26230397377","汽车内饰配件","收纳盒和隔层","IVCN202512224426","257953555003","无同款","P1","07-17","257953555003","5.72","","20-40美金","20-40单","中价品"
"2","三菱 Mirage Attrage 进气歧管安装套件。","红色的","5.7","https://cf.shopee.co.th/file/th-11134207-81ztk-mga6jvxab2mk74","https://TH.xiapibuy.com/product/12320734/25509427034","汽车零部件","其他的","IVCN2026051310931","270115875476","无同款","P1","07-17","270115875476","5.7","","20-40美金","20-40单","中价品"
"1","高品质PET锻造碳纤维汽车贴膜乙烯基自粘防水车身贴纸摩托车改装膜","碳紫色,30厘米*100厘米","5.65","https://cf.shopee.ph/file/sg-11134201-824jk-me5n7j5ul24n65","https://PH.xiapibuy.com/product/955835210/27203321020","汽车外饰配件","贴纸、标志和徽章","IVCN202512225144","166534602481","https://detail.1688.com/offer/777888087727.html","P1","07-17","166534602481","5.65","","20-40美金","20-40单","中价品"
"1","🔥最低价格🔥 可清洗汽车空气滤清器,性能/改装滤清器,76mm（3.0英寸）开口,有4种颜色可选。","黑色的","5.63","https://cf.shopee.co.th/file/sg-11134201-7rfh2-m9bc3gcfjwrm41","https://TH.xiapibuy.com/product/1264043001/29235872645","汽车零部件","发动机零件","IVCN2026071013710","258366634087","https://detail.1688.com/offer/876926985961.html?kj_agent_plugin=aliprice&fromkv=xytTrace:2107d64617566931322366252e0cd4&token=C04YeB2RtGnK%2Fjp8zz5c9PEl5Z0QlBt41pHBFjNgdbnGKrovMPTczh%2FeiI6ZNEKK","P1","07-17","258366634087","5.63","","20-40美金","20-40单","中价品"
"1","（本地卖家）直流9V-12V无线蓝牙5.0音频解码板,带放大器、数字显示、USB、TF卡、FM/MP3收音机、AUX播放器解码模块,无线音乐立体声接收器","黑色：大屏幕","5.63","https://cf.shopee.ph/file/cn-11134207-7ras8-m3xch6nexjan8a","https://PH.xiapibuy.com/product/93307231/2679267414","汽车内饰配件","USB充电器、FM和蓝牙发射器","IVCN2026061510759","183806512159","相似款：https://detail.1688.com/offer/624341612173.html?kj_agent_plugin=aliprice&fromkv=xytTrace:2104e90217544608964987011e0ead&token=CEtE8wRQhWJEx3a%2FDGc07bCjh35KkShChZ2pRBQUOSyMLvakcKHtNHgJd8xtqOAY","P1","07-17","183806512159","5.63","","20-40美金","20-40单","中价品"
"1","磁性 Easy Pass 卡套并非 3D 打印而成——所有 Easy Pass 型号均可包含图形标识。","全套,灰色和黑色,无标志雕刻。","5.6","https://cf.shopee.co.th/file/th-11134207-7ra0l-mbqbboxjnf4092","https://TH.xiapibuy.com/product/9664515/28325536443","汽车内饰配件","其他的","IVCN2026061518061","300605221013","无同款","P1","07-17","300605221013","5.6","","20-40美金","20-40单","中价品"
"1","硅油乳液 60% 1kg,非常适合用于轮胎抛光","硅油乳液 60% 1kg,非常适合用于轮胎抛光","5.58","","https://PH.xiapibuy.com/product/984747821/23739640366","汽车保养","抛光剂、涂层和密封剂","IVCN202602117607","165843043550","无同款","P1","07-17","165843043550","5.58","","20-40美金","20-40单","中价品"
"1","卡通图案汽车座椅垫,四季皆宜。舒适透气。防滑汽车座椅垫,汽车座椅套,汽车内饰装饰。","棕色靠背","5.53","https://cf.shopee.co.th/file/sg-11134201-7rcc7-ltgl9vpx02u4f1","https://TH.xiapibuy.com/product/265065114/28204280463","汽车内饰配件","座椅及座椅套","IVCN2026061514501","241122604874","https://detail.1688.com/offer/720738678283.html?kj_agent_plugin=aliprice&fromkv=xytTrace:0","P1","07-17","241122604874","5.53","","20-40美金","20-40单","高价品"
"1","车载手机支架吸盘式可调节360°旋转仪表盘防震固定支架","升级版绿色","5.53","https://cf.shopee.ph/file/sg-11134201-23020-q67jy7snn5mvb6","https://PH.xiapibuy.com/product/946590885/17492466843","汽车内饰配件","手机支架","IVCN202504230673","193791302730","https://detail.1688.com/offer/665039556409.html?fromkv=cbuPcPlugin:imageSearchDrawerCard&spm=a2639h.29135425.offerlist.i1&source=action%23offerItem%3Borigin%23shopee.ph&amug_biz=oneself&amug_fl_src=awakeId_982","P1","07-17","193791302730","5.53","","100-300美金","60-80单","中价品"
"2","AFFOTOM 通用铝合金摩托车牌照盖,适用于新款 LTO 牌照尺寸,碳黑色","蓝","5.51","https://cf.shopee.ph/file/cn-11134207-820l4-mmskw6dbwvsw1d","https://PH.xiapibuy.com/product/1598630545/41818308690","汽车外饰配件","车牌配件","IVCN202605135872","420063672937","相似款：https://detail.1688.com/offer/980538649665.html?kj_agent_plugin=aliprice&fromkv=xytTrace:0","P1","07-17","420063672937","5.51","","20-40美金","20-40单","低价品"
"1","通用汽车鲨鱼鳍天线塑料防水罩汽车FM信号放大器","碳纤维","5.51","https://cf.shopee.ph/file/sg-11134201-7rcc8-lsqq3vgxbocvef","https://PH.xiapibuy.com/product/288207647/25568023333","汽车外饰配件","天线","IVCN2026071012376","207359591093","https://detail.1688.com/offer/711049322137.html?fromkv=cbuPcPlugin:imageSearchDrawer&spm=a2639h.29135425.offerlist.i3&source=action%23offerItem%3Borigin%23shopee.ph&amug_biz=oneself&amug_fl_src=awakeId_982","P0","07-17","207359591093","5.51","","20-40美金","20-40单","中价品"
"1","Perodua汽车雨刷片 Perodua双胶条雨刷器 Alza/Aruz/Axia/Bezza/Kancil/Kelisa/hiking/Canary/MYVI/Viva/Ativa/Deer CAR雨刷器","BEZZA【21+14】","5.5","","https://MY.xiapibuy.com/product/468959095/24952348681","汽车零部件","挡风玻璃雨刮器和清洗器","IVCN202606156621","69727398646","相似款：https://detail.1688.com/offer/652734226868.html?spm=a26352.b28411319.offerlist.16.4a551e6231SCxc","P0","07-17","69727398646","5.5","","20-40美金","20-40单","中价品"
"1","强力液体轮胎修补胶,软黑色橡胶胶,耐磨,无腐蚀性粘合剂","1 件","5.5","https://cf.shopee.com.br/file/cn-11134207-820l4-mm038ivjbdhk60","https://BR.xiapibuy.com/product/1283670271/29835197715","汽车保养","轮胎及轮毂保养","IVCN2025101417265","224179554913","https://detail.1688.com/offer/565145716401.html?fromkv=cbuPcPlugin:imageSearchDrawerCard&spm=a2639h.29135425.offerlist.i5&source=action%23offerItem%3Borigin%23shopee.com.br&amug_biz=oneself&amug_fl_src=awakeId_982","P0","07-17","224179554913","5.5","","20-40美金","20-40单","中价品"
"1","汽车塑料修复剂 橡胶塑料翻新剂 塑料修复剂 塑料纳米涂层 450毫升 防水耐磨","2瓶","5.48","https://cf.shopee.com.my/file/sg-11134201-7rcct-lt7nblyxhfi8a0","https://MY.xiapibuy.com/product/490091699/24970520613","汽车保养","抛光剂、涂层和密封剂","IVCN2026061510861","184988371898","https://detail.1688.com/offer/655438900521.html?kj_agent_plugin=aliprice&fromkv=xytTrace:210717f817373710215263432e14c3&token=0bl0GuukzNkJR99BBJHUUUoNy0xD%2F3j9AEwjwlP9kgomGNN1PXXZEr%2Bu78CcqF9T","P1","07-17","184988371898","5.48","","20-40美金","20-40单","中价品"
"1","🔥最低价格🔥 可清洗汽车空气滤清器,性能/改装滤清器,76mm（3.0英寸）开口,有4种颜色可选。","蓝色的","5.44","https://cf.shopee.co.th/file/sg-11134201-7rfew-m9bc3h0uhdb6bd","https://TH.xiapibuy.com/product/1264043001/29235872645","汽车零部件","发动机零件","IVCN2026021114359","258366634088","https://detail.1688.com/offer/876926985961.html?kj_agent_plugin=aliprice&fromkv=xytTrace:2107d64617566931322366252e0cd4&token=C04YeB2RtGnK%2Fjp8zz5c9PEl5Z0QlBt41pHBFjNgdbnGKrovMPTczh%2FeiI6ZNEKK","P1","07-17","258366634088","5.44","","20-40美金","20-40单","中价品"
"1","蓝牙车载 X8 MP3 播放器,100% 正品,车载音乐播放器和车载充电器。","HM107MP-308","5.42","https://cf.shopee.co.th/file/th-11134207-7rasg-m27o0mz7cdep03","https://TH.xiapibuy.com/product/1347630614/27412072029","汽车内饰配件","USB充电器、FM和蓝牙发射器","IVCN202607108354","256953817578","","P1","07-17","256953817578","5.42","","20-40美金","20-40单","中价品"
"1","适用于 Perodua Ativa / Alza Axia 2023 / Myvi 2022 - 2023 的全新 TPU 遥控汽车钥匙保护套,无钥匙进入汽车配件","透明黑+HK0","5.42","https://cf.shopee.com.my/file/cn-11134207-7r98o-lqy8p9e4qacd93","https://MY.xiapibuy.com/product/228926990/24008714062","汽车钥匙扣和钥匙套","","IVCN2026061513833","232457818509","相似款：https://detail.1688.com/offer/962554795838.html?spm=a26352.b28411319/2508.0.0.4d9f1e62rn3h6b","P1","07-17","232457818509","5.42","","20-40美金","20-40单","中价品"
"1","适用于五十铃 D-Max Rodeo 皮卡 Ascender 的真皮方向盘套,尺寸为 37-38 厘米。","红色的","5.41","https://cf.shopee.co.th/file/sg-11134201-7rbk0-lko1z5t2flw2fd","https://TH.xiapibuy.com/product/975540152/21383211234","汽车内饰配件","方向盘及方向盘套","IVCN202512224630","177820388813","","P1","07-17","177820388813","5.41","","20-40美金","20-40单","高价品"
"1","通用双头车载风扇 12/24V 可旋转三速汽车风扇 360° 冷却风扇 低噪音","2个12V黄色风扇","5.4","https://cf.shopee.ph/file/ph-11134207-7r991-llabk39vyi83df","https://PH.xiapibuy.com/product/703181242/14294510241","汽车内饰配件","其他的","IVCN2026071011540","197008436698","https://detail.1688.com/offer/785542121750.html?spm=a26352.b28411319.offerlist.6.5d0f1e62m6iLa9","P1","07-17","197008436698","5.4","","20-40美金","20-40单","中价品"
"3","【限时特惠】2/4 件装硅胶防撞车门角保护器,适用于所有车型,汽车装饰配件","4 件铃木","5.4","https://cf.shopee.ph/file/sg-11134201-7qvdt-lik26e1ufmur93","https://PH.xiapibuy.com/product/883043611/22772273265","汽车外饰配件","其他的","IVCN2026061511015","186846954731","https://detail.1688.com/offer/942168420793.html?fromkv=cbuPcPlugin:imageSearchDrawerCard&spm=a2639h.29135425.offerlist.i2&source=action%23offerItem%3Borigin%23cf.shopee.ph&amug_biz=oneself&amug_fl_src=awakeId_982","P0","07-17","186846954731","5.4","","20-40美金","20-40单","低价品"
"1","糖果红金属色汽车/摩托车贴膜贴纸","12英寸 x 30英寸","5.4","https://cf.shopee.ph/file/cc68478087a4eb2f058e72d76ce3ba30","https://PH.xiapibuy.com/product/55061641/11079656532","汽车外饰配件","贴纸、标志和徽章","IVCN202606158045","115392833027","","P1","07-17","115392833027","5.4","","20-40美金","20-40单","低价品"
"1","通用双头车载风扇 12/24V 可旋转三速汽车风扇 360° 冷却风扇 低噪音","2个风扇 24V 棕色","5.39","https://cf.shopee.ph/file/ph-11134207-7r992-lla7md4kq2mbb6","https://PH.xiapibuy.com/product/703181242/14294510241","汽车内饰配件","其他的","IVCN202605130653","197008436697","https://detail.1688.com/offer/785542121750.html?spm=a26352.b28411319.offerlist.6.5d0f1e62m6iLa9","P1","07-17","197008436697","5.39","","20-40美金","20-40单","中价品"
"1","🔥正品🏆通用修复王/持久亮泽【汽车塑料磨砂哑光焕新剂】汽车塑料修复剂/汽车水晶电镀老化翻新液/划痕修复轮毂眉保养翻新剂","买二送二","5.38","https://cf.shopee.com.my/file/sg-11134201-82600-ml3fex0x3taaac","https://MY.xiapibuy.com/product/1097451512/26777053416","汽车保养","抛光剂、涂层和密封剂","IVCN2026031327856","218237325171","https://detail.1688.com/offer/905155942098.html?kj_agent_plugin=aliprice&fromkv=xytTrace:0","P1","07-17","218237325171","5.38","","20-40美金","20-40单","中价品"
"1","适用于雪佛兰 Colorado、Aveo、Captiva、Cruze、Optra、Sonic 和 Malibu 等车型的通用型汽车手刹皮革保护套","所以","5.35","https://cf.shopee.com.br/file/sg-11134201-7reop-m2hsmsfi5dmr21","https://BR.xiapibuy.com/product/1017376200/26917349833","汽车内饰配件","踏板和变速杆","IVCN202512090893","233452448878","相似款：https://detail.1688.com/offer/995728403217.html?kj_agent_plugin=aliprice&fromkv=xytTrace%3A2133d7d417654392345902582e0c59&token=RulQ0m2w9wMRmJGRBGq3gTi4v9Pr9IFNI9fIZUTJbRNd%2F3bvyU9tozhu7PQ7vYdw","P1","07-17","233452448878","5.35","","20-40美金","20-40单","中价品"
"1","Steven O型圈维修工具包、Steven橡胶维修工具包……","Steven O型圈维修工具包、Steven橡胶维修工具包……","5.3","","https://TH.xiapibuy.com/product/283721754/28250817398","汽车零部件","其他的","IVCN202604231443","207530491146","无同款","P1","07-17","207530491146","5.3","","20-40美金","20-40单","中价品"
"1","适用于三菱 Xpander Montero Mirage G4 Strada Xforce 遥控车钥匙皮套钥匙扣配件","红色线条-3键","5.29","https://cf.shopee.ph/file/cn-11134207-7r98o-lowdneqdhn139c","https://PH.xiapibuy.com/product/713890356/20873000006","汽车钥匙扣和钥匙套","","IVCN202605134003","230916598884","相似款：https://detail.1688.com/offer/639731809837.html?kj_agent_plugin=aliprice&fromkv=xytTrace:0","P1","07-17","230916598884","5.29","","20-40美金","20-40单","中价品"
"1","Mimosa 186FA 发动机喷油器喷嘴,适用于旋耕机、步行式拖拉机、旋耕机,燃油喷射器组件","186FA","5.28","https://cf.shopee.ph/file/cn-11134207-7r98o-luos6tgt33mm7c","https://PH.xiapibuy.com/product/1081175261/19194302483","汽车零部件","燃油系统","IVCN202505143566","166152604432","https://detail.1688.com/offer/624508832801.html?kj_agent_plugin=aliprice&fromkv=xytTrace:0","P1","07-17","166152604432","5.28","","20-40美金","20-40单","高价品"
"2","2个装汽车LED灯泡 P21W BA15S 1156 PY21W BAY15D 1157 转向灯 12V 4014 SMD 6500K 白色 汽车倒车停车后灯","1156 BA15S,白色","5.21","https://cf.shopee.ph/file/sg-11134201-7rbnc-lqjw1kcmtgrq85","https://PH.xiapibuy.com/product/519481632/25458661244","汽车零部件","电子","IVCN2026071011344","39740676666","","P1","07-17","39740676666","5.21","","20-40美金","20-40单","低价品"
"1","我们制作摩托车和汽车牌照（空白牌照/带框牌照）。请通过聊天提供车牌号码！","摩托车（1 张）","5.21","https://cf.shopee.co.th/file/th-11134207-7rasa-m5fkezfgrn6y09","https://TH.xiapibuy.com/product/28962126/27919698669","汽车外饰配件","车牌配件","IVCN2025091212614","147586073929","相似款：https://detail.1688.com/offer/972484776001.html?kj_agent_plugin=aliprice&fromkv=xytTrace:0bab14ad17694846624844234e0da7&token=0jZHXcoPHYHkyECdEEPIA9VrAq9LVackWA6aGcLNeLKtVHa%2F4PM301uiJSbvcx3Q","P1","07-17","147586073929","5.21","","100-300美金","20-40单","低价品"
"1","Samurai 2K环氧底漆喷涂剂,适用于汽车、摩托车 - 2K04、2K04P 和 2K04W","2K04W 白色（400毫升）","5.2","https://cf.shopee.com.my/file/my-11134207-820lh-mq378g6wgxzf08","https://MY.xiapibuy.com/product/357073540/9903805152","汽车保养","抛光剂、涂层和密封剂","IVCN2025122213516","183299056523","相似款：https://detail.1688.com/offer/722945697381.html?tracelog=p4p&spm=a26352.13672862.offerlist.1.6fb616b8tNqrrS&clickid=4284a8ac5aea44c494d49f02be5ed889&sessionid=2d2c0a3902ced26d23a3ff226cf016ac&_p_isad=1","P0","07-17","183299056523","5.2","","20-40美金","20-40单","高价品"
"1","Lensent 41件套线端子拆卸工具电缆连接器压接拔取器手动工具插头钥匙弹出器释放套件全新加厚汽车线束插座针脚开启器","Lensent 41件套线端子拆卸工具电缆连接器压接拔取器手动工具插头钥匙弹出器释放套件全新加厚汽车线束插座针脚开启器","5.16","","https://MY.xiapibuy.com/product/498984623/24116602075","汽车工具","测试、诊断和维修工具","IVCN202607108896","147215518909","https://detail.1688.com/offer/678325820697.html?kj_agent_plugin=aliprice&fromkv=xytTrace:0","P1","07-17","147215518909","5.16","","20-40美金","20-40单","低价品"
"1","三菱 Xpander、Pajero、Montero、Mirage 车牌灯云母色 8341A149 原装","三菱 Xpander、Pajero、Montero、Mirage 车牌灯云母色 8341A149 原装","5.14","","https://PH.xiapibuy.com/product/414226341/43310789729","汽车外饰配件","车牌配件","IVCN202604232131","270907584912","https://detail.1688.com/offer/656937387004.html?fromkv=cbuPcPlugin:imageSearchDrawerCard&spm=a2639h.29135425.offerlist.i3&source=action%23offerItem%3Borigin%23shopee.ph&amug_biz=oneself&amug_fl_src=awakeId_982","P1","07-17","270907584912","5.14","","20-40美金","20-40单","低价品"
"1","摩托车牌照框,有标准尺寸和迷你尺寸可供选择,100% 防水（前后牌照由 ABS 塑料制成）。","全黑","5.13","https://cf.shopee.co.th/file/th-11134207-81zti-mmczgqfd7w8yf9","https://TH.xiapibuy.com/product/119954740/24890918601","汽车外饰配件","车牌配件","IVCN202606156889","79515074982","相似款：https://detail.1688.com/offer/897112680227.html?kj_agent_plugin=aliprice&fromkv=xytTrace:0","P1","07-17","79515074982","5.13","","20-40美金","20-40单","低价品"
"2","GWM ORA 5 EV 门槛条、汽车门防尘贴纸、皮革保护产品、汽车造型套件、汽车改色配件。","内衬+外衬 - 8 件","5.1","https://cf.shopee.co.th/file/sg-11134201-8262m-mm74w1vo5n2n1c","https://TH.xiapibuy.com/product/1509548725/47207621460","汽车外饰配件","门槛板","IVCN202607108378","350676976085","相似款：https://detail.1688.com/offer/895798110952.html?fromkv=cbuPcPlugin:imageSearchDrawerCard&spm=a2639h.29135425.offerlist.i1&source=action%23offerItem%3Borigin%23cf.shopee.co.th&amug_biz=oneself&amug_fl_src=awakeId_982","P0","07-17","350676976085","5.1","","20-40美金","20-40单","高价品"
"1","GWM ORA 5 EV 门槛条、汽车门防尘贴纸、皮革保护产品、汽车造型套件、汽车改色配件。","完整的10件套","5.1","https://cf.shopee.co.th/file/sg-11134201-8260r-mm74w17xngg26c","https://TH.xiapibuy.com/product/1509548725/47207621460","汽车外饰配件","门槛板","IVCN2026061519483","350676976084","相似款：https://detail.1688.com/offer/895798110952.html?fromkv=cbuPcPlugin:imageSearchDrawerCard&spm=a2639h.29135425.offerlist.i1&source=action%23offerItem%3Borigin%23cf.shopee.co.th&amug_biz=oneself&amug_fl_src=awakeId_982","P0","07-17","350676976084","5.1","","80-100美金","20-40单","高价品"
"1","2个装汽车LED灯泡 P21W BA15S 1156 PY21W BAY15D 1157 转向灯 12V 4014 SMD 6500K 白色 汽车倒车停车后灯","1157 BAY15D,红色","5.08","https://cf.shopee.ph/file/sg-11134201-7rbk2-lqjw1gm2aekl20","https://PH.xiapibuy.com/product/519481632/25458661244","汽车零部件","电子","IVCN202605138304","39740676670","https://detail.1688.com/offer/575830738889.html?kj_agent_plugin=aliprice&fromkv=xytTrace:0","P1","07-17","39740676670","5.08","","20-40美金","20-40单","低价品"
"1","犀牛皮保护膜汽车保险杠引擎盖漆面保护贴纸防刮擦","50x100厘米","5.08","https://cf.shopee.ph/file/81f45c06a8b55b51dee9aebe3f9d504b","https://PH.xiapibuy.com/product/97361266/1739090372","汽车零部件","车身、车架和保险杠","IVCN202607109650","2859264255","","P1","07-17","2859264255","5.08","","20-40美金","20-40单","低价品"
"1","ValueMax迷你黄油枪套装,含泵（3000 PSI）、3盎司黄油、12英寸软管、5英寸和3英寸延长管、手枪式握把,加固结构,适用于汽车、船舶和工业领域。","ValueMax迷你黄油枪套装,含泵（3000 PSI）、3盎司黄油、12英寸软管、5英寸和3英寸延长管、手枪式握把,加固结构,适用于汽车、船舶和工业领域。","5.08","","https://MY.xiapibuy.com/product/263734828/23645243706","汽车工具","其他的","IVCN2026071010648","196811926728","相似款：https://detail.1688.com/offer/520933977187.html?kj_agent_plugin=aliprice&fromkv=xytTrace:0","P1","07-17","196811926728","5.08","","20-40美金","20-40单","高价品"
"1","10个1156 P21W BA15S 12V 21W卤素灯泡琥珀色汽车灯倒车灯刹车灯泡后转向灯日间行车灯12V","琥珀色,1156 BAU15S PY21W 150°","5.05","https://cf.shopee.ph/file/b19a71ecf6f730bc4dd7d6283c886284","https://PH.xiapibuy.com/product/360705746/8506258312","汽车零部件","电子","IVCN2026071013616","84355205949","https://detail.1688.com/offer/525574752499.html?kj_agent_plugin=aliprice&fromkv=xytTrace:0","P1","07-17","84355205949","5.05","","20-40美金","20-40单","中价品"
"1","舒适粉色汽车座椅头枕,可爱颈部头枕,车载纸巾盒,肩部保护套","头枕","5.04","https://cf.shopee.vn/file/cn-11134207-7r98o-lx24zbs92rs3e7","https://VN.xiapibuy.com/product/135572771/28103942877","汽车内饰配件","座椅头枕和靠背","IVCN2026041038275","217614118102","相似款：https://detail.1688.com/offer/894295163005.html?spm=a26352.b28411319/2508.0.0","P1","07-17","217614118102","5.04","","20-40美金","20-40单","中价品"
"1","Mimosa 10片装/50片装 气缸盖垫片 椭圆形环 棕色 适用于186F 186FA 188F 190F 192F风冷柴油发动机 7马力 10马力 12马力 14马力 16马力","出生（10件）","5.02","https://cf.shopee.ph/file/cn-11134207-7ras8-m7hfk1bl2d6661","https://PH.xiapibuy.com/product/1081175261/28425790310","汽车零部件","发动机零件","IVCN2026061511781","198204669204","","P1","07-17","198204669204","5.02","","20-40美金","20-40单","低价品"
"1","新款四合一 85W 车载充电器,支持 PD+3.0 快充,带 LED 电压表插座,防水电源适配器,适用于 12V/24V 汽车和船舶。","QC3.0+PD A","5.01","https://cf.shopee.co.th/file/sg-11134201-7ren8-m8g2qzpoh5lz73","https://TH.xiapibuy.com/product/1298336767/24093898829","汽车内饰配件","USB充电器、FM和蓝牙发射器","IVCN2025111455979","59897398692","https://detail.1688.com/offer/666424114541.html?kj_agent_plugin=aliprice&fromkv=xytTrace:0","P1","07-17","59897398692","5.01","","20-40美金","20-40单","中价品"
"1","新款高品质 3 英寸实心 TAU GAMMA PHI 汽车标志旗帜三曲臂章 Fortis Voluntas Fraternitas 汽车 LOGO 防水不褪色金属标签","旗帜,3X3","5","https://cf.shopee.ph/file/cn-11134207-7r98o-llhkosm9ssgkf3","https://PH.xiapibuy.com/product/832255651/22879837859","汽车外饰配件","贴纸、标志和徽章","IVCN2026071010298","69697257176","https://detail.1688.com/offer/958042061650.html?spm=a26352.b28411319/2508.0.0","P0","07-17","69697257176","5","","20-40美金","20-40单","中价品"
"1","（下单前请先咨询详情）我们制作摩托车和汽车的牌照及其他类型的车牌。制作周期为3天内。","1400泰铢","5","https://cf.shopee.co.th/file/th-11134207-81ztl-mkblyzhnz3lueb","https://TH.xiapibuy.com/product/14821368/43167364380","汽车外饰配件","车牌配件","IVCN2026031333200","405139738533","相似款：https://detail.1688.com/offer/632151533047.html?kj_agent_plugin=aliprice&fromkv=xytTrace:2132815517743465730845977e0f48&token=XayWJlztvmo2sBjTPMtq3MlFGcEiS9sENGeLMTrusfsMlNIRCDJNLL%2F2Lz0b6APL","P0","07-17","405139738533","5","","20-40美金","20-40单","高价品"
"1","（下单前请先咨询详情）我们制作摩托车和汽车的牌照及其他类型的车牌。制作周期为3天内。","普通的","5","https://cf.shopee.co.th/file/th-11134207-81zth-mkblyrp23lzb8a","https://TH.xiapibuy.com/product/14821368/43167364380","汽车外饰配件","车牌配件","IVCN2026061520671","405139738532","相似款：https://detail.1688.com/offer/632151533047.html?kj_agent_plugin=aliprice&fromkv=xytTrace:2132815517743465730845977e0f48&token=XayWJlztvmo2sBjTPMtq3MlFGcEiS9sENGeLMTrusfsMlNIRCDJNLL%2F2Lz0b6APL","P0","07-17","405139738532","5","","20-40美金","20-40单","高价品"
"3","碳纤维纹理长城欧拉5 ABS塑料门槛条。耐刮擦、耐磨损。易于自行安装。汽车配件。经久耐用。高品质。","8 件,包括内件和外件。","5","https://cf.shopee.co.th/file/sg-11134201-81zv1-mmye0yv9r6rk89","https://TH.xiapibuy.com/product/1738000430/43779981433","汽车外饰配件","门槛板","IVCN2026071011036","297529086553","相似款：https://detail.1688.com/offer/989538173463.html?fromkv=cbuPcPlugin:imageSearchDrawerCard&spm=a2639h.29135425.offerlist.i5&source=action%23offerItem%3Borigin%23cf.shopee.co.th&amug_biz=oneself&amug_fl_src=awakeId_982","P0","07-17","297529086553","5","","40-60美金","20-40单","高价品"
"1","DMAX COM 的完整油箱内燃油泵总成。","DMAX COM 的完整油箱内燃油泵总成。","5","","https://TH.xiapibuy.com/product/268683691/23474641551","汽车外饰配件","其他的","IVCN2026041032671","29400848021","相似款：https://detail.1688.com/offer/855291235989.html?spm=a26352.b28411319/2508.0.0","P0","07-17","29400848021","5","","20-40美金","20-40单","高价品"
"1","高级仿羊皮汽车方向盘套,5D纹理,适用于37-38厘米方向盘,增强抓握力和舒适度,适用于大多数车型","黑色的","5","https://cf.shopee.ph/file/sg-11134201-7rau2-ma3xm3o2f0r33f","https://PH.xiapibuy.com/product/1156198075/26136870218","汽车内饰配件","方向盘及方向盘套","IVCN2025111475601","270157773200","https://detail.1688.com/offer/924063466518.html?fromkv=cbuPcPlugin:imageSearchDrawerCard&spm=a2639h.29135425.offerlist.i5&source=action%23offerItem%3Borigin%23cf.shopee.ph&amug_biz=oneself&amug_fl_src=awakeId_982","P0","07-17","270157773200","5","","20-40美金","20-40单","中价品"
"1","可爱卡通硅胶钥匙扣套/钥匙包/钥匙扣套。🔑现货🔑","一个","5","https://cf.shopee.co.th/file/sg-11134201-824gg-mf2gfs3kwcnccb","https://TH.xiapibuy.com/product/1496236931/40221357814","汽车钥匙扣和钥匙套","","IVCN2026041043735","261744142591","https://detail.1688.com/offer/534357013540.html?fromkv=cbuPcPlugin:imageSearchDrawerCard&spm=a2639h.29135425.offerlist.i1&source=action%23offerItem%3Borigin%23shopee.co.th&amug_biz=oneself&amug_fl_src=awakeId_982","P0","07-17","261744142591","5","","20-40美金","20-40单","低价品"
"5","Lieto 婴儿遮阳帘 *并非适用于所有欧洲车型*（1 件装）","9. 你好","5","https://cf.shopee.co.th/file/th-11134207-7ra0r-mddqvq5j6c3p0f","https://TH.xiapibuy.com/product/217383026/5318346560","汽车内饰配件","遮阳罩和仪表盘罩","IVCN202606155209","240311657832","https://detail.1688.com/offer/906089449601.html?kj_agent_plugin=aliprice&fromkv=xytTrace:210702e017725908008943314e0de5&token=HrruEuYCfXTQBGpbh33BlFNkWwy%2BdaD1UAJrshpERrQp7wRkcU2MujuzoEvcsAMZ","P0","07-17","240311657832","5","","20-40美金","20-40单","高价品"
"1","【ITSOK】2个装按钮式引擎盖锁销卡扣套件 通用赛车快速释放锁扣 发动机引擎盖","2个","5","https://cf.shopee.com.my/file/cn-11134207-7r98o-lyq69fxf0cj743","https://MY.xiapibuy.com/product/981849346/26207453132","汽车零部件","车身、车架和保险杠","IVCN2026031328932","236631878973","https://detail.1688.com/offer/747806180864.html?kj_agent_plugin=aliprice&fromkv=xytTrace:0b5681be17641257886311567e0f01&token=gaIkP4RZLUVZ4flFLfadQRsZVrTXHldT3x%2BmfLj%2F6dU662f%2FhIASLDRz2zn3mLlc","P0","07-17","236631878973","5","","20-40美金","20-40单","高价品"
"1","OKCATZONE 鲨鱼鳍天线汽车收音机 FM/AM 信号替换件","红色的","5","https://cf.shopee.com.br/file/br-11134201-23030-yen2nyi9pfove1","https://BR.xiapibuy.com/product/516437888/18175451725","汽车外饰配件","天线","IVCN2026021111375","221182352738","https://detail.1688.com/offer/722964601555.html","P0","07-17","221182352738","5","","20-40美金","20-40单","中价品"
"1","正品不锈钢车牌框。防锈、坚固耐用（至少可使用5年）。安装简便,随附螺丝。适用于汽车牌照。","丰田","5","https://cf.shopee.co.th/file/th-11134207-7ra0m-mc85i0si4kec41","https://TH.xiapibuy.com/product/62144331/3244367742","汽车外饰配件","车牌配件","IVCN202602110225","21398983616","相似款：https://detail.1688.com/offer/626520754236.html?kj_agent_plugin=aliprice&fromkv=xytTrace:0","P0","07-17","21398983616","5","","20-40美金","20-40单","高价品"
"2","2个T15 LED灯泡,48SMD超亮倒车灯/停车灯/转向灯,适用于汽车摩托车","T15 - 黄色,2个","5","https://cf.shopee.ph/file/1e6d52a16bfbd1b42393311ac79547dd","https://PH.xiapibuy.com/product/561873327/20838254296","汽车零部件","电子","IVCN2026061510707","181951284402","","P0","07-17","181951284402","5","","20-40美金","20-40单","低价品"
"2","2个T15 LED灯泡,48SMD超亮倒车灯/停车灯/转向灯,适用于汽车摩托车","T15 - 白色,2 件装","5","https://cf.shopee.ph/file/7a7194f2b64cac0c2c1050369673682c","https://PH.xiapibuy.com/product/561873327/20838254296","汽车零部件","电子","IVCN2026061510707","181951284400","","P0","07-17","181951284400","5","","20-40美金","20-40单","中价品"
"1","Lieto 婴儿遮阳帘 *并非适用于所有欧洲车型*（1 件装）","10. 灰色","5","https://cf.shopee.co.th/file/th-11134207-7ra0h-mddqwh1vt9s5fd","https://TH.xiapibuy.com/product/217383026/5318346560","汽车内饰配件","遮阳罩和仪表盘罩","IVCN202602112563","138973979063","https://detail.1688.com/offer/906089449601.html?kj_agent_plugin=aliprice&fromkv=xytTrace:210702e017725908008943314e0de5&token=HrruEuYCfXTQBGpbh33BlFNkWwy%2BdaD1UAJrshpERrQp7wRkcU2MujuzoEvcsAMZ","P0","07-17","138973979063","5","","20-40美金","20-40单","高价品"
"1","1个24LED双色H11汽车LED雾灯H3 LED灯泡H7 H8超亮汽车雾灯9006白黄","White&Blue,9006","4.98","https://cf.shopee.com.my/file/sg-11134201-22110-0363owndhckv68","https://MY.xiapibuy.com/product/479827619/20865112890","汽车零部件","电子","IVCN2026071010050","156335809181","https://detail.1688.com/offer/691744902242.html?kj_agent_plugin=aliprice&fromkv=xytTrace:0","P1","07-17","156335809181","4.98","","20-40美金","20-40单","中价品"
"2","新品！！OUKU Q19/C80-C143T Type-c 转 Type-c/iOS 充电器套装,PD30W 快充套装,现货发售。","C143T 头部 + TC-TC 白色","4.97","https://cf.shopee.co.th/file/th-11134207-81zti-mhispojhn28347","https://TH.xiapibuy.com/product/374944741/24130968893","汽车内饰配件","手机支架","IVCN2026061510579","178211724342","https://detail.1688.com/offer/900132029350.html?kj_agent_plugin=aliprice&fromkv=xytTrace%3A0&tracelog=cps&clickid=325e2e2257aefc30bcfdccf109fa2779&targetUrl=https%3A%2F%2Fs.click.1688.com%2Ft%3Fe%3DA6FEAF87A2FCFBDD05C1BD6ABB449CE46147FC88EA630CBAC31FEFBD3966EDE4DF88C915D5486E33D1003E749B3EAAA5861098A75E16F4D226600F2847DABD1A5F0FFA4FF39BCCC320D4625E68D0D47AF6FEC9241CC79F982F2298161E9E1CDCF113C2736CE8F7E9A7B320E516260ECF2A979F95040DBFCC0C0C400DF91AD8257EEF6D6099BA67CE2BA95CC4F9A8AC07F5F471FADE5245847BD45461B1BD0FD6C62E41EF92E26C79201959AC756EE56E37D182614E81CE8AC17257021AE7B2B602FC13646126465486CE9E31A18F9DFA7CE8CCAD5DADB322","P1","07-17","178211724342","4.97","","20-40美金","20-40单","中价品"
"1","50件装汽车摩托车轮胎无内胎密封条卡车轮胎修补塞轮胎穿刺修复救援套装","黑色-50个","4.96","https://cf.shopee.ph/file/cn-11134207-7r98o-lxkvu6yjem1v48","https://PH.xiapibuy.com/product/391449622/24183362218","汽车保养","轮胎及轮毂保养","IVCN202605138775","256178057045","https://detail.1688.com/offer/633570827062.html?spm=a26352.b28411319.offerlist.6.2eba1e62PxvKOv","P1","07-17","256178057045","4.96","","20-40美金","20-40单","中价品"
"1","X8 多功能车载蓝牙无线 MP3 音乐播放器 FM 收音机","C9","4.95","https://cf.shopee.co.th/file/sg-11134201-7rd6y-lwo12n83uzfh2e","https://TH.xiapibuy.com/product/1192210848/25682380676","汽车内饰配件","USB充电器、FM和蓝牙发射器","IVCN202512224958","39434684058","https://detail.1688.com/offer/762005992677.html?kj_agent_plugin=aliprice&fromkv=xytTrace:0b51056217660416876974702e10b7&token=ovaS0TNwTYU12y9GJMpyWBCJTPoo1B413AtjhVy90x3%2FBFD5Hn2wW3E6C1XD1iQ8","P1","07-17","39434684058","4.95","","20-40美金","20-40单","中价品"
"1","马毛刷,真马毛刷,用于擦亮鞋子和汽车皮革座椅的马毛刷（带真木柄）。","方头+圆头","4.94","https://cf.shopee.co.th/file/th-11134207-7r98y-lnmchyktooq872","https://TH.xiapibuy.com/product/212561326/21776502561","汽车保养","室内护理","IVCN202605132265","214721944535","https://detail.1688.com/offer/686422090508.html?kj_agent_plugin=aliprice&fromkv=xytTrace%3A21365bc417431474286073386e18dd&token=m6D0J7fa2VTGcKmjiVYltL6f722M5uUkTS8J4FlA0IyDVw2m18MnyVKw1veGFzg7&tracelog=cps&clickid=b248cf09a0ef39ea5b6fc581600d63a9","P1","07-17","214721944535","4.94","","20-40美金","20-40单","中价品"
"2","2个装汽车LED灯泡 P21W BA15S 1156 PY21W BAY15D 1157 转向灯 12V 4014 SMD 6500K 白色 汽车倒车停车后灯","1157 BAY15D,白色","4.92","https://cf.shopee.ph/file/sg-11134201-7rbk2-lqjw1gm2aekl20","https://PH.xiapibuy.com/product/519481632/25458661244","汽车零部件","电子","IVCN2026071011344","39740676669","相似款：https://detail.1688.com/offer/602298988523.html?kj_agent_plugin=aliprice&fromkv=xytTrace:0","P1","07-17","39740676669","4.92","","20-40美金","20-40单","低价品"
"1","Bosso 5针12V双面继电器。可选带或不带继电器连接器和导线。价格为单个价格。","12V继电器+插头","4.9","https://cf.shopee.co.th/file/th-11134207-7rasb-m6ymbhqia5874c","https://TH.xiapibuy.com/product/1019727271/22680210449","汽车零部件","电子","IVCN2026051322681","168753962023","https://detail.1688.com/offer/678866667327.html?kj_agent_plugin=aliprice&fromkv=xytTrace%3A21088ae017530826404637504e1610&token=kqMdcwvywNR5QfpsYxPPGvasrsJvC9%2FD%2BcwNxLGJIhDQhF2k5loUvLkiYmvp9sBg&tracelog=cps&clickid=d50e13ebab60d8040698e82baec617b7&targetUrl=https%3A%2F%2Fs.click.1688.com%2Ft%3Fe%3DA6FEAF87A2FCFBDD05C1BD6ABB449CE46147FC88EA630CBAC31FEFBD3966EDE4DF88C915D5486E33D1003E749B3EAAA5861098A75E16F4D226600F2847DABD1A5F0FFA4FF39BCCC320D4625E68D0D47AF6FEC9241CC79F982F2298161E9E1CDC1A8AC346F3158519DDDEF88065C28DD4C4BB696422336EAB66217031ED7761EA7EEF6D6099BA67CE089F770C23C101B765B459962BC6DDC880C9B21EA8CA16DBFE66E5150155A7EC960C392673560D1E2D55DCC9014064C060CC84A4042E6B0CD4BF08CFE6E1A6566DCF71209347E058FE32DC6E95E81F802891B033E65408D6C701B279374788E7D335CB3AA7B4280B%26cbu_cps_trace_flag%3Dwrite","P0","07-17","168753962023","4.9","","20-40美金","20-40单","中价品"
"1","TFOE 欧式车牌（1 个装）","TFOE 欧式车牌（1 个装）","4.9","","https://PH.xiapibuy.com/product/297834561/13046155280","汽车外饰配件","车牌配件","IVCN2026031323736","113750249990","无同款","P1","07-17","113750249990","4.9","","20-40美金","20-40单","中价品"
"1","KHUN DU 轮胎压力表,高品质轮胎压力测试仪,0-100 PSI,多用途轮胎压力表。","KD1607","4.85","","https://TH.xiapibuy.com/product/1057527353/24354171080","汽车工具","轮胎压力检测器","IVCN2026041036819","187229065199","无同款","P1","07-17","187229065199","4.85","","20-40美金","20-40单","中价品"
"3","OKCATZONE 鲨鱼鳍天线汽车收音机 FM/AM 信号替换件","讲话","4.81","https://cf.shopee.com.br/file/br-11134201-23030-ct3qabp9pfov34","https://BR.xiapibuy.com/product/516437888/18175451725","汽车外饰配件","天线","IVCN2026061513005","221182352741","https://detail.1688.com/offer/711049322137.html?fromkv=cbuPcPlugin:imageSearchDrawer&spm=a2639h.29135425.offerlist.i3&source=action%23offerItem%3Borigin%23shopee.ph&amug_biz=oneself&amug_fl_src=awakeId_982","P1","07-17","221182352741","4.81","","20-40美金","20-40单","中价品"
"1","适用于摩托车、汽车、船只、灯具和各种燃料箱的防锈涂层。","适用于摩托车、汽车、船只、灯具和各种燃料箱的防锈涂层。","4.8","","https://TH.xiapibuy.com/product/341296415/26155102179","汽车工具","其他的","IVCN2026031327150","205234963026","相似款：https://detail.1688.com/offer/812695677395.html?spm=a26352.13672862.offerlist.4.3264328a5gOc5b&offerId=812695677395&sortType=&pageId=&abBizDataType=cbuOffer&hotSaleSkuId=5924158890972&trace_log=normal&uuid=540e7411959a434582400d0ab7967f70&forcePC=1765264320942","P0","07-17","205234963026","4.8","","20-40美金","20-40单","高价品"
"1","VOLTRONIC M50-K 陶瓷链条润滑油 (M50 VOLTRONIC) - 德国进口优质陶瓷链条润滑喷雾 - VOLTRONIC 越南专卖店","M50 Voltronic,否","4.8","https://cf.shopee.vn/file/sg-11134201-22100-y64tu4ust6hvbf","https://VN.xiapibuy.com/product/700348922/16615051333","汽车保养","其他的","IVCN2026031324058","126860354912","相似款：https://detail.1688.com/offer/630192867372.html?kj_agent_plugin=aliprice&fromkv=xytTrace:212b9de517744298563858862e1176&token=uBUkHmxUneTnBIfi0BEX%2Fr68ymfVqExoM3m9oFgK0hbDcAV6I5zb5ZSV6m5liNu%2F","P0","07-17","126860354912","4.8","","20-40美金","20-40单","高价品"
"8","防水汽车牌照框,欧式和日式款式（前后车牌框一对）。","S+S 白色带黑色线条","4.74","https://cf.shopee.co.th/file/th-11134207-7rask-m5tuqp988oty0f","https://TH.xiapibuy.com/product/119954740/12272830809","汽车外饰配件","车牌配件","IVCN202606158859","137977707458","https://detail.1688.com/offer/706050504499.html?kj_agent_plugin=aliprice&fromkv=xytTrace:0","P0","07-17","137977707458","4.74","","20-40美金","20-40单","中价品"
"1","10件套汽车贴膜工具套装,包括乙烯基薄膜切割器、刮板、乙烯基塑料刮刀、贴膜工具和窗膜工具","1套","4.73","https://cf.shopee.co.th/file/cn-11134207-7r98o-lw89z2h2xov75e","https://TH.xiapibuy.com/product/796305007/27052021388","汽车外饰配件","贴纸、标志和徽章","IVCN202509259082","88937591626","https://detail.1688.com/offer/728225511643.html?kj_agent_plugin=aliprice&fromkv=xytTrace:0bbb04ba17588856432606900e0f93&token=ImmYtt9kfPb1aCy4IdZnIpbdUl8tABViC2NSvacL4fx8lP5RBac0p530c%2BQdmToF","P1","07-17","88937591626","4.73","","20-40美金","20-40单","低价品"
"1","SuperAuto 汽车座椅套全套,通用型,适用于大多数车型,轮胎花纹","米色双座","4.73","https://cf.shopee.ph/file/ab6e984a1f6347c1d7ccfc94b613eb5c","https://PH.xiapibuy.com/product/277005239/6940895795","汽车内饰配件","座椅及座椅套","IVCN2026031322638","70191650790","","P1","07-17","70191650790","4.73","","20-40美金","20-40单","高价品"
"1","OneAudio HK 2英寸高音扬声器 4欧姆 20瓦 汽车音响 黑色橙色高音喇叭 汽车立体声喇叭","HK 2英寸 4Ω 20W","4.73","https://cf.shopee.ph/file/cn-11134207-7r98o-lwf62xg127gla9","https://PH.xiapibuy.com/product/1274006410/27602505724","汽车内饰配件","功放、扬声器和低音炮","IVCN2025122218358","246000444959","https://detail.1688.com/offer/911545376480.html?fromkv=cbuPcPlugin:imageSearchDrawerCard&spm=a2639h.29135425.offerlist.i4&source=action%23offerItem%3Borigin%23shopee.ph&amug_biz=oneself&amug_fl_src=awakeId_982","P1","07-17","246000444959","4.73","","40-60美金","20-40单","低价品"
"1","Erudent 17/19mm 柴油六角管喷嘴开口臂氧传感器拆卸扳手管臂车间设备新工具","一个","4.73","https://cf.shopee.co.th/file/sg-11134201-7rdw3-m1fj058tei7295","https://TH.xiapibuy.com/product/293684598/29314234640","汽车工具","其他的","IVCN202604231193","185465149676","https://detail.1688.com/offer/745462238093.html?kj_agent_plugin=aliprice&fromkv=xytTrace:0b51056217609314279187076e0e04&token=eiI99vZzhDy8cih6p52wciS%2Fk0krD9zY2SCjsLr0grVpVm99aqNBnlMySZZ52hU9","P1","07-17","185465149676","4.73","","20-40美金","20-40单","中价品"
"1","奔驰C级、E级、CLA级发动机机油滤清器套件 2701800109","奔驰C级、E级、CLA级发动机机油滤清器套件 2701800109","4.72","","https://TH.xiapibuy.com/product/817430232/19995610963","汽车零部件","发动机零件","IVCN202602119676","194785273601","相似款核价","P1","07-17","194785273601","4.72","","20-40美金","20-40单","中价品"
"1","11428575211 适用于宝马 B47 / B48 / B38 F30(LCI) G20 G30 520d 330e X1 F48 X3 G01 的机油滤清器","11428575211 适用于宝马 B47 / B48 / B38 F30(LCI) G20 G30 520d 330e X1 F48 X3 G01 的机油滤清器","4.6","","https://TH.xiapibuy.com/product/1657841277/44601748175","汽车零部件","发动机零件","IVCN2026061518731","320159810001","相似款：https://detail.1688.com/offer/929519345906.html?kj_agent_plugin=aliprice&fromkv=xytTrace%3A0&tracelog=cps&clickid=07c2ed7a71a3f2d36b9d2f81b8ff58e5&targetUrl=https%3A%2F%2Fs.click.1688.com%2Ft%3Fe%3DD2DC7A927D55C03D6511A0CCA913FD65D6FA062685DFF8F7D920A558D1D5758C4B369BE324A83E744B8F19128B0D93E33FB8088B45F57B9E47F28FD2CC0E231B18AD4F779334558760FEF997084D4D5331EB6FC8DBCADED4C6C8CEEEE21320CC4BD39EA2FE12E3B1D4A17A95BCB27E38A1DD58DCDC13907258398D824A27B15C2DE6CC53D0E9BCC7348394BC3CC3C62B9992F8828C4BE892E0A36EB64817139E04ACE33EA7298298ED88CB3F9DE89A5F0E01C6A73FD21F34E7F6371B0DCFF49ED8525328A95FBEA47D4D675A1FBD20090143BD9FCE80F4A720047A12EAF8C8A65E835C3D5BD33A89493DC3129023E63F%26cbu_cps_trace_flag%3Dwrite","P0","07-17","320159810001","4.6","","20-40美金","20-40单","中价品"
"1","三菱汽车门槛贴纸后备箱门槛防刮贴 4片装 8片装 9片装 适用于 Xpander Adventure Montero Pajero Strada L300 Mirage 配件","9件套汽车车门+后备箱","4.6","https://cf.shopee.ph/file/cn-11134207-7r98o-lw7b4u7sxrmr49","https://PH.xiapibuy.com/product/1211891021/24583335778","汽车外饰配件","门槛板","IVCN2026031326672","195232695680","相似款：https://detail.1688.com/offer/988599349560.html","P0","07-17","195232695680","4.6","","20-40美金","20-40单","高价品"
"1","HOTOP汽车塑料翻新水晶涂层高级陶瓷塑料修复剂汽车维修涂层翻新剂","2瓶（60毫升）","4.58","https://cf.shopee.com.my/file/cn-11134207-7ras8-m7hsmut5jlat72","https://MY.xiapibuy.com/product/1013658762/27730025511","汽车保养","抛光剂、涂层和密封剂","IVCN2026021110980","215894762607","https://detail.1688.com/offer/751139984797.html?kj_agent_plugin=aliprice&fromkv=xytTrace:0","P1","07-17","215894762607","4.58","","20-40美金","20-40单","中价品"
"1","无牙仔和夜煞摆件、汽车贴纸、窗贴、头盔贴纸、汽车配件、飞龙。","黑火 🔥","4.56","https://cf.shopee.co.th/file/sg-11134201-824gk-me41leqyf9jaaf","https://TH.xiapibuy.com/product/1480214452/43266798923","汽车内饰配件","其他的","IVCN202512226970","196242293519","https://detail.1688.com/offer/785513168559.html?kj_agent_plugin=aliprice&fromkv=xytTrace%3A0&tracelog=cps&clickid=142959ab3a5e5b1503867609626a7c04&targetUrl=https%3A%2F%2Fs.click.1688.com%2Ft%3Fe%3DD2DC7A927D55C03D6511A0CCA913FD65D6FA062685DFF8F7D920A558D1D5758C4B369BE324A83E744B8F19128B0D93E33FB8088B45F57B9E47F28FD2CC0E231B18AD4F779334558760FEF997084D4D5331EB6FC8DBCADED4C6C8CEEEE21320CC4BD39EA2FE12E3B146C8E8FAB9ED72FB1E354168A5D942064ECB0444020610CC1CDE1D79A9EB012F348394BC3CC3C62B9992F8828C4BE892EB97AFF5D81271F51BA9DE7491729DE8C30D0EEAAB0B80683561B5B674235CEF8C1F1BAA1896B4E05D91FDABBEF229A261550A3DCEF0CE64C9046F6A90AD9E7D3EEB0CAFDA079D8A955775C6EDF47475A55424AAFB34F3A0%26cbu_cps_trace_flag%3Dwrite","P1","07-17","196242293519","4.56","","20-40美金","20-40单","中价品"
"1","OPEnmall 二合一车载时钟液晶数字温度计吸盘式时钟透明 C8Y4","默认","4.56","https://cf.shopee.com.my/file/sg-11134201-7rdw9-lyuq9aqi78rs70","https://MY.xiapibuy.com/product/26168478/27607711127","汽车内饰配件","抬头显示器、速度表和仪表","IVCN2026031324722","147415487768","https://detail.1688.com/offer/820428716986.html?fromkv=cbuPcPlugin:imageSearchDrawerCard&kjSource=pc&spm=a2639h.30124514.offerlist.i2&source=action%23offerItem%3Borigin%23shopee.com.my&amug_biz=oneself&amug_fl_src=awakeId_982","P0","07-17","147415487768","4.56","","20-40美金","20-40单","中价品"
"1","【限时特惠】汽车车门边缘防撞条 防刮擦保护 美观前后保险杠后视镜装饰配件 适用于大多数车型","三菱,4 件装 黑色","4.54","https://cf.shopee.ph/file/sg-11134201-7rdxf-mbp3oc8j322h78","https://PH.xiapibuy.com/product/883043611/19088547764","汽车外饰配件","门槛板","IVCN202607107994","108904717053","https://detail.1688.com/offer/837103710028.html?kj_agent_plugin=aliprice&fromkv=xytTrace:213d7cd717539596626564526e1179&token=%2B%2FuvkOz6U%2FPH%2FUyYOkVrYtZSpuFSNkLJlRqsaEDUBkymXUhPforXcQ6nyJhv2%2F2B","P1","07-17","108904717053","4.54","","20-40美金","20-40单","低价品"
"1","1套 TOYO TIRES PROXES 3D汽车轮胎字母贴纸 PVC轮毂装饰贴花","白色 1*（东洋轮胎 PROXES）","4.51","https://cf.shopee.ph/file/cn-11134207-7r98o-lvvepgzv5ef93a","https://PH.xiapibuy.com/product/1283487253/27353053103","汽车外饰配件","贴纸、标志和徽章","IVCN2025111471655","241035268407","相似款：https://detail.1688.com/offer/682393022887.html?spm=a26352.b28411319.offerlist.24.3ced1e62EzMdnk","P1","07-17","241035268407","4.51","","20-40美金","20-40单","低价品"
"1","五十铃原装PCV阀膜片（4孔）：Crosswind Sportivo Hilander TFR FUEGO NKR NPR NHR（4ja1 4jb1 4hf1 4hf2）","日本原产地","4.5","https://cf.shopee.ph/file/cn-11134207-7ras8-m49ykko5muyxa1","https://PH.xiapibuy.com/product/998494654/22142720865","汽车零部件","发动机零件","IVCN2026051321503","158242461779","https://detail.1688.com/offer/625921412298.html?kj_agent_plugin=aliprice&fromkv=xytTrace:0bf89a7417725110255855672e104f&token=FR%2FZqpjZFKH7NkYOzrk9YTw2%2F9mAHkOTAUQBjkH4r%2B25oulnAliwZ%2BZ%2Bqe%2FEPGeJ","P0","07-17","158242461779","4.5","","20-40美金","20-40单","高价品"
"1","【限时特惠】汽车车门边缘防撞条 防刮擦保护 美观前后保险杠后视镜装饰配件 适用于大多数车型","丰田,4 件装 黑色","4.47","https://cf.shopee.ph/file/sg-11134201-7rdxp-mbp3neyzrk0s77","https://PH.xiapibuy.com/product/883043611/19088547764","汽车外饰配件","门槛板","IVCN202602113098","108904717067","https://detail.1688.com/offer/837103710028.html?kj_agent_plugin=aliprice&fromkv=xytTrace:213d7cd717539596626564526e1179&token=%2B%2FuvkOz6U%2FPH%2FUyYOkVrYtZSpuFSNkLJlRqsaEDUBkymXUhPforXcQ6nyJhv2%2F2B","P1","07-17","108904717067","4.47","","20-40美金","20-40单","低价品"
"1","2个LED汽车日间行车灯通用型流水转向灯黄色DRL流水日间行车灯大灯12V","红色和黄色,15.5厘米","4.46","https://cf.shopee.com.my/file/sg-11134201-824ho-me5jg9zhhcsm23","https://MY.xiapibuy.com/product/955835970/29915461438","汽车零部件","电子","IVCN202605134867","236931511078","https://detail.1688.com/offer/620257054733.html?kj_agent_plugin=aliprice&fromkv=xytTrace:0","P1","07-17","236931511078","4.46","","20-40美金","20-40单","中价品"
"4","通用型车载风扇 12V/24V 电动三头汽车风扇 360° 可调风量 低噪音","2个12V蓝色固定风扇","4.46","https://cf.shopee.ph/file/7ea8074ce8ebb1e77aa71bfe0efb197f","https://PH.xiapibuy.com/product/335188817/21060078268","汽车内饰配件","其他的","IVCN202606157145","193063701501","https://detail.1688.com/offer/662953143999.html?kj_agent_plugin=aliprice&fromkv=xytTrace:2146915b17373588106295185e0cfa&token=e2jR6onnQulL1xKEkWCUm0WuucQtprX4ZbTfRT6LYnoItPPKgTr%2BJtMAMoKhrtF4","P1","07-17","193063701501","4.46","","40-60美金","20-40单","中价品"
"2","USB/12V/24V车载风扇,强劲风力,360度旋转,2档风速调节。","12V车载点烟器插座","4.43","https://cf.shopee.co.th/file/sg-11134201-7rd3t-lux5qpr48mdr91","https://TH.xiapibuy.com/product/1118936514/24678546900","汽车内饰配件","其他的","IVCN2026071010428","79769137147","https://detail.1688.com/offer/861405017259.html?kj_agent_plugin=aliprice&fromkv=xytTrace:2166083e17454050906533306e1b5d&token=x2dRNXQyzAQuumsF3HRwgoePA6EMl%2FlQW7vV6hj0TxXkCtViC5WiK%2FmqwaP9PSVW","P1","07-17","79769137147","4.43","","20-40美金","20-40单","中价品"
"1","三菱帕杰罗运动版车门灯罩（2008-2014 年款）/ Triton（2005-2014 年款）（1 件装）","三菱帕杰罗运动版车门灯罩（2008-2014 年款）/ Triton（2005-2014 年款）（1 件装）","4.42","","https://PH.xiapibuy.com/product/750515103/26961266611","汽车零部件","发动机零件","IVCN202508288190","197806063863","相似款：https://detail.1688.com/offer/761686968709.html?fromkv=cbuPcPlugin:imageSearchDrawerCard&spm=a2639h.29135425.offerlist.i1&source=action%23offerItem%3Borigin%23shopee.ph&amug_biz=oneself&amug_fl_src=awakeId_982","P1","07-17","197806063863","4.42","","20-40美金","20-40单","低价品"
"1","用于汽车和摩托车车身的临时性、一次性保护膜。","宽40厘米,长50米。","4.41","https://cf.shopee.co.th/file/th-11134207-7r98u-m02x05icc3i2e2","https://TH.xiapibuy.com/product/97878731/29111051690","汽车外饰配件","贴纸、标志和徽章","IVCN202602113772","118453763864","相似款：https://detail.1688.com/offer/823622056435.html?kj_agent_plugin=aliprice&fromkv=xytTrace:0","P0","07-17","118453763864","4.41","","20-40美金","20-40单","高价品"
"2","1个21 SMD汽车倒车灯泡 1156 Ba15S P21W 7440 T20 T15 3157 闪烁3次/5次 12V汽车LED大灯灯泡","白色 1156 BA15S,Tiffyip 五次","4.4","https://cf.shopee.ph/file/a29e4a323b16ba67606115e6ee385e52","https://PH.xiapibuy.com/product/340998915/4093148567","汽车零部件","电子","IVCN2026071012124","83094838759","","P0","07-17","83094838759","4.4","","20-40美金","20-40单","低价品"
"1","新款汽车LED触摸灯无线内饰灯汽车车顶阅读灯车门脚部后备箱储物箱USB充电","颜色","4.4","","https://PH.xiapibuy.com/product/292112658/16925109210","汽车零部件","电子","IVCN2026051322773","170993572924","https://detail.1688.com/offer/659322958922.html?kj_agent_plugin=aliprice&fromkv=xytTrace:0","P0","07-17","170993572924","4.4","","20-40美金","20-40单","低价品"
"2","USB/12V/24V车载风扇,强劲风力,360度旋转,2档风速调节。","24V 点烟器插座","4.39","https://cf.shopee.co.th/file/sg-11134201-7rd3m-lux5qqjp2snte9","https://TH.xiapibuy.com/product/1118936514/24678546900","汽车内饰配件","其他的","IVCN2026071010428","79769137149","相似款：https://detail.1688.com/offer/861405017259.html?kj_agent_plugin=aliprice&fromkv=xytTrace:2166083e17454050906533306e1b5d&token=x2dRNXQyzAQuumsF3HRwgoePA6EMl%2FlQW7vV6hj0TxXkCtViC5WiK%2FmqwaP9PSVW","P1","07-17","79769137149","4.39","","20-40美金","20-40单","中价品"
"1","1个21 SMD汽车倒车灯泡 1156 Ba15S P21W 7440 T20 T15 3157 闪烁3次/5次 12V汽车LED大灯灯泡","白色 1156 BA15S,普通照明模式","4.37","https://cf.shopee.ph/file/a29e4a323b16ba67606115e6ee385e52","https://PH.xiapibuy.com/product/340998915/4093148567","汽车零部件","电子","IVCN2026051313829","83094838762","https://detail.1688.com/offer/625513831933.html?kj_agent_plugin=aliprice&fromkv=xytTrace:21078f4d17417482148624259e1b90&token=5sUgfeSDHsTXLyus1sfXnwVrnKcGkUhdoYjvq%2FZVOx%2Bq1z8QmadhYd1wJLT8DPDp","P1","07-17","83094838762","4.37","","20-40美金","20-40单","低价品"
"1","（泰国发货）适用于奔驰W202 W203 W204 W211 E350 C250的75mm（2.95英寸）中心轮毂盖,4个装","4块蓝色","4.37","https://cf.shopee.co.th/file/cn-11134207-820l4-mgyw5xsof0gbf9","https://TH.xiapibuy.com/product/1013751763/23850785273","汽车零部件","车轮、轮辋及配件","IVCN202508284524","184538561918","https://detail.1688.com/offer/774806758478.html","P1","07-17","184538561918","4.37","","20-40美金","20-40单","中价品"
"1","𝗠𝗢𝗨𝗡𝗧𝗣𝗥𝗢™ 通用 MagSafe 磁性手机支架 V2","𝗠𝗢𝗨𝗡𝗧𝗣𝗥𝗢™ 通用 MagSafe 磁性手机支架 V2","4.35","","https://MY.xiapibuy.com/product/995060880/24679903352","汽车内饰配件","手机支架","IVCN2026041044907","277426571575","相似款：https://detail.1688.com/offer/1011456627624.html?spm=a26352.b28411319/2508.0.0","P0","07-17","277426571575","4.35","","20-40美金","20-40单","高价品"
"1","2件装汽车安全带套,毛绒汽车衬垫套,汽车内饰肩部安全带套,适用于儿童和女性安全座椅","黑色的","4.35","https://cf.shopee.ph/file/sg-11134201-23010-5ptgd0f6vemvfd","https://PH.xiapibuy.com/product/341953908/11142206800","汽车内饰配件","座椅及座椅套","IVCN202602113358","112084219881","https://detail.1688.com/offer/672373314805.html?kj_agent_plugin=aliprice&fromkv=xytTrace:213d7cd717502133176852921e158e&token=fKEGSOaSmKe32OANIxLqemT%2FAXZuAoaOHwHRS3VKnG4A7nR%2F5eyubdEWfzNPbiqj","P1","07-17","112084219881","4.35","","20-40美金","20-40单","低价品"
"1","1个24LED双色H11汽车LED雾灯H3 LED灯泡H7 H8超亮汽车雾灯9006白黄","白色,H8/H9/H11","4.34","https://cf.shopee.com.my/file/sg-11134201-22110-779vwh8ihckveb","https://MY.xiapibuy.com/product/479827619/20865112890","汽车零部件","电子","IVCN202604230935","156335809199","相似款：https://detail.1688.com/offer/834428538182.html?kj_agent_plugin=aliprice&fromkv=xytTrace:0","P1","07-17","156335809199","4.34","","20-40美金","20-40单","中价品"
"1","音响卡车 CARknalpot SPECIALSRIGALA 适用于 TURBO CANTER HINO DUTRO ELF 125PS DYNA HT 卡车","音响卡车 CARknalpot SPECIALSRIGALA 适用于 TURBO CANTER HINO DUTRO ELF 125PS DYNA HT 卡车","4.34","","https://MY.xiapibuy.com/product/273301932/15340472186","汽车零部件","尾气和排放","IVCN2026051316757","115083506906","无同款","P1","07-17","115083506906","4.34","","20-40美金","20-40单","中价品"
"1","（Delicatesea）汽车车窗双刀双掷开关 12V 20A 5针","5 件,浅蓝色。","4.33","https://cf.shopee.co.th/file/cn-11134207-7ras8-mczuec6eqtxc7c","https://TH.xiapibuy.com/product/169818044/10649682496","汽车内饰配件","USB充电器、FM和蓝牙发射器","IVCN202512224990","280959821050","https://detail.1688.com/offer/976715471432.html?kj_agent_plugin=aliprice&fromkv=xytTrace:0b5681be17660472895407755e0da3&token=4vQ%2BWZfKnx4ouAGPtyXOYzWctpHisnraD%2F%2BzZFcR7CV8Qf3fILSqRJI6ShPoGENg","P1","07-17","280959821050","4.33","","20-40美金","20-40单","低价品"
"1","L300 外轮辋盖","L300 外轮辋盖","4.31","","https://PH.xiapibuy.com/product/1142276430/23562957506","汽车外饰配件","其他的","IVCN202604230977","158467263343","无同款","P1","07-17","158467263343","4.31","","20-40美金","20-40单","中价品"
"1","2711800509 适用于奔驰 M271 EVO（CGI 涡轮增压）W204 C204 双门轿跑车 / W212 / E-Coupe W207 / SLK R172 的机油滤清器","2711800509 适用于奔驰 M271 EVO（CGI 涡轮增压）W204 C204 双门轿跑车 / W212 / E-Coupe W207 / SLK R172 的机油滤清器","4.3","","https://TH.xiapibuy.com/product/1657841277/46951906885","汽车零部件","发动机零件","IVCN2026051318737","375182354608","相似款：https://detail.1688.com/offer/590647276887.html?kj_agent_plugin=aliprice&fromkv=xytTrace%3A0&tracelog=cps&clickid=86f1c1ba9f70139858ec2252c624d52a&targetUrl=https%3A%2F%2Fs.click.1688.com%2Ft%3Fe%3DD2DC7A927D55C03D6511A0CCA913FD65D6FA062685DFF8F7D920A558D1D5758C4B369BE324A83E744B8F19128B0D93E33FB8088B45F57B9E47F28FD2CC0E231B18AD4F779334558760FEF997084D4D5331EB6FC8DBCADED4C6C8CEEEE21320CC4BD39EA2FE12E3B1D4A17A95BCB27E38A1DD58DCDC13907258398D824A27B15C2DE6CC53D0E9BCC7348394BC3CC3C62B9992F8828C4BE8921B1F2E99EEE4FFF4ACB795DAF1DD77BDA841C43FF5220A871A4EE25A84F4FF15E7F6371B0DCFF49ED8525328A95FBEA4F77DC89396499380319DB2CA8FE1607327ED752E21ED20ECB6F6951F71A3D4FE0F6E727C129133F2%26cbu_cps_trace_flag%3Dwrite","P0","07-17","375182354608","4.3","","20-40美金","20-40单","中价品"
"2","便携式汽车应急启动器,汽车电池应急启动器,锂电池应急启动器便携式启动盒,强力汽车启动电池组快速充电 keamy","双USB接口+电池","4.27","https://cf.shopee.com.my/file/cn-11134207-7ras8-m7gfpzo6sov61c","https://MY.xiapibuy.com/product/867709134/29023675071","汽车零部件","电子","IVCN202607108984","237337314094","https://detail.1688.com/offer/859665691498.html?kj_agent_plugin=aliprice&fromkv=xytTrace:0https://detail.1688.com/offer/828697664719.html?kj_agent_plugin=aliprice&fromkv=xytTrace:0","P1","07-17","237337314094","4.27","","20-40美金","20-40单","中价品"
"1","200W 双口迷你 USB 车载充电器 超快充电 点烟器插座 12-24V 铝制手机充电适配器","200W PD QC","4.27","https://cf.shopee.ph/file/cn-11134207-7r98o-lzzwe6krzlpec8","https://PH.xiapibuy.com/product/162358561/29410811913","汽车内饰配件","USB充电器、FM和蓝牙发射器","IVCN202508282012","215380133004","相似款：https://detail.1688.com/offer/844413763948.html?fromkv=cbuPcPlugin:imageSearchDrawerCard&spm=a2639h.29135425.offerlist.i29&source=action%23offerItem%3Borigin%23shopee.ph&amug_biz=oneself&amug_fl_src=awakeId_982","P1","07-17","215380133004","4.27","","20-40美金","20-40单","低价品"
"1","4个/2个车轮灯盖汽车车轮轮胎气门嘴LED灯盖配件,适用于自行车、汽车、摩托车","4个蓝色","4.26","https://cf.shopee.ph/file/sg-11134201-7qvfw-ljzblgrxm2jv3f","https://PH.xiapibuy.com/product/476519279/22175718660","汽车零部件","轮胎及配件","IVCN2026061510805","184479676501","https://detail.1688.com/offer/754059153470.html?kj_agent_plugin=aliprice&fromkv=xytTrace:2166083e17508198331512677e1a55&token=YMydLJiC8aggyZ2rR3pdTsOOqqxkGSbgqvhGn3IL35ZOUsURBlhW%2FqfD8V5gWM8v","P1","07-17","184479676501","4.26","","20-40美金","20-40单","中价品"
"1","无线车载点烟器分线器 - 分出 2 个输出端口：1 个 3.1A 充电端口和 1 个 QC3.0 快速充电端口（版本 2）","无线车载点烟器分线器 - 分出 2 个输出端口：1 个 3.1A 充电端口和 1 个 QC3.0 快速充电端口（版本 2）","4.24","","https://VN.xiapibuy.com/product/169537755/7949866062","汽车内饰配件","USB充电器、FM和蓝牙发射器","IVCN2025122215014","21744151457","相似款：https://detail.1688.com/offer/657274788063.html?kj_agent_plugin=aliprice&fromkv=xytTrace:212b5ecd17545348772064596e117c&token=7n3e47FJqRxuqLSWfUnkBiI5D%2BNxfsORrrBNuqn0lB4t0fM8W3J8GVhqxGiQt7WH","P1","07-17","21744151457","4.24","","20-40美金","20-40单","中价品"
"1","适用于标致108 107 407 206 6325G3 雪铁龙C1 C2 C3毕加索的2个汽车侧转向指示灯","适用于标致108 107 407 206 6325G3 雪铁龙C1 C2 C3毕加索的2个汽车侧转向指示灯","4.24","","https://BR.xiapibuy.com/product/423833774/22091472552","汽车零部件","电子","IVCN202605130953","199141259580","","P1","07-17","199141259580","4.24","","40-60美金","20-40单","中价品"
"1","适用于2005-2019款五十铃D-max的变速杆衬套。黄铜材质。拆下旧的,然后将这个新的安装到原来的位置。","适用于2005-2019款五十铃D-max的变速杆衬套。黄铜材质。拆下旧的,然后将这个新的安装到原来的位置。","4.23","","https://TH.xiapibuy.com/product/292958939/12434742136","汽车零部件","传动系统、变速器和离合器","IVCN2026071010460","27845690609","相似款：https://detail.1688.com/offer/855055500438.html?spm=a26352.b28411319.offerlist.44.59b51e629CaTx7","P1","07-17","27845690609","4.23","","20-40美金","20-40单","高价品"
"1","OneAudio HK 2英寸 4Ω 20W 高音喇叭 2英寸号角高音喇叭 汽车音响高音扬声器","黑色 2 英寸 4Ω 20W","4.22","https://cf.shopee.ph/file/cn-11134207-7r98o-lw8gv4rxs17n83","https://PH.xiapibuy.com/product/1274006410/24981830586","汽车内饰配件","功放、扬声器和低音炮","IVCN202508288482","236417733412","相似款：https://detail.1688.com/offer/757296475504.html?spm=a26352.b28411319.offerlist.6.616d1e62iEN81y","P1","07-17","236417733412","4.22","","20-40美金","20-40单","中价品"
"2","4英寸16颗LED圆形拖车灯,IP67防水刹车转向尾灯,12V-24V通用,适用于卡车、拖车、皮卡、房车","红色的","4.22","https://cf.shopee.ph/file/sg-11134201-8261l-mkdaxkwsu1olbb","https://PH.xiapibuy.com/product/955835210/27469167323","汽车零部件","电子","IVCN2026051324353","188021760986","","P1","07-17","188021760986","4.22","","20-40美金","20-40单","中价品"
"3","【限时特惠】2/4 件装硅胶防撞车门角保护器,适用于所有车型,汽车装饰配件","4 件三菱","4.2","https://cf.shopee.ph/file/sg-11134201-7qvd1-lik26bw5jwmv66","https://PH.xiapibuy.com/product/883043611/22772273265","汽车外饰配件","其他的","IVCN2026061511015","186846954709","https://detail.1688.com/offer/861942662359.html?kj_agent_plugin=aliprice&fromkv=xytTrace%3A210702e017606056995573396e0ee9&token=9w2Sq%2FM1JFAxL0j6evqMNjZIKF5Bww1TzWkiQ7WqZmcCS4Ks1Tdf3o3YSTZhoe%2B%2F&tracelog=cps&clickid=a0bfc95b681153a395683d9bf56e26dc&targetUrl=https%3A%2F%2Fs.click.1688.com%2Ft%3Fe%3DA6FEAF87A2FCFBDD05C1BD6ABB449CE46147FC88EA630CBAC31FEFBD3966EDE4DF88C915D5486E33D1003E749B3EAAA5861098A75E16F4D226600F2847DABD1A5F0FFA4FF39BCCC320D4625E68D0D47AF6FEC9241CC79F982F2298161E9E1CDCDB60AFF2AC9E0259329AEACFFFDB7DB0751C655CEB7014B10B84164633612A627EEF6D6099BA67CE089F770C23C101B7550178F16577C86F82ACB57F89C822624F42A105716B24B970F908A69752D00C067100B278D2D9FD3BE854B27F84BC3C817EA04D51C50AF8666170A8F48EFCAABB1DC8A9EC74CC4AD2E9F4C35C2762623526E293C1EC700B%26cbu_cps_trace_flag%3Dwrite","P0","07-17","186846954709","4.2","","20-40美金","20-40单","中价品"
"1","4个/2个车轮灯盖汽车车轮轮胎气门嘴LED灯盖配件,适用于自行车、汽车、摩托车","4个红色","4.18","https://cf.shopee.ph/file/sg-11134201-7qve2-ljzblhps8ikqab","https://PH.xiapibuy.com/product/476519279/22175718660","汽车零部件","轮胎及配件","IVCN202508284098","184479676503","https://detail.1688.com/offer/754059153470.html?kj_agent_plugin=aliprice&fromkv=xytTrace:2166083e17508198331512677e1a55&token=YMydLJiC8aggyZ2rR3pdTsOOqqxkGSbgqvhGn3IL35ZOUsURBlhW%2FqfD8V5gWM8v","P1","07-17","184479676503","4.18","","20-40美金","20-40单","中价品"
"1","适用于汽车的蓝牙5.0 MP3 WMA 12V V20C音频解码板","适用于汽车的蓝牙5.0 MP3 WMA 12V V20C音频解码板","4.13","","https://VN.xiapibuy.com/product/144664840/6021689721","汽车内饰配件","导航和AV接收器","IVCN202607108580","22897769490","相似款：https://detail.1688.com/offer/675090936180.html?kj_agent_plugin=aliprice&fromkv=xytTrace:0","P1","07-17","22897769490","4.13","","20-40美金","20-40单","中价品"
"1","HKS空气滤清器,开放式滤清器,替换滤芯,蘑菇形滤清器,蘑菇形滤布,HKS滤布。","绿色的","4.1","https://cf.shopee.co.th/file/b23fe574f55302a9acd7ad746811d617","https://TH.xiapibuy.com/product/33441/5144474647","汽车零部件","发动机零件","IVCN2026051312373","70462775189","无同款","P1","07-17","70462775189","4.1","","20-40美金","20-40单","低价品"
"1","【现货】2升洗车泡沫喷雾器,强力喷雾,家用泡沫机,洗车泡沫喷雾器,泡沫喷雾器,2升洗车泡沫喷雾器","水喷雾瓶","4.1","https://cf.shopee.co.th/file/sg-11134201-7rdve-m0vfql4qo9k5f4","https://TH.xiapibuy.com/product/1340628723/26262921605","汽车保养","抛光剂、涂层和密封剂","IVCN2025122216464","148815616846","https://detail.1688.com/offer/670295717167.html?kj_agent_plugin=aliprice&fromkv=xytTrace:0","P1","07-17","148815616846","4.1","","20-40美金","20-40单","中价品"
"1","雅马哈通用曲轴喷油嘴拆卸器安装工具套装,适用于 Y125Z、WAVE125、RXZ、SRL、SRL110、125ZR、LC135、Y15、Y100、Y110 等车型","完整套装（组合装）","4.01","https://cf.shopee.com.my/file/sg-11134202-7qvd1-lin0kcau9tgz00","https://MY.xiapibuy.com/product/970632305/22571496342","汽车工具","测试、诊断和维修工具","IVCN2026041037725","206848445248","无同款","P1","07-17","206848445248","4.01","","80-100美金","20-40单","高价品"
"1","三菱3D侧翼子板后备箱标志贴纸,适用于三菱","三菱3D侧翼子板后备箱标志贴纸,适用于三菱","4","","https://PH.xiapibuy.com/product/90381740/1510974687","汽车外饰配件","贴纸、标志和徽章","IVCN2026051311503","62042020258","https://detail.1688.com/offer/776864889620.html?kj_agent_plugin=aliprice&fromkv=xytTrace:2127a84b17689871815386348e1038&token=fypAtgM4Wbb03xtXb2Vuy9XD0S0Cc8QdThBRc75khnZtPolCuJk5O%2FVLm4W0BL2n","P0","07-17","62042020258","4","","20-40美金","20-40单","中价品"
"1","点火线圈 - 适用于丰田威驰（2003-2013）、Echo、Scion、普锐斯、雅力士。零件编号：90919-02240","Vios Yaris-4PCS","4","https://cf.shopee.co.th/file/sg-11134201-7req5-m2t0z8i0o73te0","https://TH.xiapibuy.com/product/593690013/27568135648","汽车零部件","电子","IVCN202607107514","257065782730","https://detail.1688.com/offer/615956885490.html?kj_agent_plugin=aliprice&fromkv=xytTrace:0bf89a7417840213706923070e0d1b&token=BAAeGQhttc4GLf0J5BLpHtw8uervNQSJTgLdm860s%2BZHnTdE0p%2BHGDCwx%2FdNXIil","P0","07-17","257065782730","4","","20-40美金","20-40单","高价品"
"1","70Mai 适用于车载行车记录仪 4K A800S/A500S/1S/D06/D07/D10/M300 的 Micro USB 数据线","电源线 3.5","4","https://cf.shopee.com.my/file/sg-11134201-22120-a231of6mxxkvca","https://MY.xiapibuy.com/product/897845051/20068115465","汽车内饰配件","USB充电器、FM和蓝牙发射器","IVCN202602275647","203512570898","相似款：https://detail.1688.com/offer/676522184264.html?fromkv=cbuPcPlugin:imageSearchDrawerCard&spm=a2639h.29135425.offerlist.i1&source=action%23offerItem%3Borigin%23down-th.img.susercontent.com&amug_biz=oneself&amug_fl_src=awakeId_982","P0","07-17","203512570898","4","","20-40美金","20-40单","中价品"
"1","1/4 件装菲亚特减震器门锁橡胶保护套,适用于菲亚特 Argo 500 Strada Mobi Bravo Toro Punto","菲亚特 - Preto,4 件装","4","https://cf.shopee.com.br/file/sg-11134201-7rdvk-mcub8s26v6tca4","https://BR.xiapibuy.com/product/533412247/25846215479","汽车外饰配件","贴纸、标志和徽章","IVCN2026041037223","196187043994","https://detail.1688.com/offer/912294922081.html?kj_agent_plugin=aliprice&fromkv=xytTrace:0","P0","07-17","196187043994","4","","20-40美金","20-40单","高价品"
"1","汽车方向盘标志贴纸徽章样式","现代","4","https://cf.shopee.com.br/file/cac83700e3ce2b17b8dadbcedd0d5387","https://BR.xiapibuy.com/product/537886921/19752256913","汽车内饰配件","方向盘及方向盘套","IVCN2025111463723","174687646248","https://detail.1688.com/offer/819743401532.html?kj_agent_plugin=aliprice&fromkv=xytTrace:2108837b17633722054652081e0fe6&token=fh0pcOVH99ZNVZZqA%2FqAe9oQYz5vV7Sb87g7UgosZIEnB%2B6%2BzDaa0xp5AAyJoaH1","P0","07-17","174687646248","4","","20-40美金","20-40单","中价品"
"1","Swift 1.2 手套箱把手、手套箱锁、手套箱闩锁、Swift 手套箱开启器。","Swift 1.2 手套箱把手、手套箱锁、手套箱闩锁、Swift 手套箱开启器。","4","","https://TH.xiapibuy.com/product/283721754/18537237172","汽车内饰配件","锁具与安防","IVCN202604231067","174164290895","https://detail.1688.com/offer/627236909866.html?spm=a26352.b28411319.offerlist.5.93071e62EDgj5o","P0","07-17","174164290895","4","","20-40美金","20-40单","中价品"
"1","1米 AN4/AN6/AN8/AN10/AN12 通用汽车燃油软管油气管尼龙钢丝编织管路气体散热器刹车软管燃油管","AN6","3.98","","https://PH.xiapibuy.com/product/539391943/12113572280","汽车零部件","燃油系统","IVCN202606158267","120608489579","https://detail.1688.com/offer/524488324065.html?","P1","07-17","120608489579","3.98","","20-40美金","20-40单","中价品"
"1","1 条三角带 3L220/M22 3L230/M23 3L240/M24","3L240/M24","3.97","","https://PH.xiapibuy.com/product/405768171/29053247131","汽车零部件","皮带、软管和滑轮","IVCN2026061515749","256049519604","https://detail.1688.com/offer/735639790727.html?fromkv=cbuPcPlugin:imageSearchDrawerCard&spm=a2639h.29135425.offerlist.i0&source=action%23offerItem%3Borigin%23shopee.ph&amug_biz=oneself&amug_fl_src=awakeId_982","P1","07-17","256049519604","3.97","","20-40美金","20-40单","低价品"
"1","PET碳纤维乙烯基贴膜,亮黑/哑光黑可选,3D锻造方格纹,自粘膜,适用于汽车内饰仪表盘侧后视镜。","亮黑色,30厘米x50厘米","3.96","https://cf.shopee.ph/file/sg-11134201-7rata-may2f9c60bu1e9","https://PH.xiapibuy.com/product/955835210/42554394883","汽车外饰配件","贴纸、标志和徽章","IVCN2026021116019","300373428582","https://detail.1688.com/offer/933670113339.html?spm=a26352.b28411319/2508.0.0","P1","07-17","300373428582","3.96","","20-40美金","20-40单","低价品"
"1","（本地卖家）PD QC3.0 摩托车 USB 快速手机充电器 防水 Type-C 接口插座连接器 带手机电压表 数字充电","单USB接口","3.94","https://cf.shopee.ph/file/cn-11134207-7r98o-lxmc1v734uo5d2","https://PH.xiapibuy.com/product/93307231/25183411759","汽车内饰配件","USB充电器、FM和蓝牙发射器","IVCN2026071012054","236538524690","https://detail.1688.com/offer/775673369998.html?kj_agent_plugin=aliprice&fromkv=xytTrace:21080f7717603220095705128e0f60&token=Y61nyqAdRnX1vi%2BgT6ghLueOPsEbLL4uEy9eL2XkkmKDVw2m18MnyVKw1veGFzg7","P1","07-17","236538524690","3.94","","20-40美金","20-40单","低价品"
"1","车载手机支架吸盘式可调节360°旋转仪表盘防震固定支架","升级版黑色","3.94","https://cf.shopee.ph/file/cn-11134207-7r98o-lmnfbkonjwo2ae","https://PH.xiapibuy.com/product/946590885/17492466843","汽车内饰配件","手机支架","IVCN2026071010310","193791302729","https://detail.1688.com/offer/665039556409.html?fromkv=cbuPcPlugin:imageSearchDrawerCard&spm=a2639h.29135425.offerlist.i1&source=action%23offerItem%3Borigin%23shopee.ph&amug_biz=oneself&amug_fl_src=awakeId_982","P1","07-17","193791302729","3.94","","300-500美金","100-200单","低价品"
"2","高品质汽车头枕颈枕和靠背枕套装,有效缓解疼痛和疲劳","蓝色颈枕+腰枕","3.93","https://cf.shopee.ph/file/cn-11134207-7ras8-m5zizuwzuppyc6","https://PH.xiapibuy.com/product/946590073/24041183795","汽车内饰配件","座椅头枕和靠背","IVCN2026061513577","227349517182","https://detail.1688.com/offer/894031548846.html?spm=a26352.b28411319/2508.0.0.3dbb1e62HmuL9x&cosite=-&tracelog=p4p&_p_isad=1&clickid=428376b4eb8c460eb12767ed1946e944&sessionid=2f115ec6453e3191368af4614b1c8ff2","P1","07-17","227349517182","3.93","","20-40美金","20-40单","中价品"
"1","RCB 指尖陀螺钥匙扣 360°旋转汽车钥匙扣 汽车钥匙链 钥匙圈 汽车钥匙配件","1件","3.9","https://cf.shopee.ph/file/cn-11134207-7ras8-m9g78wi236425e","https://PH.xiapibuy.com/product/1499571633/24895044426","汽车钥匙扣和钥匙套","","IVCN202508281760","243393419211","相似款：https://detail.1688.com/offer/851161925439.html?spm=a26352.b28411319/2508.0.0.68a41e62Y2nr37","P0","07-17","243393419211","3.9","","20-40美金","20-40单","低价品"
"2","高品质汽车头枕颈枕和靠背枕套装,有效缓解疼痛和疲劳","咖啡色颈枕+腰枕","3.9","https://cf.shopee.ph/file/cn-11134207-7ras8-mc1x9qkjacln5f","https://PH.xiapibuy.com/product/946590073/24041183795","汽车内饰配件","座椅头枕和靠背","IVCN2026061513577","227349517184","相似款：https://detail.1688.com/offer/693494896912.html?kj_agent_plugin=aliprice&fromkv=xytTrace:0","P1","07-17","227349517184","3.9","","20-40美金","20-40单","中价品"
"1","新款迷你车载充电器,小巧不显眼,100W 超级闪充 QC3.0,小巧优雅的金属车载充电器。","充电和数据线","3.89","https://cf.shopee.co.th/file/th-11134207-7rasi-m41iwu6regzu80","https://TH.xiapibuy.com/product/279564487/29713585244","汽车内饰配件","USB充电器、FM和蓝牙发射器","IVCN2026071011284","218083074590","https://detail.1688.com/offer/933522548058.html?kj_agent_plugin=aliprice&fromkv=xytTrace:21365bc417544680030422299e115d&token=C0Rk3kSTqqoF1LbjUfwpiST66T3TB%2Bhr7FDmtFdIDZglS044HlNmDSuEzLLuDKO%2Bhttps://detail.1688.com/offer/785769114354.html?fromkv=cbuPcPlugin:imageSearchDrawerCard&spm=a2639h.29135425.offerlist.i2&source=action%23offerItem%3Borigin%23shopee.co.th&amug_biz=oneself&amug_fl_src=awakeId_982","P1","07-17","218083074590","3.89","","20-40美金","20-40单","低价品"
"1","MOTUS 汽车用颈枕、肩枕、背枕、头枕,采用记忆海绵和柔软皮革设计。","灰色 --- 设置","3.88","https://cf.shopee.co.th/file/sg-11134201-7rd4o-lx6kl8kesztsfc","https://TH.xiapibuy.com/product/1269084543/27454221539","汽车内饰配件","座椅头枕和靠背","IVCN2026071013210","222955301298","https://detail.1688.com/offer/693494896912.html","P1","07-17","222955301298","3.88","","20-40美金","20-40单","中价品"
"1","27LED频闪3次倒车灯T20 7440 W21W/7443/1157 BAY15D/1156 BA15S P21W LED汽车摩托车刹车灯泡汽车摩托车尾灯","1157 BAY15D——红色,闪光三次","3.88","https://cf.shopee.ph/file/8828c7288d736a06a025f01d08c14fe6","https://PH.xiapibuy.com/product/537875037/8394322188","汽车零部件","电子","IVCN2026051316639","112652462084","https://detail.1688.com/offer/774178322020.html?kj_agent_plugin=aliprice&fromkv=xytTrace:0","P1","07-17","112652462084","3.88","","20-40美金","20-40单","低价品"
"1","一瓶快速修复玻璃裂纹挡风玻璃修复套装,玻璃裂纹修复汽车后视镜胶水,玻璃修复套装,挡风玻璃修复套装,挡风玻璃后视镜修复套装","2套","3.84","https://cf.shopee.com.my/file/sg-11134201-7ra3k-m53rr1bur2ww0e","https://MY.xiapibuy.com/product/867709134/29700521366","汽车保养","玻璃护理和防水剂","IVCN202607108166","197522889981","https://detail.1688.com/offer/746231808618.html?kj_agent_plugin=aliprice&fromkv=xytTrace:0","P1","07-17","197522889981","3.84","","20-40美金","20-40单","低价品"
"1","儿童汽车座椅靠背枕 - 长排座椅安全舒适,可爱颈部支撑枕","哈士奇主题儿童枕头 * 1","3.84","https://cf.shopee.vn/file/sg-11134201-7rfi2-m4384ro6qx4zcc","https://VN.xiapibuy.com/product/1067078730/27571430243","汽车内饰配件","座椅头枕和靠背","IVCN202606159227","147613375565","https://detail.1688.com/offer/899797021439.html?kj_agent_plugin=aliprice&fromkv=xytTrace:0","P1","07-17","147613375565","3.84","","20-40美金","20-40单","高价品"
"1","OM 12V/24V LED 24LED 36LED 汽车内饰灯条,带开关,适用于厢式货车、卡车、露营车、房车、露营车等。","24V & 24LED","3.83","https://cf.shopee.ph/file/2d1edfd985f17dda686e5c251ac31688","https://PH.xiapibuy.com/product/49969001/17432728322","汽车零部件","电子","IVCN2026071010280","78546073601","相似款：https://detail.1688.com/offer/546001491194.html?kj_agent_plugin=aliprice&fromkv=xytTrace%3A0&tracelog=cps&clickid=e0025b1416636d9b07d1049a66787879&targetUrl=https%3A%2F%2Fs.click.1688.com%2Ft%3Fe%3DA6FEAF87A2FCFBDD05C1BD6ABB449CE46147FC88EA630CBAC31FEFBD3966EDE4DF88C915D5486E33D1003E749B3EAAA5861098A75E16F4D226600F2847DABD1A5F0FFA4FF39BCCC35D4A0294209373FA2CFF9D55E8CA7ECE822085797F22497C11AFC4E72AD5DEAC90C3C2AE4A47823CCE76E09E9764D16F8FEDB54E28BB16514C91761A381F62ED929D04AFE7C43261C670F1D7AE0CE9DC15AE6EE177123D166DC8B8ED363B02A8B31858DF4A1710FD7E9441767AD1CE6C5DF2CC81ED0C4818C8AB8D102EEEAFDC5966CAF22EA7AC99B3F8DB64AF6C501177C328963663EFF9E7671DDFE4999C49A882C8385F6702969DE40E91858B175C7A0137A7AA70BC43%26cbu_cps_trace_flag%3Dwrite","P1","07-17","78546073601","3.83","","20-40美金","20-40单","低价品"
"1","DEMA卡通图案防紫外线汽车遮阳帘、汽车窗帘、汽车遮阳板。","游乐园,后面有两块。","3.82","https://cf.shopee.co.th/file/th-11134207-7qul3-lk6j2bn01iyx5f","https://TH.xiapibuy.com/product/824559757/23376166168","汽车内饰配件","遮阳罩和仪表盘罩","IVCN202607107924","177796258974","https://detail.1688.com/offer/719384269159.html?kj_agent_plugin=aliprice&fromkv=xytTrace:2133d7d417725935028286145e1054&token=FX3ZJWPyHcUbmvgezgaPQ6uq%2BgZIQJrFixMLYoRO5S5DH54AIibvIPESFi3%2Frfcx","P1","07-17","177796258974","3.82","","20-40美金","20-40单","中价品"
"1","汽车安全带扣、汽车安全带延长件、安全带报警器拆除、多种汽车标志选择。","丰田","3.81","https://cf.shopee.co.th/file/th-11134207-7r990-lzpw9r4fe5d562","https://TH.xiapibuy.com/product/1240863652/26960042874","汽车内饰配件","座椅及座椅套","IVCN2026021111579","223178632223","https://detail.1688.com/offer/757627520363.html?fromkv=cbuPcPlugin:imageSearchDrawerCard&spm=a2639h.29135425.offerlist.i1&source=action%23offerItem%3Borigin%23cf.shopee.co.th&amug_biz=oneself&amug_fl_src=awakeId_982","P1","07-17","223178632223","3.81","","20-40美金","20-40单","低价品"
"1","2 件/套 三菱汽车后视镜雨眉遮光罩盲点后视镜雨罩,适用于 Xpander Cross Mirage G4 Lancer Outlander Pajero Montero Sport Strada 等车型配件","三菱","3.77","https://cf.shopee.ph/file/sg-11134201-7rd68-lug44lnfomeadf","https://PH.xiapibuy.com/product/337756501/29814239835","汽车外饰配件","镜子及配件","IVCN202508286418","176734958415","相似款：https://detail.1688.com/offer/738307460868.html?","P1","07-17","176734958415","3.77","","20-40美金","20-40单","中价品"
"1","MOTUS 四合一汽车扶手箱中央控制台储物盒收纳盒,带杯架和纸巾盒,通用 PU 皮革扶手垫","四合一黑色","3.76","https://cf.shopee.co.th/file/th-11134207-7rasi-ma12odx7j7tsed","https://TH.xiapibuy.com/product/1269084543/41501658671","汽车内饰配件","收纳盒和隔层","IVCN202604232309","300135780993","https://detail.1688.com/offer/893231170549.html?spm=a26352.b28411319.offerlist.6.3bab1e62n5gnGN","P1","07-17","300135780993","3.76","","40-60美金","20-40单","中价品"
"1","2024新款车载手机支架,兼容所有平板电脑和手机。专为汽车座椅背面设计。","黑色的","3.76","https://cf.shopee.co.th/file/sg-11134201-7rd58-lv5poa909amo28","https://TH.xiapibuy.com/product/1118936514/25779897164","汽车内饰配件","手机支架","IVCN202604230875","147298453271","https://detail.1688.com/offer/848853468633.html?spm=a26352.b28411319.offerlist.6.39741e62nCzP7I&cosite=-&tracelog=p4p&_p_isad=1&clickid=9a7d2d8ab42a4b41b2d2b06681592d6d&sessionid=accfe79d6609082266ec63d169385208","P1","07-17","147298453271","3.76","","20-40美金","20-40单","低价品"
"1","适用于 Aion UT 汽车门把手的保护膜,2025 年至今 [Aion UT] RACE GUARD","超值装","3.75","https://cf.shopee.co.th/file/th-11134207-7ra0t-mdpyvq4s0p2me5","https://TH.xiapibuy.com/product/239204794/44064520495","汽车外饰配件","贴纸、标志和徽章","IVCN2026051315271","99221716967","https://detail.1688.com/offer/805892442614.html?kj_agent_plugin=aliprice&fromkv=xytTrace:212b9de517660541763384419e0dd6&token=0%2FVAifawmwHmL5MwaU15FiYS2yE8zcTtX5RPAxMolJmlJSYSEDVtC4J%2BiRMenz3u","P0","07-17","99221716967","3.75","","20-40美金","20-40单","高价品"
"1","适用于铃木汽车的镀铬S字母标志前后徽标贴纸替换件","10厘米","3.75","https://cf.shopee.ph/file/sg-11134201-7qvfr-lf19br1uuzjq23","https://PH.xiapibuy.com/product/215583284/22136166692","汽车外饰配件","贴纸、标志和徽章","IVCN2026031327964","221381677582","https://detail.1688.com/offer/828804631310.html?fromkv=cbuPcPlugin:imageSearchDrawerCard&spm=a2639h.29135425.offerlist.i10&source=action%23offerItem%3Borigin%23cf.shopee.ph&amug_biz=oneself&amug_fl_src=awakeId_982","P1","07-17","221381677582","3.75","","20-40美金","20-40单","低价品"
"1","11428507683 适用于宝马 N47 B47 N57 F30 F10 / X1 E84 F48 / E90 LCI / G20 G30 X3 F25 的机油滤清器","11428507683 适用于宝马 N47 B47 N57 F30 F10 / X1 E84 F48 / E90 LCI / G20 G30 X3 F25 的机油滤清器","3.74","","https://TH.xiapibuy.com/product/1657841277/41476607627","汽车零部件","发动机零件","IVCN2026031333004","385164717813","https://detail.1688.com/offer/939243685821.html?fromkv=cbuPcPlugin:imageSearchDrawerCard&spm=a2639h.29135425.offerlist.i0&source=action%23offerItem%3Borigin%23shopee.co.th&amug_biz=oneself&amug_fl_src=awakeId_982","P1","07-17","385164717813","3.74","","20-40美金","20-40单","中价品"
"1","24V/12V 42W LED大灯,铝合金材质,专为汽车设计","圆形白光灯,铝合金外壳","3.73","https://cf.shopee.vn/file/sg-11134201-7qve6-limonp57xu24c9","https://VN.xiapibuy.com/product/827129583/22072329515","汽车零部件","电子","IVCN202605134121","231755366353","相似款：https://detail.1688.com/offer/909225900724.html?kj_agent_plugin=aliprice&fromkv=xytTrace:0","P1","07-17","231755366353","3.73","","20-40美金","20-40单","中价品"
"1","通用型真皮汽车座椅套座垫保护套PU材质,适用于Vios G4 City Jazz Corolla等车型。","红色全套-B","3.72","https://cf.shopee.ph/file/cn-11134207-7ras8-mc5u8niygdaj34","https://PH.xiapibuy.com/product/946590073/19476102967","汽车内饰配件","座椅及座椅套","IVCN202607107756","270709006065","https://detail.1688.com/offer/949266304463.html?spm=a26352.b28411319/2508.0.0","P1","07-17","270709006065","3.72","","20-40美金","20-40单","高价品"
"1","德国品牌AUTOSOL金属抛光膏,适用于金属、铬、黄铜、镍、铜和不锈钢。可从泰国卖家处购买,发货迅速。","AUTOSOL_75毫升","3.71","https://cf.shopee.co.th/file/th-11134207-81ztl-mhye03qq5ceaf8","https://TH.xiapibuy.com/product/276275168/25225901360","汽车保养","抛光剂、涂层和密封剂","IVCN202508281776","129130150195","https://detail.1688.com/offer/565213266744.html?kj_agent_plugin=aliprice&fromkv=xytTrace:0","P1","07-17","129130150195","3.71","","20-40美金","20-40单","中价品"
"1","三菱汽车换挡杆套真皮换挡旋钮套汽车变速杆套换挡杆装饰保护套适用于三菱Mirage G4 Xpander Cross Strada Lancer Xforce Triton Outlander Montero Sport","三菱（A）- 黑色","3.7","https://cf.shopee.ph/file/sg-11134201-7rdxq-mbt1vizjvynt0d","https://PH.xiapibuy.com/product/427611263/26088417478","汽车内饰配件","踏板和变速杆","IVCN2026031331816","300630235448","相似款：https://detail.1688.com/offer/809789320410.html?fromkv=cbuPcPlugin:imageSearchDrawerCard&spm=a2639h.29135425.offerlist.i3&source=action%23offerItem%3Borigin%23cf.shopee.ph&amug_biz=oneself&amug_fl_src=awakeId_982","P0","07-17","300630235448","3.7","","20-40美金","20-40单","中价品"
"1","12颗LED高清车载后视摄像头,170°广角倒车摄像头,自动夜视摄像头","12个LED灯","3.7","https://cf.shopee.co.th/file/th-11134207-7r98u-lykgtctazb8pf4","https://TH.xiapibuy.com/product/1299250591/27857051992","汽车内饰配件","摄像机和停车摄像头","IVCN202505261772","197700460349","https://detail.1688.com/offer/894442842409.html?spm=a26352.b28411319.offerlist.17.40ea1e62UDlVbp","P1","07-17","197700460349","3.7","","20-40美金","20-40单","中价品"
"1","买一送一 植物萃取香膏 车载固体香氛空气清新剂 车载香膏 除臭 持久留香 无酒精 赠送小礼品","🍓买一送一【230克*2】F","3.69","https://cf.shopee.ph/file/cn-11134207-7r98o-lz7h4yyiqdtfd6","https://PH.xiapibuy.com/product/1212649602/29658624522","汽车内饰配件","香水、空气清新剂和净化器","IVCN202607107472","88983862706","https://detail.1688.com/offer/798843497882.html?kj_agent_plugin=aliprice&fromkv=xytTrace:0","P1","07-17","88983862706","3.69","","20-40美金","20-40单","低价品"
"2","可调节气门嘴,1 对,8 种颜色,90 度,适用于所有车型,螺纹式,铝制气门嘴,设计精美。","钛灰色 - 1 双","3.68","https://cf.shopee.co.th/file/th-11134207-7rasb-m188gpug319w68","https://TH.xiapibuy.com/product/966023962/27913758654","汽车零部件","轮胎及配件","IVCN2026071010846","256757699170","https://detail.1688.com/offer/592749669324.html?kj_agent_plugin=aliprice&fromkv=xytTrace:212b5ecd17568660401678417e0edd&token=BmOkREHHo2yiBZ5glEwhgBzeO2bl4ic7CMNqkxUMtRUF0ZuZ52XKA2kIt3l0D7tl","P1","07-17","256757699170","3.68","","20-40美金","20-40单","低价品"
"2","1个21 SMD汽车倒车灯泡 1156 Ba15S P21W 7440 T20 T15 3157 闪烁3次/5次 12V汽车LED大灯灯泡","白色 7440 T20,普通照明模式","3.66","https://cf.shopee.ph/file/f5904e31e725ecc797029e02e5cbfcff","https://PH.xiapibuy.com/product/340998915/4093148567","汽车零部件","电子","IVCN2026071012124","83094838767","https://detail.1688.com/offer/625513831933.html?kj_agent_plugin=aliprice&fromkv=xytTrace:21078f4d17417482148624259e1b90&token=5sUgfeSDHsTXLyus1sfXnwVrnKcGkUhdoYjvq%2FZVOx%2Bq1z8QmadhYd1wJLT8DPDp","P1","07-17","83094838767","3.66","","20-40美金","20-40单","低价品"
"1","🚀泰国发货🚀 QC3.0车载点烟器插座适配器 12-24V 双USB QC3.0 4.8A车载充电器 快速充电 支持蓝牙通话/U盘音乐 4.8A/90W","双USB 3.1A接口,无蓝牙功能。","3.63","https://cf.shopee.co.th/file/cn-11134207-820l4-mmfqyn1z3fgk52","https://TH.xiapibuy.com/product/120936268/25459169488","汽车内饰配件","USB充电器、FM和蓝牙发射器","IVCN2025101413345","137828614086","https://detail.1688.com/offer/763465948882.html?kj_agent_plugin=aliprice&fromkv=xytTrace:0","P1","07-17","137828614086","3.63","","20-40美金","20-40单","中价品"
"1","多用途PVC防滑汽车脚垫,防滑垫,150*50厘米和150*30厘米。","黑色（150*50厘米）","3.62","https://cf.shopee.co.th/file/cn-11134207-7r98o-lzsubdk6qi021e","https://TH.xiapibuy.com/product/696789077/20506728238","汽车内饰配件","地毯和垫子","IVCN202502270997","241533959465","https://detail.1688.com/offer/661154460059.html","P1","07-17","241533959465","3.62","","20-40美金","20-40单","中价品"
"1","高品质充气泵,带压力表。适用于汽车和摩托车轮胎。","高品质充气泵,带压力表。适用于汽车和摩托车轮胎。","3.6","","https://TH.xiapibuy.com/product/146649917/11903791298","汽车工具","轮胎压力检测器","IVCN2026041034151","92003896537","","P1","07-17","92003896537","3.6","","20-40美金","20-40单","中价品"
"1","卡通汽车肩垫套 背部肩部保护套,车载纸巾盒 餐巾纸收纳盒","肩部护具 B","3.57","https://cf.shopee.co.th/file/cn-11134207-7r98o-lyrff970ik4z54","https://TH.xiapibuy.com/product/161291588/28757531689","汽车内饰配件","收纳盒和隔层","IVCN202604230881","147412920636","https://detail.1688.com/offer/836014248516.html?kj_agent_plugin=aliprice&fromkv=xytTrace%3A0","P1","07-17","147412920636","3.57","","20-40美金","20-40单","中价品"
"1","适用于1系、3系、5系、7系、X5、X6的前后车标。74毫米/82毫米。白色和蓝色车标,可用于腰带和引擎盖。","前标记 82 毫米","3.55","https://cf.shopee.co.th/file/sg-11134201-7rep9-m20the9xoe8y00","https://TH.xiapibuy.com/product/869013843/28066155202","汽车外饰配件","贴纸、标志和徽章","IVCN2026021110584","207934079846","https://detail.1688.com/offer/737185685068.html?kj_agent_plugin=aliprice&fromkv=xytTrace:0","P1","07-17","207934079846","3.55","","20-40美金","20-40单","低价品"
"2","新品！！OUKU Q19/C80-C143T Type-c 转 Type-c/iOS 充电器套装,PD30W 快充套装,现货发售。","C143T 仅主机头,白色。","3.55","https://cf.shopee.co.th/file/th-11134207-81ztn-mhd551z1ue4p0d","https://TH.xiapibuy.com/product/374944741/24130968893","汽车内饰配件","手机支架","IVCN2026061510579","178211724341","https://detail.1688.com/offer/900132029350.html?kj_agent_plugin=aliprice&fromkv=xytTrace%3A0&tracelog=cps&clickid=325e2e2257aefc30bcfdccf109fa2779&targetUrl=https%3A%2F%2Fs.click.1688.com%2Ft%3Fe%3DA6FEAF87A2FCFBDD05C1BD6ABB449CE46147FC88EA630CBAC31FEFBD3966EDE4DF88C915D5486E33D1003E749B3EAAA5861098A75E16F4D226600F2847DABD1A5F0FFA4FF39BCCC320D4625E68D0D47AF6FEC9241CC79F982F2298161E9E1CDCF113C2736CE8F7E9A7B320E516260ECF2A979F95040DBFCC0C0C400DF91AD8257EEF6D6099BA67CE2BA95CC4F9A8AC07F5F471FADE5245847BD45461B1BD0FD6C62E41EF92E26C79201959AC756EE56E37D182614E81CE8AC17257021AE7B2B602FC13646126465486CE9E31A18F9DFA7CE8CCAD5DADB322","P1","07-17","178211724341","3.55","","20-40美金","20-40单","低价品"
"1","（仅限汽车）无需外接电源的汽车风能日间行车灯/DRL日间行车灯/前大灯/雾灯,带8颗LED灯芯","2# 蓝色（仅限汽车）","3.54","https://cf.shopee.com.my/file/0e60b071ce674f7efc950de0d43bacbb","https://MY.xiapibuy.com/product/76226168/16097462799","汽车零部件","电子","IVCN2026071011212","165893215019","https://detail.1688.com/offer/644058906347.html?kj_agent_plugin=aliprice&fromkv=xytTrace:2166083e17421932760702531e1b7e&token=SCd1X2UXwGEGvevRGiiT8djzr7rR8TmAPgacUuYfjU%2BkH2GV8JEjxC%2FOLdqtzPNj","P1","07-17","165893215019","3.54","","20-40美金","20-40单","低价品"
"1","Nmax Turbo Neo S Techmax 2024 遥控器保护套和 Nmax 钥匙扣 Nmax 钥匙套","黑色包裹","3.53","https://cf.shopee.ph/file/id-11134207-822wu-mnk750jc5pfn30","https://PH.xiapibuy.com/product/568473943/29463001302","汽车钥匙扣和钥匙套","","IVCN2026051318436","129086813941","相似款：https://detail.1688.com/offer/728249276213.html?fromkv=cbuPcPlugin:imageSearchDrawerCard&spm=a2639h.29135425.offerlist.i0&source=action%23offerItem%3Borigin%23shopee.ph&amug_biz=oneself&amug_fl_src=awakeId_982 https://detail.1688.com/offer/734106692688.html?fromkv=cbuPcPlugin:imageSearchDrawerCard&spm=a2639h.29135425.offerlist.i31&source=action%23offerItem%3Borigin%23shopee.ph&amug_biz=oneself&amug_fl_src=awakeId_982","P0","07-17","129086813941","3.53","","20-40美金","20-40单","中价品"
"1","70Mai D07 RC04/RC05 后置行车记录仪支架 3M 背胶支架,适用于倒车摄像头","70mai D07 RC04 备用支架","3.52","https://cf.shopee.com.my/file/sg-11134201-22110-y56pxutv27jv1d","https://MY.xiapibuy.com/product/897845051/21164103374","汽车内饰配件","摄像机和停车摄像头","IVCN2026051322935","175166372860","https://detail.1688.com/offer/659072221317.html?fromkv=cbuPcPlugin:imageSearchDrawerCard&spm=a2639h.29135425.offerlist.i25&source=action%23offerItem%3Borigin%23shopee.com.my&amug_biz=oneself&amug_fl_src=awakeId_982","P1","07-17","175166372860","3.52","","20-40美金","20-40单","低价品"
"1","SUHU 圆形镜,黑色,可伸缩范围 24-73 厘米,柔性不锈钢 360° 检查镜机械装置","#1","3.52","https://cf.shopee.com.my/file/sg-11134201-7qveh-lj7fp55d4b2l3e","https://MY.xiapibuy.com/product/70512388/22173682093","汽车工具","测试、诊断和维修工具","IVCN2025122216578","158282447028","https://detail.1688.com/offer/662577986451.html?kj_agent_plugin=aliprice&fromkv=xytTrace:0b5681be17606911428247957e19bb&token=g1qojy26hkV7LP6fhRo6SU5N%2BOl7d47iqaax2iWrrNGCyskPxX2y1gBR1hL2%2Fltw","P1","07-17","158282447028","3.52","","20-40美金","20-40单","低价品"
"1","买一送一 植物萃取香膏 车载固体香氛空气清新剂 车载香膏 除臭 持久留香 无酒精 赠送小礼品","💧买一送一【230克*2】C","3.51","https://cf.shopee.ph/file/cn-11134207-7ras8-m2hhbrtogpasad","https://PH.xiapibuy.com/product/1212649602/29658624522","汽车内饰配件","香水、空气清新剂和净化器","IVCN202606157175","89627742978","https://detail.1688.com/offer/798843497882.html?kj_agent_plugin=aliprice&fromkv=xytTrace:0","P1","07-17","89627742978","3.51","","20-40美金","20-40单","低价品"
"1","带盖粉色迷你车载垃圾桶,车载垃圾桶,垃圾整理架,小型悬挂式防漏汽车储物袋容器,适用于汽车、SUV、家庭和办公室","粉色,1件","3.51","https://cf.shopee.ph/file/sg-11134201-7rblg-lmliblkpg0y873","https://PH.xiapibuy.com/product/288207647/22557158685","汽车内饰配件","收纳盒和隔层","IVCN2026061511051","187086227411","https://detail.1688.com/offer/652478985588.html?spm=a26352.b28411319.offerlist.7.30c31e624b1n5G","P0","07-17","187086227411","3.51","","20-40美金","20-40单","中价品"
"1","新款高品质 3 英寸实心 TAU GAMMA PHI 汽车标志旗帜三曲臂章 Fortis Voluntas Fraternitas 汽车 LOGO 防水不褪色金属标签","Tau Gold,3X3","3.5","https://cf.shopee.ph/file/cn-11134207-7r98o-llhkosm9u71029","https://PH.xiapibuy.com/product/832255651/22879837859","汽车外饰配件","贴纸、标志和徽章","IVCN2025122215578","69697257177","相似款：https://detail.1688.com/offer/691894629561.html?kj_agent_plugin=aliprice&fromkv=xytTrace:0","P0","07-17","69697257177","3.5","","20-40美金","20-40单","中价品"
"1","适用于奔驰 W117/W176/W156/W246/A200/A250/GLA/CLA 的空气滤清器 A2468300018/2468300018。","适用于奔驰 W117/W176/W156/W246/A200/A250/GLA/CLA 的空气滤清器 A2468300018/2468300018。","3.5","","https://TH.xiapibuy.com/product/817430232/29270238835","汽车零部件","发动机零件","IVCN2025111470447","233569541845","相似款：https://detail.1688.com/offer/794255454276.html?fromkv=cbuPcPlugin:imageSearchDrawerCard&spm=a2639h.29135425.offerlist.i0&source=action%23offerItem%3Borigin%23shopee.co.th&amug_biz=oneself&amug_fl_src=awakeId_982","P0","07-17","233569541845","3.5","","20-40美金","20-40单","高价品"
"3","OKCATZONE 鲨鱼鳍天线汽车收音机 FM/AM 信号替换件","灰色的","3.5","https://cf.shopee.com.br/file/br-11134201-23030-aclz39s9pfove4","https://BR.xiapibuy.com/product/516437888/18175451725","汽车外饰配件","天线","IVCN2026061513005","221182352742","https://detail.1688.com/offer/939414996496.html?spm=a26352.b28411319/2508.0.0.f5971e62ms5Q3E","P0","07-17","221182352742","3.5","","20-40美金","20-40单","中价品"
"1","Hittime 通用汽车配件不锈钢氧传感器螺母焊接塞 M18x1.5 O2 传感器适配器弯头锯齿螺母塞 O4U5","默认值","3.49","https://cf.shopee.co.th/file/sg-11134201-7rffe-m4ehsbm1ly2wd9","https://TH.xiapibuy.com/product/1243399631/26922158088","汽车零部件","电子","IVCN2026051315227","99079298482","https://detail.1688.com/offer/673156630917.html?spm=a26352.b28411319.offerlist.109.254d1e62ccrZit","P1","07-17","99079298482","3.49","","20-40美金","20-40单","低价品"
"1","【热销】4件套碳纤维防撞条、门踏板保护贴纸、防撞门槛条贴纸、配件。","门还剩下8块零件。","3.48","https://cf.shopee.co.th/file/sg-11134201-7rdvv-lyn4usrl8rxe74","https://TH.xiapibuy.com/product/1008747866/25184453419","汽车外饰配件","门槛板","IVCN202604231921","246333607552","https://detail.1688.com/offer/682663765792.html?kj_agent_plugin=aliprice&fromkv=xytTrace:0bbb04ba17441080490292890e1295&token=DWctfwubotaI%2FjOMmIa8brjniOolAQhTLJMahwSQAAxuJLths2DjwY4ViI72u1VS","P1","07-17","246333607552","3.48","","20-40美金","20-40单","中价品"
"1","YAKO 车载手机支架,手机支架,可伸缩手机支架,重力车载支架,吸盘式,通用型手机支架。","✨ 旗舰店 ✨","3.46","https://cf.shopee.co.th/file/th-11134207-81ztm-mpc1hxwoe80fb0","https://TH.xiapibuy.com/product/1485613012/41960617759","汽车内饰配件","手机支架","IVCN202509127814","237975963699","https://detail.1688.com/offer/861282368116.html?spm=a26352.28064800.offerlist.106.32c01e6212X33L","P1","07-17","237975963699","3.46","","100-300美金","40-60单","低价品"
"1","TIRESTONE 高品质轮胎修补粘合剂可修补撕裂处、填补坑洼、修补裂缝,且不留白色残留物。","轮胎石牌胶水 50毫升","3.45","https://cf.shopee.co.th/file/th-11134207-7r98y-ltc6zypiw0oee3","https://TH.xiapibuy.com/product/27828363/25370987935","汽车保养","轮胎及轮毂保养","IVCN2026051314369","89535386981","","P1","07-17","89535386981","3.45","","20-40美金","20-40单","中价品"
"1","（新款）包含防水车牌框支架,防止泛黄,全新尺寸,适用于所有车型,包含安装螺丝。","1个正方形,1个长条形,新的","3.45","https://cf.shopee.vn/file/vn-11134207-81ztc-mq21trgm5l3g4a","https://VN.xiapibuy.com/product/48386099/5856389755","汽车外饰配件","车牌配件","IVCN202604230975","158340195170","相似款：https://detail.1688.com/offer/972484776001.html?kj_agent_plugin=aliprice&fromkv=xytTrace:0bab14ad17694846624844234e0da7&token=0jZHXcoPHYHkyECdEEPIA9VrAq9LVackWA6aGcLNeLKtVHa%2F4PM301uiJSbvcx3Q","P1","07-17","158340195170","3.45","","20-40美金","20-40单","中价品"
"1","通用型汽车安全带肩部保护垫 纯色毛绒防夹肩部保护垫 汽车内饰配件","黑色的","3.44","https://cf.shopee.com.my/file/sg-11134201-7rce7-ltas14rmk6ip83","https://MY.xiapibuy.com/product/240526202/25670801419","汽车内饰配件","座椅及座椅套","IVCN202607109774","236167480468","https://detail.1688.com/offer/745466862230.html?spm=a26352.b28411319.offerlist.6.6f5b1e62qDQgIC&cosite=-&tracelog=p4p&_p_isad=1&clickid=2dcb2a46acd246d48842280b9be23e4e&sessionid=c6a1ca49bfc0be4c8de82c79f6b02cc7","P1","07-17","236167480468","3.44","","20-40美金","20-40单","中价品"
"1","适用于大众 Polo 9N 2002-08 的 6q 6q0858719uma 汽车中控台托盘架储物盒隔间","适用于大众 Polo 9N 2002-08 的 6q 6q0858719uma 汽车中控台托盘架储物盒隔间","3.42","","https://BR.xiapibuy.com/product/601775765/25469660306","汽车内饰配件","收纳盒和隔层","IVCN2026031328068","222610953019","https://detail.1688.com/offer/921594969894.html?fromkv=cbuPcPlugin:imageSearchDrawerCard&spm=a2639h.29135425.offerlist.i2&source=action%23offerItem%3Borigin%23shopee.com.br&amug_biz=oneself&amug_fl_src=awakeId_982","P1","07-17","222610953019","3.42","","20-40美金","20-40单","高价品"
"1","三菱4/8件套门把手保护贴纸套装,适用于Xpander、Mirage、Lancer、Pajero、Kuda、Outlander车型","8 个把手 + 碗","3.41","https://cf.shopee.vn/file/ec5f54e3083a2cb294f689060e2556a1","https://VN.xiapibuy.com/product/463809239/11095253327","汽车外饰配件","贴纸、标志和徽章","IVCN202604231349","200103578339","https://detail.1688.com/offer/672750639496.html?fromkv=cbuPcPlugin:imageSearchDrawerCard&spm=a2639h.29135425.offerlist.i0&source=action%23offerItem%3Borigin%23shopee.vn&amug_biz=oneself&amug_fl_src=awakeId_982","P1","07-17","200103578339","3.41","","20-40美金","20-40单","中价品"
"2","可调节气门嘴,1 对,8 种颜色,90 度,适用于所有车型,螺纹式,铝制气门嘴,设计精美。","蓝色 - 1 双","3.4","https://cf.shopee.co.th/file/th-11134207-7rask-m188gnc9qzy939","https://TH.xiapibuy.com/product/966023962/27913758654","汽车零部件","轮胎及配件","IVCN2026071010846","256757699169","https://detail.1688.com/offer/592749669324.html?kj_agent_plugin=aliprice&fromkv=xytTrace:212b5ecd17568660401678417e0edd&token=BmOkREHHo2yiBZ5glEwhgBzeO2bl4ic7CMNqkxUMtRUF0ZuZ52XKA2kIt3l0D7tl","P1","07-17","256757699169","3.4","","20-40美金","20-40单","低价品"
"1","1个通用22mm汽车按钮式引擎盖锁销卡扣套件快速释放闩锁发动机引擎盖汽车配件HL-1001","银色","3.36","https://cf.shopee.com.my/file/cn-11134207-7r98o-llyjpwyr47voae","https://MY.xiapibuy.com/product/832864387/23655598791","汽车零部件","发动机零件","IVCN202606155945","49351862840","https://detail.1688.com/offer/803764619144.html?kj_agent_plugin=aliprice&fromkv=xytTrace:1","P1","07-17","49351862840","3.36","","20-40美金","20-40单","低价品"
"1","🔥2026新款,加厚牛津布🔥 HANFAN汽车罩,轿车罩,防晒防雨","轿车车型,600D,顶级车型。","3.36","https://cf.shopee.co.th/file/th-11134207-81ztj-meo1fdgmu1a96a","https://TH.xiapibuy.com/product/872428519/21350272125","汽车外饰配件","封面","IVCN2025111454461","39945619982","https://detail.1688.com/offer/573711793271.html?fromkv=cbuPcPlugin:imageSearchDrawerCard&spm=a2639h.29135425.offerlist.i1&source=action%23offerItem%3Borigin%23cf.shopee.co.th&amug_biz=oneself&amug_fl_src=awakeId_982","P1","07-17","39945619982","3.36","","40-60美金","20-40单","高价品"
"1","2英寸4Ω 20W高音单元,黑橙色。2英寸高音单元,HK品牌,2英寸高音扬声器,2英寸高音驱动单元。","2英寸 4Ω 20W + 3.3uf","3.34","https://cf.shopee.co.th/file/th-11134207-7rasa-m9xr56ltc8yo2b","https://TH.xiapibuy.com/product/368104632/18687292432","汽车内饰配件","功放、扬声器和低音炮","IVCN2026021115601","290110409275","相似款：https://detail.1688.com/offer/607732010695.html?kj_agent_plugin=aliprice&fromkv=xytTrace:0https://detail.1688.com/offer/536407359488.html?fromkv=cbuPcPlugin:imageSearchDrawerCard&spm=a2639h.29135425.offerlist.i0&source=action%23offerItem%3Borigin%23shopee.co.th&amug_biz=oneself&amug_fl_src=awakeId_982","P1","07-17","290110409275","3.34","","20-40美金","20-40单","低价品"
"1","MOTUS清洁刷,猪鬃刷套装,天然猪鬃刷套装,洗车套装","纯野猪鬃毛","3.3","https://cf.shopee.co.th/file/sg-11134201-7rdwx-lz1mzgj0fk9ue2","https://TH.xiapibuy.com/product/1269084543/29308131528","汽车保养","洗车和打蜡","IVCN202604231121","178362820902","https://detail.1688.com/offer/652173732792.html?spm=a26352.b28411319.offerlist.18.15681e62OLdSlo","P1","07-17","178362820902","3.3","","20-40美金","20-40单","低价品"
"1","新型带按钮的充气头,适用于便携式气泵、压缩机、轮胎充气嘴、气枪等。","空气加注口有一个阀门。","3.29","https://cf.shopee.co.th/file/sg-11134201-7qvf9-lgq99l98uepj3a","https://TH.xiapibuy.com/product/64409546/22342321617","汽车工具","轮胎压力检测器","IVCN202605132963","221598562749","https://detail.1688.com/offer/642582818771.html","P1","07-17","221598562749","3.29","","20-40美金","20-40单","低价品"
"1","（本地卖家）车载蓝牙接收器 AUX 蓝牙车载无线蓝牙 5.1EDR 免提 3.5mm AUX 音频接收器音频转换器","3.55毫米插头 蓝牙5.0","3.27","https://cf.shopee.ph/file/3e114bd13ada66af9e8a5bd530281de5","https://PH.xiapibuy.com/product/51683284/19027890748","汽车内饰配件","USB充电器、FM和蓝牙发射器","IVCN202602275393","88060117380","无同款","P1","07-17","88060117380","3.27","","20-40美金","20-40单","低价品"
"1","4个/2个车轮灯盖汽车车轮轮胎气门嘴LED灯盖配件,适用于自行车、汽车、摩托车","4个彩色灯","3.27","https://cf.shopee.ph/file/sg-11134201-7qvdl-ljzblgagbnfaac","https://PH.xiapibuy.com/product/476519279/22175718660","汽车零部件","轮胎及配件","IVCN2026041036627","184479676500","https://detail.1688.com/offer/754059153470.html?kj_agent_plugin=aliprice&fromkv=xytTrace:2166083e17508198331512677e1a55&token=YMydLJiC8aggyZ2rR3pdTsOOqqxkGSbgqvhGn3IL35ZOUsURBlhW%2FqfD8V5gWM8v","P1","07-17","184479676500","3.27","","20-40美金","20-40单","低价品"
"2","12/24V LED汽车卡车灯 RGB闪烁卡车LED灯条,适用于拖车、货车、房车装饰和行驶警示,5050SMD频闪流光LED灯条","24V,1.2M（1个）","3.26","","https://PH.xiapibuy.com/product/716742590/21778048854","汽车零部件","电子","IVCN2026051315351","231432840952","https://detail.1688.com/offer/750553579701.html?kj_agent_plugin=aliprice&fromkv=xytTrace:0bbb04ba17397814439468161e1529&token=Ay0OGFnO04VXfLFxHnNCnj48vq5Vjijk8HnPzsIFh2FiXwRBE7OQx3RrOSr8eGWx","P1","07-17","231432840952","3.26","","20-40美金","20-40单","中价品"
"1","【3-5天送达】汽车橡胶隔音垫 - 悬挂塔间隙 - 减震器衬套 - 前减震器轴承垫圈 - 汽车配件 - 自动衬套保护器","A-01,2件","3.26","https://cf.shopee.co.th/file/sg-11134201-7rfgs-m41eatalv2ci67","https://TH.xiapibuy.com/product/290989587/25689813035","汽车零部件","减震器、支柱和悬架","IVCN2026021111961","227199275483","https://detail.1688.com/offer/853299888767.html?fromkv=cbuPcPlugin:imageSearchDrawerCard&spm=a2639h.29135425.offerlist.i0&source=action%23offerItem%3Borigin%23cf.shopee.co.th&amug_biz=oneself&amug_fl_src=awakeId_982","P1","07-17","227199275483","3.26","","20-40美金","20-40单","低价品"
"3","OKCATZONE 鲨鱼鳍天线汽车收音机 FM/AM 信号替换件","所以","3.25","https://cf.shopee.com.br/file/br-11134201-23030-y79slhk9pfov4e","https://BR.xiapibuy.com/product/516437888/18175451725","汽车外饰配件","天线","IVCN2026061513005","221182352739","https://detail.1688.com/offer/722964601555.html?kj_agent_plugin=aliprice&fromkv=xytTrace:0","P1","07-17","221182352739","3.25","","20-40美金","20-40单","中价品"
"1","LIBITU 801E 防水玻璃涂层,120毫升。浓缩优质陶瓷配方,不含水。防止污垢和污渍附着。","801E2瓶","3.25","https://cf.shopee.co.th/file/th-11134207-7r992-m07jzp2edhp42b","https://TH.xiapibuy.com/product/1122085249/26361412345","汽车保养","玻璃护理和防水剂","IVCN2025091211122","178420475498","相似款：https://detail.1688.com/offer/974188399992.html?kj_agent_plugin=aliprice&fromkv=xytTrace:0","P1","07-17","178420475498","3.25","","20-40美金","20-40单","中价品"
"2","AFFOTOM 通用铝合金摩托车牌照盖,适用于新款 LTO 牌照尺寸,碳黑色","B 碳纤维","3.21","https://cf.shopee.ph/file/cn-11134207-820l4-mmskwctq1wcjbd","https://PH.xiapibuy.com/product/1598630545/41818308690","汽车外饰配件","车牌配件","IVCN202605135872","420063672940","https://detail.1688.com/offer/615037542757.html?spm=a26352.b28411319.offerlist.11.21ba1e62JoPOUp","P1","07-17","420063672940","3.21","","40-60美金","20-40单","低价品"
"1","适用于五十铃 Crosswind TFR Fuego Hilander Dmax 第一代车型的 PCV 阀,适用于以下发动机：4JA1 4JB1 4HF1 4HF2 4JH1","适用于五十铃 Crosswind TFR Fuego Hilander Dmax 第一代车型的 PCV 阀,适用于以下发动机：4JA1 4JB1 4HF1 4HF2 4JH1","3.2","","https://PH.xiapibuy.com/product/998494654/29054562596","汽车零部件","发动机零件","IVCN2026051322605","168292131206","https://detail.1688.com/offer/809279974580.html?kj_agent_plugin=aliprice&fromkv=xytTrace:0bbb04ba17513402615751910e0f5b&token=zl03mUCSLxeIjOPMDEanBJEM3Z%2BXPZEA2Urdb3M8jd%2BOkkEFD%2B4Sr6jSuAy0weKG","P0","07-17","168292131206","3.2","","20-40美金","20-40单","中价品"
"3","【限时特惠】2/4 件装硅胶防撞车门角保护器,适用于所有车型,汽车装饰配件","4 件丰田","3.14","https://cf.shopee.ph/file/sg-11134201-7qvev-lik1cxxps7lba8","https://PH.xiapibuy.com/product/883043611/22772273265","汽车外饰配件","其他的","IVCN2026061511015","186846954716","https://detail.1688.com/offer/861942662359.html?kj_agent_plugin=aliprice&fromkv=xytTrace%3A210702e017606056995573396e0ee9&token=9w2Sq%2FM1JFAxL0j6evqMNjZIKF5Bww1TzWkiQ7WqZmcCS4Ks1Tdf3o3YSTZhoe%2B%2F&tracelog=cps&clickid=a0bfc95b681153a395683d9bf56e26dc&targetUrl=https%3A%2F%2Fs.click.1688.com%2Ft%3Fe%3DA6FEAF87A2FCFBDD05C1BD6ABB449CE46147FC88EA630CBAC31FEFBD3966EDE4DF88C915D5486E33D1003E749B3EAAA5861098A75E16F4D226600F2847DABD1A5F0FFA4FF39BCCC320D4625E68D0D47AF6FEC9241CC79F982F2298161E9E1CDCDB60AFF2AC9E0259329AEACFFFDB7DB0751C655CEB7014B10B84164633612A627EEF6D6099BA67CE089F770C23C101B7550178F16577C86F82ACB57F89C822624F42A105716B24B970F908A69752D00C067100B278D2D9FD3BE854B27F84BC3C817EA04D51C50AF8666170A8F48EFCAABB1DC8A9EC74CC4AD2E9F4C35C2762623526E293C1EC700B%26cbu_cps_trace_flag%3Dwrite","P1","07-17","186846954716","3.14","","20-40美金","20-40单","中价品"
"1","铝制止回阀,单向,6-12 毫米,汽车、气管、水管用单向止回阀,安装简便。","10毫米","3.13","https://cf.shopee.co.th/file/sg-11134201-7rdxy-mclxswt74987cd","https://TH.xiapibuy.com/product/7462581/42260336558","汽车工具","测试、诊断和维修工具","IVCN202512092333","285868740807","https://detail.1688.com/offer/780755919722.html?kj_agent_plugin=aliprice&fromkv=xytTrace%3A212b5ecd17655116204614784e0ee7&token=IyRb2pA0AxjJHQcrL3UEUndhpbJ%2B%2FfQmhji9YP8kW5PTTNyjPA00XSvqaE93AMhA","P1","07-17","285868740807","3.13","","20-40美金","20-40单","低价品"
"1","汽车磁性遮阳帘","1个后窗","3.13","https://cf.shopee.com.br/file/cn-11134207-7ras8-md1sgplm07l56c","https://BR.xiapibuy.com/product/1003087068/24630568907","汽车内饰配件","遮阳罩和仪表盘罩","IVCN202512227758","236332187448","相似款：https://detail.1688.com/offer/803114972871.html?kj_agent_plugin=aliprice&fromkv=xytTrace:0bab14ad17661401129063629e0e6c&token=MkdKVhwPsGzZeIW1iIIG7aQBaIHPfiWHNHu5aLv3KEXCUMUANVR2I9JGv%2FoiXk7S","P1","07-17","236332187448","3.13","","20-40美金","20-40单","中价品"
"1","🚀买一送一🚀【享受与豪华车相同的效果】汽车亮光水晶电镀液/汽车塑料翻新剂老化修复剂/防止变色污垢持久保护防水涂层抛光蜡/Cecair Salutan Gloss Kereta","买二送二","3.12","https://cf.shopee.com.my/file/sg-11134201-8262y-mlzpbu6rdgjz66","https://MY.xiapibuy.com/product/1195229206/40500133339","汽车保养","抛光剂、涂层和密封剂","IVCN2026051312803","285010932650","https://detail.1688.com/offer/954132906608.html?kj_agent_plugin=aliprice&fromkv=xytTrace:0b5681be17678587656591353e0da2&token=JwO6RmrAVwvh22wUtaiMkJtbe6%2BE9UP%2FQ3DYjUlbjxBJTEc59Rt9xN%2F%2FxJKqvq2p","P0","07-17","285010932650","3.12","","20-40美金","20-40单","中价品"
"1","无线LED车载吸顶灯,带遥控器,氛围灯,自动装饰,吸顶式安装,电池供电,彩色","2 个灯泡,1 个控制器","3.12","https://cf.shopee.com.br/file/cn-11134207-7r98o-lwfgwq99l0dfb0","https://BR.xiapibuy.com/product/955769907/22692211673","汽车零部件","电子","IVCN2026051324473","189152543966","https://detail.1688.com/offer/706466914595.html?kj_agent_plugin=aliprice&fromkv=xytTrace:0","P1","07-17","189152543966","3.12","","20-40美金","20-40单","中价品"
"1","2024新款通用型12V/24V通用Nhay 3+Pro音乐快速继电器,适用于卡车、汽车喇叭电机调谐盒","2024新款通用型12V/24V通用Nhay 3+Pro音乐快速继电器,适用于卡车、汽车喇叭电机调谐盒","3.1","","https://PH.xiapibuy.com/product/1192830820/29305097840","汽车外饰配件","喇叭和配件","IVCN202508288222","241180698217","https://detail.1688.com/offer/793721185810.html?kj_agent_plugin=aliprice&fromkv=xytTrace:0","P1","07-17","241180698217","3.1","","20-40美金","20-40单","中价品"
"2","2个BA15S BAU15S 1156 1157 T20 7440 W21W W21/5W PY21W P21W LED转向灯CanBus琥珀色/红色/白色刹车/倒车/转向灯144 SMD","T15 W16W,琥珀黄","3.1","https://cf.shopee.ph/file/sg-11134201-7qvec-lfwfvfcvfn9d3f","https://PH.xiapibuy.com/product/519481632/20179127924","汽车零部件","电子","IVCN2026061512499","214248672126","https://detail.1688.com/offer/609855909958.html?kj_agent_plugin=aliprice&fromkv=xytTrace:212b969a17513532826545249e0daf&token=y83caVU4jChAu%2Blx%2FkWhMmXxgYGKvcYPQRf2XDLuONPfI0nnFP6Lr9GSZkboDNl7","P0","07-17","214248672126","3.1","","20-40美金","20-40单","低价品"
"4","通用型车载风扇 12V/24V 电动三头汽车风扇 360° 可调风量 低噪音","2个12V黄色风扇","3.07","https://cf.shopee.ph/file/ph-11134207-7qul5-lfteavcv4qyg62","https://PH.xiapibuy.com/product/335188817/21060078268","汽车内饰配件","其他的","IVCN202606157145","193063701503","https://detail.1688.com/offer/641076443112.html","P1","07-17","193063701503","3.07","","40-60美金","20-40单","中价品"
"1","汽车挡泥板保险杠保护垫,1.5米/套,PVC材质,耐刮擦、耐磨损,A","所以","3.04","https://cf.shopee.com.br/file/cn-11134207-820l4-mdzevqubiznk7f","https://BR.xiapibuy.com/product/1408761039/42515666714","汽车外饰配件","其他的","IVCN2026071011072","266290273329","https://detail.1688.com/offer/741438880328.html?spm=a26352.b28411319/2508.0.0","P0","07-17","266290273329","3.04","","20-40美金","20-40单","高价品"
"1","汽车专用降噪、除臭、防水橡胶密封条。""高品质加厚20毫米版本。""","1米长","3.02","","https://TH.xiapibuy.com/product/37185045/2296469426","汽车零部件","其他的","IVCN202604231697","230519704476","相似款：https://detail.1688.com/offer/900583605074.html?kj_agent_plugin=aliprice&fromkv=xytTrace:2154647417611185886276780e0cad&token=D11SkgmVicMyJw6AUcw9oMBGqvpndLMxjhTPwiDAjDWfIjc4DgWr4LQFbOt9XODB","P1","07-17","230519704476","3.02","","20-40美金","20-40单","中价品"
"1","适用于 W212、W204 和 C207 的汽车机油滤清器 2711800509 和 2711840425","一个","3.01","https://cf.shopee.co.th/file/sg-11134201-7rcdr-lsjcjb05r9xsed","https://TH.xiapibuy.com/product/903834132/24916953542","汽车外饰配件","其他的","IVCN2026061511445","194946479225","https://detail.1688.com/offer/918552211450.html?kj_agent_plugin=aliprice&fromkv=xytTrace:210702e017695045984233141e0e22&token=vlntLJ%2FdcNdKh25vlzQWTvRrsj4EMBjqUeWbW7o6PU7t1oOqf4RHONHHttCI%2FeJ2","P1","07-17","194946479225","3.01","","20-40美金","20-40单","低价品"
"1","100个汽车紧固件 车门车窗密封条 挡风雨条固定夹","100个汽车紧固件 车门车窗密封条 挡风雨条固定夹","3","","https://PH.xiapibuy.com/product/212420707/7917559828","汽车零部件","其他的","IVCN202512229312","62045432234","https://detail.1688.com/offer/708125267333.html?kj_agent_plugin=aliprice&fromkv=xytTrace:0","P0","07-17","62045432234","3","","20-40美金","20-40单","低价品"
"1","1/4 件装大众汽车保险杠橡胶门保护条,适用于大众 Polo UP T Cross Saveiro Nivus Golf","大众汽车 - 黑色,4 件装","3","https://cf.shopee.com.br/file/sg-11134201-7rdvc-mcuab2duz2v037","https://BR.xiapibuy.com/product/533412247/40011145009","汽车外饰配件","贴纸、标志和徽章","IVCN2026051313673","290931889225","https://detail.1688.com/offer/996146436172.html?fromkv=cbuPcPlugin:imageSearchDrawerCard&spm=a2639h.29135425.offerlist.i36&source=action%23offerItem%3Borigin%23cf.shopee.com.br&amug_biz=oneself&amug_fl_src=awakeId_982","P0","07-17","290931889225","3","","20-40美金","20-40单","高价品"
"1","RAYS VOLK RACING 4X4 轮毂盖（仅适用于 106mm - 100mm 轮毂）,镀镍或镀铬/青铜色（1 个）CB106.1","镀铬,1 件","3","https://cf.shopee.ph/file/cn-11134207-7r98o-lys8sdk5mtgi14","https://PH.xiapibuy.com/product/610754618/29016476622","汽车零部件","车轮、轮辋及配件","IVCN2025111474429","256947201564","相似款：https://detail.1688.com/offer/630176876931.html?kj_agent_plugin=aliprice&fromkv=xytTrace:0","P0","07-17","256947201564","3","","20-40美金","20-40单","高价品"
"1","LED氛围灯 DC12V 或 DC24V 卡车侧灯 室内灯 超亮防水警示转向灯","冰蓝色,DC12V & 10个","3","https://cf.shopee.ph/file/cn-11134207-7r98o-lvodiukaq15ad8","https://PH.xiapibuy.com/product/71005432/29900834632","汽车零部件","电子","IVCN2026051320463","255886370330","https://detail.1688.com/offer/807570781860.html","P0","07-17","255886370330","3","","20-40美金","20-40单","低价品"
"1","适用于 2006-2019 款斯巴鲁森林人、翼豹、WRX、STi、力狮的轮毂螺栓螺柱和螺母套装,轮胎螺栓轮毂螺母,零件号 28365FE001 和 28171AJ000","适用于 2006-2019 款斯巴鲁森林人、翼豹、WRX、STi、力狮的轮毂螺栓螺柱和螺母套装,轮胎螺栓轮毂螺母,零件号 28365FE001 和 28171AJ000","3","","https://PH.xiapibuy.com/product/955835210/25379394247","汽车零部件","车轮、轮辋及配件","IVCN2025091210288","236313999984","相似款：https://detail.1688.com/offer/874095765433.html?spm=a26352.b28411319/2508.0.0.2f561e62z9lsUs","P0","07-17","236313999984","3","","20-40美金","20-40单","低价品"
"1","12V LED 日间行车灯,带流水转向灯,黄色,防水,易于安装,有多种尺寸（17-34 厘米）可供选择,适用于所有类型的车辆。","白色和黄色,23.5厘米","3","https://cf.shopee.co.th/file/sg-11134201-7reo8-m1rymmz3i087bf","https://TH.xiapibuy.com/product/955835605/27065458739","汽车零部件","电子","IVCN2026071010996","233374469529","https://detail.1688.com/offer/773257553627.html?spm=a26352.b28411319.offerlist.1.69631e62T54Iqr","P1","07-17","233374469529","3","","20-40美金","20-40单","中价品"
"1","定制空调软管（隐藏式,适用于改装中冷器）五十铃 D-MAX 共轨 2006-2011（100% 普利司通软管）","三条细线,中间加一个H。","3","https://cf.shopee.co.th/file/th-11134207-7r98x-lo1zcvb0qpm86d","https://TH.xiapibuy.com/product/48647477/22179941404","汽车零部件","发动机零件","IVCN202605133593","225800634422","相似款：https://detail.1688.com/offer/755465709887.html?fromkv=cbuPcPlugin:imageSearchDrawerCard&spm=a2639h.29135425.offerlist.i0&source=action%23offerItem%3Borigin%23cf.shopee.co.th&amug_biz=oneself&amug_fl_src=awakeId_982","P0","07-17","225800634422","3","","20-40美金","20-40单","高价品"
"1","比亚迪 ATTO 3 海豚密封雨刮片,汽车前挡风玻璃雨刮器,1 件装,现货供应。","DOLPHIN2021 - 最新年份","3","https://cf.shopee.co.th/file/sg-11134201-7reph-m91ndorykj367e","https://TH.xiapibuy.com/product/1496271346/28585039298","汽车零部件","挡风玻璃雨刮器和清洗器","IVCN202605132483","216039278334","https://detail.1688.com/offer/642493376641.html?kj_agent_plugin=aliprice&fromkv=xytTrace:0b0b3a8117580893090067322e1014&token=DbLtc9O0qyOh1AUzC9tz9Q79mpF4jL2jL3YpbnDfGfbJbZHaA2A2XnukdAbIYGLk","P0","07-17","216039278334","3","","20-40美金","20-40单","低价品"
"1","1 x 三菱汽车方向盘ABS标志贴纸","铬合金","3","https://cf.shopee.ph/file/640605f595d98f25aad3a440459c7f66","https://PH.xiapibuy.com/product/90381740/10947702201","汽车内饰配件","方向盘及方向盘套","IVCN202607109126","172579931770","https://detail.1688.com/offer/903673105198.html?kj_agent_plugin=aliprice&fromkv=xytTrace:2","P0","07-17","172579931770","3","","20-40美金","20-40单","低价品"
"3","碳纤维纹理长城欧拉5 ABS塑料门槛条。耐刮擦、耐磨损。易于自行安装。汽车配件。经久耐用。高品质。","4 个外片","2.5","https://cf.shopee.co.th/file/sg-11134201-81zti-mmye10bm5fk616","https://TH.xiapibuy.com/product/1738000430/43779981433","汽车外饰配件","门槛板","IVCN2026071011036","297529086555","相似款：https://detail.1688.com/offer/989538173463.html?fromkv=cbuPcPlugin:imageSearchDrawerCard&spm=a2639h.29135425.offerlist.i5&source=action%23offerItem%3Borigin%23cf.shopee.co.th&amug_biz=oneself&amug_fl_src=awakeId_982","P0","07-17","297529086555","2.5","","20-40美金","20-40单","高价品"
"3","碳纤维纹理长城欧拉5 ABS塑料门槛条。耐刮擦、耐磨损。易于自行安装。汽车配件。经久耐用。高品质。","内含4件","2.5","https://cf.shopee.co.th/file/sg-11134201-81zvi-mmye0zo37sox63","https://TH.xiapibuy.com/product/1738000430/43779981433","汽车外饰配件","门槛板","IVCN2026071011036","297529086554","相似款：https://detail.1688.com/offer/989538173463.html?fromkv=cbuPcPlugin:imageSearchDrawerCard&spm=a2639h.29135425.offerlist.i5&source=action%23offerItem%3Borigin%23cf.shopee.co.th&amug_biz=oneself&amug_fl_src=awakeId_982","P0","07-17","297529086554","2.5","","100-300美金","20-40单","高价品"
"2","GWM ORA 5 EV 门槛条、汽车门防尘贴纸、皮革保护产品、汽车造型套件、汽车改色配件。","内含 4 件","2","https://cf.shopee.co.th/file/sg-11134201-82620-mm74w310bith85","https://TH.xiapibuy.com/product/1509548725/47207621460","汽车外饰配件","门槛板","IVCN202607108378","350676976087","相似款：https://detail.1688.com/offer/895798110952.html?fromkv=cbuPcPlugin:imageSearchDrawerCard&spm=a2639h.29135425.offerlist.i1&source=action%23offerItem%3Borigin%23cf.shopee.co.th&amug_biz=oneself&amug_fl_src=awakeId_982","P0","07-17","350676976087","2","","20-40美金","20-40单","高价品"